[2025-10-02 13:15:04,688.688] DEBUG    [MainThread|MainProcess] logger (logger.py:setup_logging:259) | 日志系统初始化
[2025-10-02 13:15:04,690.690] DEBUG    [MainThread|MainProcess] Config (config.py:load:353) | 从 D:\my_project\QQBot\config.yaml 加载配置
[2025-10-02 13:15:04,691.691] WARNING  [MainThread|MainProcess] Config (config.py:create_from_file:304) | [setting] 未知配置项: bot_id
[2025-10-02 13:15:04,691.691] WARNING  [MainThread|MainProcess] Config (config.py:create_from_file:304) | [setting] 未知配置项: root_id
[2025-10-02 13:15:04,691.691] WARNING  [MainThread|MainProcess] Config (config.py:create_from_file:304) | [setting] 未知配置项: bot_name
[2025-10-02 13:15:04,691.691] WARNING  [MainThread|MainProcess] Config (config.py:create_from_file:304) | [setting] 未知配置项: host
[2025-10-02 13:15:04,691.691] WARNING  [MainThread|MainProcess] Config (config.py:create_from_file:304) | [setting] 未知配置项: user
[2025-10-02 13:15:04,691.691] WARNING  [MainThread|MainProcess] Config (config.py:create_from_file:304) | [setting] 未知配置项: password
[2025-10-02 13:15:04,691.691] WARNING  [MainThread|MainProcess] Config (config.py:create_from_file:304) | [setting] 未知配置项: database
[2025-10-02 13:15:04,691.691] WARNING  [MainThread|MainProcess] Config (config.py:create_from_file:304) | [setting] 未知配置项: gaode_map_key
[2025-10-02 13:15:04,691.691] WARNING  [MainThread|MainProcess] Config (config.py:create_from_file:304) | [setting] 未知配置项: crawl_interval
[2025-10-02 13:15:04,776.776] INFO     [MainThread|MainProcess] Config (config.py:validate_config:339) | [BOTQQ]: 3909177943 | [WSURI]: ws://localhost:3001 | [WS_TOKEN]: ncatbot | [ROOT]: 1633360356 | [WEBUI]: http://localhost:6099 | [WEBUI_TOKEN]: napcat
[2025-10-02 13:15:04,847.847] INFO     [Thread-4 (runner)|MainProcess] PluginLoader (loader.py:load_builtin_plugins:251) | 已加载内置插件数 [2]
[2025-10-02 13:15:04,847.847] INFO     [Thread-4 (runner)|MainProcess] PluginLoader (loader.py:load_plugins:265) | 从 D:\my_project\QQBot\plugins 导入插件
[2025-10-02 13:15:04,856.856] INFO     [Thread-4 (runner)|MainProcess] PackageHelper (packhelper.py:ensure:22) | 缺失包 PyMySQL，开始安装
[2025-10-02 13:15:06,593.593] INFO     [Thread-4 (runner)|MainProcess] PackageHelper (packhelper.py:ensure:32) | 依赖已满足: pyyaml
[2025-10-02 13:15:06,594.594] INFO     [Thread-4 (runner)|MainProcess] PackageHelper (packhelper.py:ensure:22) | 缺失包 request，开始安装
[2025-10-02 13:16:45,243.243] DEBUG    [MainThread|MainProcess] logger (logger.py:setup_logging:259) | 日志系统初始化
[2025-10-02 13:16:45,245.245] DEBUG    [MainThread|MainProcess] Config (config.py:load:353) | 从 D:\my_project\QQBot\config.yaml 加载配置
[2025-10-02 13:16:45,246.246] WARNING  [MainThread|MainProcess] Config (config.py:create_from_file:304) | [setting] 未知配置项: bot_id
[2025-10-02 13:16:45,246.246] WARNING  [MainThread|MainProcess] Config (config.py:create_from_file:304) | [setting] 未知配置项: root_id
[2025-10-02 13:16:45,246.246] WARNING  [MainThread|MainProcess] Config (config.py:create_from_file:304) | [setting] 未知配置项: bot_name
[2025-10-02 13:16:45,246.246] WARNING  [MainThread|MainProcess] Config (config.py:create_from_file:304) | [setting] 未知配置项: host
[2025-10-02 13:16:45,246.246] WARNING  [MainThread|MainProcess] Config (config.py:create_from_file:304) | [setting] 未知配置项: user
[2025-10-02 13:16:45,246.246] WARNING  [MainThread|MainProcess] Config (config.py:create_from_file:304) | [setting] 未知配置项: password
[2025-10-02 13:16:45,246.246] WARNING  [MainThread|MainProcess] Config (config.py:create_from_file:304) | [setting] 未知配置项: database
[2025-10-02 13:16:45,246.246] WARNING  [MainThread|MainProcess] Config (config.py:create_from_file:304) | [setting] 未知配置项: gaode_map_key
[2025-10-02 13:16:45,246.246] WARNING  [MainThread|MainProcess] Config (config.py:create_from_file:304) | [setting] 未知配置项: crawl_interval
[2025-10-02 13:16:45,304.304] INFO     [MainThread|MainProcess] Config (config.py:validate_config:339) | [BOTQQ]: 3909177943 | [WSURI]: ws://localhost:3001 | [WS_TOKEN]: ncatbot | [ROOT]: 1633360356 | [WEBUI]: http://localhost:6099 | [WEBUI_TOKEN]: napcat
[2025-10-02 13:16:45,353.353] INFO     [Thread-4 (runner)|MainProcess] PluginLoader (loader.py:load_builtin_plugins:251) | 已加载内置插件数 [2]
[2025-10-02 13:16:45,353.353] INFO     [Thread-4 (runner)|MainProcess] PluginLoader (loader.py:load_plugins:265) | 从 D:\my_project\QQBot\plugins 导入插件
[2025-10-02 13:16:45,359.359] INFO     [Thread-4 (runner)|MainProcess] PackageHelper (packhelper.py:ensure:32) | 依赖已满足: PyMySQL
[2025-10-02 13:16:45,360.360] INFO     [Thread-4 (runner)|MainProcess] PackageHelper (packhelper.py:ensure:32) | 依赖已满足: pyyaml
[2025-10-02 13:16:45,360.360] INFO     [Thread-4 (runner)|MainProcess] PackageHelper (packhelper.py:ensure:22) | 缺失包 request，开始安装
[2025-10-02 13:20:05,366.366] DEBUG    [MainThread|MainProcess] logger (logger.py:setup_logging:259) | 日志系统初始化
[2025-10-02 13:20:05,368.368] DEBUG    [MainThread|MainProcess] Config (config.py:load:353) | 从 D:\my_project\QQBot\config.yaml 加载配置
[2025-10-02 13:20:05,369.369] WARNING  [MainThread|MainProcess] Config (config.py:create_from_file:304) | [setting] 未知配置项: bot_id
[2025-10-02 13:20:05,369.369] WARNING  [MainThread|MainProcess] Config (config.py:create_from_file:304) | [setting] 未知配置项: root_id
[2025-10-02 13:20:05,369.369] WARNING  [MainThread|MainProcess] Config (config.py:create_from_file:304) | [setting] 未知配置项: bot_name
[2025-10-02 13:20:05,369.369] WARNING  [MainThread|MainProcess] Config (config.py:create_from_file:304) | [setting] 未知配置项: host
[2025-10-02 13:20:05,369.369] WARNING  [MainThread|MainProcess] Config (config.py:create_from_file:304) | [setting] 未知配置项: user
[2025-10-02 13:20:05,370.370] WARNING  [MainThread|MainProcess] Config (config.py:create_from_file:304) | [setting] 未知配置项: password
[2025-10-02 13:20:05,370.370] WARNING  [MainThread|MainProcess] Config (config.py:create_from_file:304) | [setting] 未知配置项: database
[2025-10-02 13:20:05,370.370] WARNING  [MainThread|MainProcess] Config (config.py:create_from_file:304) | [setting] 未知配置项: gaode_map_key
[2025-10-02 13:20:05,370.370] WARNING  [MainThread|MainProcess] Config (config.py:create_from_file:304) | [setting] 未知配置项: crawl_interval
[2025-10-02 13:20:05,424.424] INFO     [MainThread|MainProcess] Config (config.py:validate_config:339) | [BOTQQ]: 3909177943 | [WSURI]: ws://localhost:3001 | [WS_TOKEN]: ncatbot | [ROOT]: 1633360356 | [WEBUI]: http://localhost:6099 | [WEBUI_TOKEN]: napcat
[2025-10-02 13:20:05,473.473] INFO     [Thread-4 (runner)|MainProcess] PluginLoader (loader.py:load_builtin_plugins:251) | 已加载内置插件数 [2]
[2025-10-02 13:20:05,473.473] INFO     [Thread-4 (runner)|MainProcess] PluginLoader (loader.py:load_plugins:265) | 从 D:\my_project\QQBot\plugins 导入插件
[2025-10-02 13:20:05,479.479] INFO     [Thread-4 (runner)|MainProcess] PackageHelper (packhelper.py:ensure:32) | 依赖已满足: PyMySQL
[2025-10-02 13:20:05,479.479] INFO     [Thread-4 (runner)|MainProcess] PackageHelper (packhelper.py:ensure:32) | 依赖已满足: pyyaml
[2025-10-02 13:20:05,480.480] INFO     [Thread-4 (runner)|MainProcess] PackageHelper (packhelper.py:ensure:22) | 缺失包 request，开始安装
[2025-10-02 13:22:12,247.247] DEBUG    [MainThread|MainProcess] logger (logger.py:setup_logging:259) | 日志系统初始化
[2025-10-02 13:22:12,248.248] DEBUG    [MainThread|MainProcess] Config (config.py:load:353) | 从 D:\my_project\QQBot\config.yaml 加载配置
[2025-10-02 13:22:12,249.249] WARNING  [MainThread|MainProcess] Config (config.py:create_from_file:304) | [setting] 未知配置项: bot_id
[2025-10-02 13:22:12,249.249] WARNING  [MainThread|MainProcess] Config (config.py:create_from_file:304) | [setting] 未知配置项: root_id
[2025-10-02 13:22:12,249.249] WARNING  [MainThread|MainProcess] Config (config.py:create_from_file:304) | [setting] 未知配置项: bot_name
[2025-10-02 13:22:12,249.249] WARNING  [MainThread|MainProcess] Config (config.py:create_from_file:304) | [setting] 未知配置项: host
[2025-10-02 13:22:12,249.249] WARNING  [MainThread|MainProcess] Config (config.py:create_from_file:304) | [setting] 未知配置项: user
[2025-10-02 13:22:12,249.249] WARNING  [MainThread|MainProcess] Config (config.py:create_from_file:304) | [setting] 未知配置项: password
[2025-10-02 13:22:12,249.249] WARNING  [MainThread|MainProcess] Config (config.py:create_from_file:304) | [setting] 未知配置项: database
[2025-10-02 13:22:12,249.249] WARNING  [MainThread|MainProcess] Config (config.py:create_from_file:304) | [setting] 未知配置项: gaode_map_key
[2025-10-02 13:22:12,249.249] WARNING  [MainThread|MainProcess] Config (config.py:create_from_file:304) | [setting] 未知配置项: crawl_interval
[2025-10-02 13:22:12,306.306] INFO     [MainThread|MainProcess] Config (config.py:validate_config:339) | [BOTQQ]: 3909177943 | [WSURI]: ws://localhost:3001 | [WS_TOKEN]: ncatbot | [ROOT]: 1633360356 | [WEBUI]: http://localhost:6099 | [WEBUI_TOKEN]: napcat
[2025-10-02 13:22:12,352.352] INFO     [Thread-4 (runner)|MainProcess] PluginLoader (loader.py:load_builtin_plugins:251) | 已加载内置插件数 [2]
[2025-10-02 13:22:12,352.352] INFO     [Thread-4 (runner)|MainProcess] PluginLoader (loader.py:load_plugins:265) | 从 D:\my_project\QQBot\plugins 导入插件
[2025-10-02 13:22:12,357.357] INFO     [Thread-4 (runner)|MainProcess] PackageHelper (packhelper.py:ensure:32) | 依赖已满足: PyMySQL
[2025-10-02 13:22:12,358.358] INFO     [Thread-4 (runner)|MainProcess] PackageHelper (packhelper.py:ensure:32) | 依赖已满足: pyyaml
[2025-10-02 13:22:12,358.358] INFO     [Thread-4 (runner)|MainProcess] PackageHelper (packhelper.py:ensure:32) | 依赖已满足: requests
[2025-10-02 13:22:13,498.498] ERROR    [Thread-4 (runner)|MainProcess] PluginLoader (loader.py:_import_single:92) | 导入模块 DailyMusic 时出错: cannot import name 'Music' from 'ncatbot.core' (D:\my_project\QQBot\.venv\Lib\site-packages\ncatbot\core\__init__.py)
[2025-10-02 13:31:01,492.492] DEBUG    [MainThread|MainProcess] logger (logger.py:setup_logging:259) | 日志系统初始化
[2025-10-02 13:31:01,494.494] DEBUG    [MainThread|MainProcess] Config (config.py:load:353) | 从 D:\my_project\QQBot\config.yaml 加载配置
[2025-10-02 13:31:01,495.495] WARNING  [MainThread|MainProcess] Config (config.py:create_from_file:304) | [setting] 未知配置项: bot_id
[2025-10-02 13:31:01,495.495] WARNING  [MainThread|MainProcess] Config (config.py:create_from_file:304) | [setting] 未知配置项: root_id
[2025-10-02 13:31:01,495.495] WARNING  [MainThread|MainProcess] Config (config.py:create_from_file:304) | [setting] 未知配置项: bot_name
[2025-10-02 13:31:01,495.495] WARNING  [MainThread|MainProcess] Config (config.py:create_from_file:304) | [setting] 未知配置项: host
[2025-10-02 13:31:01,495.495] WARNING  [MainThread|MainProcess] Config (config.py:create_from_file:304) | [setting] 未知配置项: user
[2025-10-02 13:31:01,495.495] WARNING  [MainThread|MainProcess] Config (config.py:create_from_file:304) | [setting] 未知配置项: password
[2025-10-02 13:31:01,495.495] WARNING  [MainThread|MainProcess] Config (config.py:create_from_file:304) | [setting] 未知配置项: database
[2025-10-02 13:31:01,495.495] WARNING  [MainThread|MainProcess] Config (config.py:create_from_file:304) | [setting] 未知配置项: gaode_map_key
[2025-10-02 13:31:01,495.495] WARNING  [MainThread|MainProcess] Config (config.py:create_from_file:304) | [setting] 未知配置项: crawl_interval
[2025-10-02 13:31:01,548.548] INFO     [MainThread|MainProcess] Config (config.py:validate_config:339) | [BOTQQ]: 3909177943 | [WSURI]: ws://localhost:3001 | [WS_TOKEN]: ncatbot | [ROOT]: 1633360356 | [WEBUI]: http://localhost:6099 | [WEBUI_TOKEN]: napcat
[2025-10-02 13:31:01,592.592] INFO     [Thread-4 (runner)|MainProcess] PluginLoader (loader.py:load_builtin_plugins:251) | 已加载内置插件数 [2]
[2025-10-02 13:31:01,592.592] INFO     [Thread-4 (runner)|MainProcess] PluginLoader (loader.py:load_plugins:265) | 从 D:\my_project\QQBot\plugins 导入插件
[2025-10-02 13:31:01,597.597] INFO     [Thread-4 (runner)|MainProcess] PackageHelper (packhelper.py:ensure:32) | 依赖已满足: PyMySQL
[2025-10-02 13:31:01,598.598] INFO     [Thread-4 (runner)|MainProcess] PackageHelper (packhelper.py:ensure:32) | 依赖已满足: pyyaml
[2025-10-02 13:31:01,598.598] INFO     [Thread-4 (runner)|MainProcess] PackageHelper (packhelper.py:ensure:32) | 依赖已满足: requests
[2025-10-02 13:31:01,690.690] INFO     [Thread-6 (run_async_task)|MainProcess] Config (config.py:validate_config:339) | [BOTQQ]: 3909177943 | [WSURI]: ws://localhost:3001 | [WS_TOKEN]: ncatbot | [ROOT]: 1633360356 | [WEBUI]: http://localhost:6099 | [WEBUI_TOKEN]: napcat
[2025-10-02 13:31:01,693.693] INFO     [Thread-8 (runner)|MainProcess] PluginLoader (loader.py:load_builtin_plugins:251) | 已加载内置插件数 [2]
[2025-10-02 13:31:01,693.693] INFO     [Thread-8 (runner)|MainProcess] PluginLoader (loader.py:load_plugins:265) | 从 D:\my_project\QQBot\plugins 导入插件
[2025-10-02 13:31:01,694.694] INFO     [Thread-8 (runner)|MainProcess] PackageHelper (packhelper.py:ensure:32) | 依赖已满足: PyMySQL
[2025-10-02 13:31:01,695.695] INFO     [Thread-8 (runner)|MainProcess] PackageHelper (packhelper.py:ensure:32) | 依赖已满足: pyyaml
[2025-10-02 13:31:01,696.696] INFO     [Thread-8 (runner)|MainProcess] PackageHelper (packhelper.py:ensure:32) | 依赖已满足: requests
[2025-10-02 13:32:31,697.697] ERROR    [Thread-4 (runner)|MainProcess] NcatBotError (error.py:__init__:9) | Bot 启动超时
[2025-10-02 13:32:31,698.698] ERROR    [Thread-4 (runner)|MainProcess] PluginLoader (loader.py:_import_single:92) | 导入模块 DailyMusic 时出错: Bot 启动超时
[2025-10-02 13:32:31,700.700] INFO     [Thread-11 (run_async_task)|MainProcess] Config (config.py:validate_config:339) | [BOTQQ]: 3909177943 | [WSURI]: ws://localhost:3001 | [WS_TOKEN]: ncatbot | [ROOT]: 1633360356 | [WEBUI]: http://localhost:6099 | [WEBUI_TOKEN]: napcat
[2025-10-02 13:32:52,528.528] DEBUG    [MainThread|MainProcess] logger (logger.py:setup_logging:259) | 日志系统初始化
[2025-10-02 13:32:52,529.529] DEBUG    [MainThread|MainProcess] Config (config.py:load:353) | 从 D:\my_project\QQBot\config.yaml 加载配置
[2025-10-02 13:32:52,530.530] WARNING  [MainThread|MainProcess] Config (config.py:create_from_file:304) | [setting] 未知配置项: bot_id
[2025-10-02 13:32:52,530.530] WARNING  [MainThread|MainProcess] Config (config.py:create_from_file:304) | [setting] 未知配置项: root_id
[2025-10-02 13:32:52,530.530] WARNING  [MainThread|MainProcess] Config (config.py:create_from_file:304) | [setting] 未知配置项: bot_name
[2025-10-02 13:32:52,530.530] WARNING  [MainThread|MainProcess] Config (config.py:create_from_file:304) | [setting] 未知配置项: host
[2025-10-02 13:32:52,530.530] WARNING  [MainThread|MainProcess] Config (config.py:create_from_file:304) | [setting] 未知配置项: user
[2025-10-02 13:32:52,530.530] WARNING  [MainThread|MainProcess] Config (config.py:create_from_file:304) | [setting] 未知配置项: password
[2025-10-02 13:32:52,530.530] WARNING  [MainThread|MainProcess] Config (config.py:create_from_file:304) | [setting] 未知配置项: database
[2025-10-02 13:32:52,530.530] WARNING  [MainThread|MainProcess] Config (config.py:create_from_file:304) | [setting] 未知配置项: gaode_map_key
[2025-10-02 13:32:52,530.530] WARNING  [MainThread|MainProcess] Config (config.py:create_from_file:304) | [setting] 未知配置项: crawl_interval
[2025-10-02 13:32:52,584.584] INFO     [MainThread|MainProcess] Config (config.py:validate_config:339) | [BOTQQ]: 3909177943 | [WSURI]: ws://localhost:3001 | [WS_TOKEN]: ncatbot | [ROOT]: 1633360356 | [WEBUI]: http://localhost:6099 | [WEBUI_TOKEN]: napcat
[2025-10-02 13:32:52,627.627] INFO     [Thread-4 (runner)|MainProcess] PluginLoader (loader.py:load_builtin_plugins:251) | 已加载内置插件数 [2]
[2025-10-02 13:32:52,627.627] INFO     [Thread-4 (runner)|MainProcess] PluginLoader (loader.py:load_plugins:265) | 从 D:\my_project\QQBot\plugins 导入插件
[2025-10-02 13:32:52,632.632] INFO     [Thread-4 (runner)|MainProcess] PackageHelper (packhelper.py:ensure:32) | 依赖已满足: PyMySQL
[2025-10-02 13:32:52,633.633] INFO     [Thread-4 (runner)|MainProcess] PackageHelper (packhelper.py:ensure:32) | 依赖已满足: pyyaml
[2025-10-02 13:32:52,633.633] INFO     [Thread-4 (runner)|MainProcess] PackageHelper (packhelper.py:ensure:32) | 依赖已满足: requests
[2025-10-02 13:32:52,721.721] INFO     [Thread-6 (run_async_task)|MainProcess] Config (config.py:validate_config:339) | [BOTQQ]: 3909177943 | [WSURI]: ws://localhost:3001 | [WS_TOKEN]: ncatbot | [ROOT]: 1633360356 | [WEBUI]: http://localhost:6099 | [WEBUI_TOKEN]: napcat
[2025-10-02 13:32:52,725.725] INFO     [Thread-8 (runner)|MainProcess] PluginLoader (loader.py:load_builtin_plugins:251) | 已加载内置插件数 [2]
[2025-10-02 13:32:52,725.725] INFO     [Thread-8 (runner)|MainProcess] PluginLoader (loader.py:load_plugins:265) | 从 D:\my_project\QQBot\plugins 导入插件
[2025-10-02 13:32:52,727.727] INFO     [Thread-8 (runner)|MainProcess] PackageHelper (packhelper.py:ensure:32) | 依赖已满足: PyMySQL
[2025-10-02 13:32:52,727.727] INFO     [Thread-8 (runner)|MainProcess] PackageHelper (packhelper.py:ensure:32) | 依赖已满足: pyyaml
[2025-10-02 13:32:52,728.728] INFO     [Thread-8 (runner)|MainProcess] PackageHelper (packhelper.py:ensure:32) | 依赖已满足: requests
[2025-10-02 13:34:22,722.722] ERROR    [Thread-4 (runner)|MainProcess] NcatBotError (error.py:__init__:9) | Bot 启动超时
[2025-10-02 13:34:22,722.722] ERROR    [Thread-4 (runner)|MainProcess] PluginLoader (loader.py:_import_single:92) | 导入模块 DailyMusic 时出错: Bot 启动超时
[2025-10-02 13:34:22,725.725] INFO     [Thread-11 (run_async_task)|MainProcess] Config (config.py:validate_config:339) | [BOTQQ]: 3909177943 | [WSURI]: ws://localhost:3001 | [WS_TOKEN]: ncatbot | [ROOT]: 1633360356 | [WEBUI]: http://localhost:6099 | [WEBUI_TOKEN]: napcat
[2025-10-02 13:36:30,475.475] DEBUG    [MainThread|MainProcess] logger (logger.py:setup_logging:259) | 日志系统初始化
[2025-10-02 13:36:30,477.477] DEBUG    [MainThread|MainProcess] Config (config.py:load:353) | 从 D:\my_project\QQBot\config.yaml 加载配置
[2025-10-02 13:36:30,477.477] WARNING  [MainThread|MainProcess] Config (config.py:create_from_file:304) | [setting] 未知配置项: bot_id
[2025-10-02 13:36:30,477.477] WARNING  [MainThread|MainProcess] Config (config.py:create_from_file:304) | [setting] 未知配置项: root_id
[2025-10-02 13:36:30,477.477] WARNING  [MainThread|MainProcess] Config (config.py:create_from_file:304) | [setting] 未知配置项: bot_name
[2025-10-02 13:36:30,477.477] WARNING  [MainThread|MainProcess] Config (config.py:create_from_file:304) | [setting] 未知配置项: host
[2025-10-02 13:36:30,478.478] WARNING  [MainThread|MainProcess] Config (config.py:create_from_file:304) | [setting] 未知配置项: user
[2025-10-02 13:36:30,478.478] WARNING  [MainThread|MainProcess] Config (config.py:create_from_file:304) | [setting] 未知配置项: password
[2025-10-02 13:36:30,478.478] WARNING  [MainThread|MainProcess] Config (config.py:create_from_file:304) | [setting] 未知配置项: database
[2025-10-02 13:36:30,478.478] WARNING  [MainThread|MainProcess] Config (config.py:create_from_file:304) | [setting] 未知配置项: gaode_map_key
[2025-10-02 13:36:30,478.478] WARNING  [MainThread|MainProcess] Config (config.py:create_from_file:304) | [setting] 未知配置项: crawl_interval
[2025-10-02 13:36:30,530.530] INFO     [MainThread|MainProcess] Config (config.py:validate_config:339) | [BOTQQ]: 3909177943 | [WSURI]: ws://localhost:3001 | [WS_TOKEN]: ncatbot | [ROOT]: 1633360356 | [WEBUI]: http://localhost:6099 | [WEBUI_TOKEN]: napcat
[2025-10-02 13:36:30,576.576] INFO     [Thread-4 (runner)|MainProcess] PluginLoader (loader.py:load_builtin_plugins:251) | 已加载内置插件数 [2]
[2025-10-02 13:36:30,577.577] INFO     [Thread-4 (runner)|MainProcess] PluginLoader (loader.py:load_plugins:265) | 从 D:\my_project\QQBot\plugins 导入插件
[2025-10-02 13:36:30,581.581] INFO     [Thread-4 (runner)|MainProcess] PackageHelper (packhelper.py:ensure:32) | 依赖已满足: PyMySQL
[2025-10-02 13:36:30,582.582] INFO     [Thread-4 (runner)|MainProcess] PackageHelper (packhelper.py:ensure:32) | 依赖已满足: pyyaml
[2025-10-02 13:36:30,583.583] INFO     [Thread-4 (runner)|MainProcess] PackageHelper (packhelper.py:ensure:32) | 依赖已满足: requests
[2025-10-02 13:36:30,668.668] INFO     [Thread-4 (runner)|MainProcess] PackageHelper (packhelper.py:ensure:32) | 依赖已满足: PyMySQL
[2025-10-02 13:36:30,678.678] ERROR    [Thread-4 (runner)|MainProcess] PluginLoader (loader.py:_import_single:92) | 导入模块 Gobang 时出错: No module named 'matplotlib'
[2025-10-02 13:39:40,560.560] DEBUG    [MainThread|MainProcess] logger (logger.py:setup_logging:259) | 日志系统初始化
[2025-10-02 13:39:40,562.562] DEBUG    [MainThread|MainProcess] Config (config.py:load:353) | 从 D:\my_project\QQBot\config.yaml 加载配置
[2025-10-02 13:39:40,563.563] WARNING  [MainThread|MainProcess] Config (config.py:create_from_file:304) | [setting] 未知配置项: bot_id
[2025-10-02 13:39:40,563.563] WARNING  [MainThread|MainProcess] Config (config.py:create_from_file:304) | [setting] 未知配置项: root_id
[2025-10-02 13:39:40,563.563] WARNING  [MainThread|MainProcess] Config (config.py:create_from_file:304) | [setting] 未知配置项: bot_name
[2025-10-02 13:39:40,563.563] WARNING  [MainThread|MainProcess] Config (config.py:create_from_file:304) | [setting] 未知配置项: host
[2025-10-02 13:39:40,563.563] WARNING  [MainThread|MainProcess] Config (config.py:create_from_file:304) | [setting] 未知配置项: user
[2025-10-02 13:39:40,563.563] WARNING  [MainThread|MainProcess] Config (config.py:create_from_file:304) | [setting] 未知配置项: password
[2025-10-02 13:39:40,563.563] WARNING  [MainThread|MainProcess] Config (config.py:create_from_file:304) | [setting] 未知配置项: database
[2025-10-02 13:39:40,564.564] WARNING  [MainThread|MainProcess] Config (config.py:create_from_file:304) | [setting] 未知配置项: gaode_map_key
[2025-10-02 13:39:40,564.564] WARNING  [MainThread|MainProcess] Config (config.py:create_from_file:304) | [setting] 未知配置项: crawl_interval
[2025-10-02 13:39:40,709.709] INFO     [MainThread|MainProcess] Config (config.py:validate_config:339) | [BOTQQ]: 3909177943 | [WSURI]: ws://localhost:3001 | [WS_TOKEN]: ncatbot | [ROOT]: 1633360356 | [WEBUI]: http://localhost:6099 | [WEBUI_TOKEN]: napcat
[2025-10-02 13:39:40,865.865] INFO     [Thread-4 (runner)|MainProcess] PluginLoader (loader.py:load_builtin_plugins:251) | 已加载内置插件数 [2]
[2025-10-02 13:39:40,865.865] INFO     [Thread-4 (runner)|MainProcess] PluginLoader (loader.py:load_plugins:265) | 从 D:\my_project\QQBot\plugins 导入插件
[2025-10-02 13:39:40,873.873] INFO     [Thread-4 (runner)|MainProcess] PackageHelper (packhelper.py:ensure:32) | 依赖已满足: PyMySQL
[2025-10-02 13:39:40,874.874] INFO     [Thread-4 (runner)|MainProcess] PackageHelper (packhelper.py:ensure:32) | 依赖已满足: pyyaml
[2025-10-02 13:39:40,875.875] INFO     [Thread-4 (runner)|MainProcess] PackageHelper (packhelper.py:ensure:32) | 依赖已满足: requests
[2025-10-02 13:39:41,087.087] INFO     [Thread-4 (runner)|MainProcess] PackageHelper (packhelper.py:ensure:32) | 依赖已满足: PyMySQL
[2025-10-02 13:39:43,038.038] INFO     [Thread-4 (runner)|MainProcess] matplotlib.font_manager (font_manager.py:_load_fontmanager:1639) | generated new fontManager
[2025-10-02 13:39:43,157.157] INFO     [Thread-4 (runner)|MainProcess] PackageHelper (packhelper.py:ensure:32) | 依赖已满足: requests
[2025-10-02 13:39:43,158.158] INFO     [Thread-4 (runner)|MainProcess] PackageHelper (packhelper.py:ensure:32) | 依赖已满足: bs4
[2025-10-02 13:39:43,159.159] INFO     [Thread-4 (runner)|MainProcess] PackageHelper (packhelper.py:ensure:32) | 依赖已满足: zhconv
[2025-10-02 13:39:43,160.160] INFO     [Thread-4 (runner)|MainProcess] PackageHelper (packhelper.py:ensure:32) | 依赖已满足: pandas
[2025-10-02 13:39:43,161.161] INFO     [Thread-4 (runner)|MainProcess] PackageHelper (packhelper.py:ensure:32) | 依赖已满足: cryptography
[2025-10-02 13:39:43,170.170] INFO     [Thread-4 (runner)|MainProcess] PackageHelper (packhelper.py:ensure:32) | 依赖已满足: torch
[2025-10-02 13:39:43,172.172] INFO     [Thread-4 (runner)|MainProcess] PackageHelper (packhelper.py:ensure:32) | 依赖已满足: numpy
[2025-10-02 13:39:43,173.173] INFO     [Thread-4 (runner)|MainProcess] PackageHelper (packhelper.py:ensure:32) | 依赖已满足: pyyaml
[2025-10-02 13:39:46,550.550] ERROR    [Thread-4 (runner)|MainProcess] PluginLoader (loader.py:_import_single:92) | 导入模块 UUCrawl 时出错: No module named 'uu_data_model'
[2025-10-02 13:57:29,123.123] DEBUG    [MainThread|MainProcess] logger (logger.py:setup_logging:259) | 日志系统初始化
[2025-10-02 13:57:29,125.125] DEBUG    [MainThread|MainProcess] Config (config.py:load:353) | 从 D:\my_project\QQBot\config.yaml 加载配置
[2025-10-02 13:57:29,125.125] WARNING  [MainThread|MainProcess] Config (config.py:create_from_file:304) | [setting] 未知配置项: bot_id
[2025-10-02 13:57:29,125.125] WARNING  [MainThread|MainProcess] Config (config.py:create_from_file:304) | [setting] 未知配置项: root_id
[2025-10-02 13:57:29,125.125] WARNING  [MainThread|MainProcess] Config (config.py:create_from_file:304) | [setting] 未知配置项: bot_name
[2025-10-02 13:57:29,126.126] WARNING  [MainThread|MainProcess] Config (config.py:create_from_file:304) | [setting] 未知配置项: host
[2025-10-02 13:57:29,126.126] WARNING  [MainThread|MainProcess] Config (config.py:create_from_file:304) | [setting] 未知配置项: user
[2025-10-02 13:57:29,126.126] WARNING  [MainThread|MainProcess] Config (config.py:create_from_file:304) | [setting] 未知配置项: password
[2025-10-02 13:57:29,126.126] WARNING  [MainThread|MainProcess] Config (config.py:create_from_file:304) | [setting] 未知配置项: database
[2025-10-02 13:57:29,126.126] WARNING  [MainThread|MainProcess] Config (config.py:create_from_file:304) | [setting] 未知配置项: gaode_map_key
[2025-10-02 13:57:29,126.126] WARNING  [MainThread|MainProcess] Config (config.py:create_from_file:304) | [setting] 未知配置项: crawl_interval
[2025-10-02 13:57:29,196.196] INFO     [MainThread|MainProcess] Config (config.py:validate_config:339) | [BOTQQ]: 3909177943 | [WSURI]: ws://localhost:3001 | [WS_TOKEN]: ncatbot | [ROOT]: 1633360356 | [WEBUI]: http://localhost:6099 | [WEBUI_TOKEN]: napcat
[2025-10-02 13:57:29,245.245] INFO     [Thread-4 (runner)|MainProcess] PluginLoader (loader.py:load_builtin_plugins:251) | 已加载内置插件数 [2]
[2025-10-02 13:57:29,245.245] INFO     [Thread-4 (runner)|MainProcess] PluginLoader (loader.py:load_plugins:265) | 从 D:\my_project\QQBot\plugins 导入插件
[2025-10-02 13:57:29,250.250] ERROR    [Thread-4 (runner)|MainProcess] PluginLoader (loader.py:_import_single:92) | 导入模块 CS2CaseSimulator 时出错: FilterRegistry.root_filter() takes 1 positional argument but 2 were given
[2025-10-02 14:16:51,650.650] DEBUG    [MainThread|MainProcess] logger (logger.py:setup_logging:259) | 日志系统初始化
[2025-10-02 14:16:51,652.652] DEBUG    [MainThread|MainProcess] Config (config.py:load:353) | 从 D:\my_project\QQBot\config.yaml 加载配置
[2025-10-02 14:16:51,653.653] WARNING  [MainThread|MainProcess] Config (config.py:create_from_file:304) | [setting] 未知配置项: bot_id
[2025-10-02 14:16:51,653.653] WARNING  [MainThread|MainProcess] Config (config.py:create_from_file:304) | [setting] 未知配置项: root_id
[2025-10-02 14:16:51,653.653] WARNING  [MainThread|MainProcess] Config (config.py:create_from_file:304) | [setting] 未知配置项: bot_name
[2025-10-02 14:16:51,653.653] WARNING  [MainThread|MainProcess] Config (config.py:create_from_file:304) | [setting] 未知配置项: host
[2025-10-02 14:16:51,653.653] WARNING  [MainThread|MainProcess] Config (config.py:create_from_file:304) | [setting] 未知配置项: user
[2025-10-02 14:16:51,653.653] WARNING  [MainThread|MainProcess] Config (config.py:create_from_file:304) | [setting] 未知配置项: password
[2025-10-02 14:16:51,653.653] WARNING  [MainThread|MainProcess] Config (config.py:create_from_file:304) | [setting] 未知配置项: database
[2025-10-02 14:16:51,653.653] WARNING  [MainThread|MainProcess] Config (config.py:create_from_file:304) | [setting] 未知配置项: gaode_map_key
[2025-10-02 14:16:51,653.653] WARNING  [MainThread|MainProcess] Config (config.py:create_from_file:304) | [setting] 未知配置项: crawl_interval
[2025-10-02 14:16:51,653.653] WARNING  [MainThread|MainProcess] Config (config.py:create_from_file:304) | [setting] 未知配置项: plugins
[2025-10-02 14:16:51,721.721] INFO     [MainThread|MainProcess] Config (config.py:validate_config:339) | [BOTQQ]: 3909177943 | [WSURI]: ws://localhost:3001 | [WS_TOKEN]: ncatbot | [ROOT]: 1633360356 | [WEBUI]: http://localhost:6099 | [WEBUI_TOKEN]: napcat
[2025-10-02 14:16:51,773.773] INFO     [Thread-4 (runner)|MainProcess] PluginLoader (loader.py:load_builtin_plugins:251) | 已加载内置插件数 [2]
[2025-10-02 14:16:51,773.773] INFO     [Thread-4 (runner)|MainProcess] PluginLoader (loader.py:load_plugins:265) | 从 D:\my_project\QQBot\plugins 导入插件
[2025-10-02 14:16:51,777.777] INFO     [Thread-4 (runner)|MainProcess] Config (config.py:validate_config:339) | [BOTQQ]: 3909177943 | [WSURI]: ws://localhost:3001 | [WS_TOKEN]: ncatbot | [ROOT]: 1633360356 | [WEBUI]: http://localhost:6099 | [WEBUI_TOKEN]: napcat
[2025-10-02 14:16:51,781.781] INFO     [Thread-7 (runner)|MainProcess] PluginLoader (loader.py:load_builtin_plugins:251) | 已加载内置插件数 [2]
[2025-10-02 14:16:51,781.781] INFO     [Thread-7 (runner)|MainProcess] PluginLoader (loader.py:load_plugins:265) | 从 D:\my_project\QQBot\plugins 导入插件
[2025-10-02 14:19:22,727.727] DEBUG    [MainThread|MainProcess] logger (logger.py:setup_logging:259) | 日志系统初始化
[2025-10-02 14:19:22,729.729] DEBUG    [MainThread|MainProcess] Config (config.py:load:353) | 从 D:\my_project\QQBot\config.yaml 加载配置
[2025-10-02 14:19:22,730.730] WARNING  [MainThread|MainProcess] Config (config.py:create_from_file:304) | [setting] 未知配置项: bot_id
[2025-10-02 14:19:22,730.730] WARNING  [MainThread|MainProcess] Config (config.py:create_from_file:304) | [setting] 未知配置项: root_id
[2025-10-02 14:19:22,730.730] WARNING  [MainThread|MainProcess] Config (config.py:create_from_file:304) | [setting] 未知配置项: bot_name
[2025-10-02 14:19:22,730.730] WARNING  [MainThread|MainProcess] Config (config.py:create_from_file:304) | [setting] 未知配置项: host
[2025-10-02 14:19:22,730.730] WARNING  [MainThread|MainProcess] Config (config.py:create_from_file:304) | [setting] 未知配置项: user
[2025-10-02 14:19:22,730.730] WARNING  [MainThread|MainProcess] Config (config.py:create_from_file:304) | [setting] 未知配置项: password
[2025-10-02 14:19:22,730.730] WARNING  [MainThread|MainProcess] Config (config.py:create_from_file:304) | [setting] 未知配置项: database
[2025-10-02 14:19:22,730.730] WARNING  [MainThread|MainProcess] Config (config.py:create_from_file:304) | [setting] 未知配置项: gaode_map_key
[2025-10-02 14:19:22,730.730] WARNING  [MainThread|MainProcess] Config (config.py:create_from_file:304) | [setting] 未知配置项: crawl_interval
[2025-10-02 14:19:22,730.730] WARNING  [MainThread|MainProcess] Config (config.py:create_from_file:304) | [setting] 未知配置项: plugins
[2025-10-02 14:19:22,787.787] INFO     [MainThread|MainProcess] Config (config.py:validate_config:339) | [BOTQQ]: 3909177943 | [WSURI]: ws://localhost:3001 | [WS_TOKEN]: ncatbot | [ROOT]: 1633360356 | [WEBUI]: http://localhost:6099 | [WEBUI_TOKEN]: napcat
[2025-10-02 14:19:22,832.832] INFO     [Thread-4 (runner)|MainProcess] PluginLoader (loader.py:load_builtin_plugins:251) | 已加载内置插件数 [2]
[2025-10-02 14:19:22,832.832] INFO     [Thread-4 (runner)|MainProcess] PluginLoader (loader.py:load_plugins:265) | 从 D:\my_project\QQBot\plugins 导入插件
[2025-10-02 14:19:22,837.837] ERROR    [Thread-4 (runner)|MainProcess] PluginLoader (loader.py:_import_single:92) | 导入模块 CS2CaseSimulator 时出错: FilterRegistry.root_filter() takes 1 positional argument but 2 were given
[2025-10-02 14:19:25,233.233] DEBUG    [MainThread|MainProcess] logger (logger.py:setup_logging:259) | 日志系统初始化
[2025-10-02 14:19:25,235.235] DEBUG    [MainThread|MainProcess] Config (config.py:load:353) | 从 D:\my_project\QQBot\config.yaml 加载配置
[2025-10-02 14:19:25,236.236] WARNING  [MainThread|MainProcess] Config (config.py:create_from_file:304) | [setting] 未知配置项: bot_id
[2025-10-02 14:19:25,236.236] WARNING  [MainThread|MainProcess] Config (config.py:create_from_file:304) | [setting] 未知配置项: root_id
[2025-10-02 14:19:25,236.236] WARNING  [MainThread|MainProcess] Config (config.py:create_from_file:304) | [setting] 未知配置项: bot_name
[2025-10-02 14:19:25,236.236] WARNING  [MainThread|MainProcess] Config (config.py:create_from_file:304) | [setting] 未知配置项: host
[2025-10-02 14:19:25,236.236] WARNING  [MainThread|MainProcess] Config (config.py:create_from_file:304) | [setting] 未知配置项: user
[2025-10-02 14:19:25,236.236] WARNING  [MainThread|MainProcess] Config (config.py:create_from_file:304) | [setting] 未知配置项: password
[2025-10-02 14:19:25,236.236] WARNING  [MainThread|MainProcess] Config (config.py:create_from_file:304) | [setting] 未知配置项: database
[2025-10-02 14:19:25,236.236] WARNING  [MainThread|MainProcess] Config (config.py:create_from_file:304) | [setting] 未知配置项: gaode_map_key
[2025-10-02 14:19:25,236.236] WARNING  [MainThread|MainProcess] Config (config.py:create_from_file:304) | [setting] 未知配置项: crawl_interval
[2025-10-02 14:19:25,236.236] WARNING  [MainThread|MainProcess] Config (config.py:create_from_file:304) | [setting] 未知配置项: plugins
[2025-10-02 14:19:25,296.296] INFO     [MainThread|MainProcess] Config (config.py:validate_config:339) | [BOTQQ]: 3909177943 | [WSURI]: ws://localhost:3001 | [WS_TOKEN]: ncatbot | [ROOT]: 1633360356 | [WEBUI]: http://localhost:6099 | [WEBUI_TOKEN]: napcat
[2025-10-02 14:19:25,340.340] INFO     [Thread-4 (runner)|MainProcess] PluginLoader (loader.py:load_builtin_plugins:251) | 已加载内置插件数 [2]
[2025-10-02 14:19:25,340.340] INFO     [Thread-4 (runner)|MainProcess] PluginLoader (loader.py:load_plugins:265) | 从 D:\my_project\QQBot\plugins 导入插件
[2025-10-02 14:19:25,343.343] ERROR    [Thread-4 (runner)|MainProcess] PluginLoader (loader.py:_import_single:92) | 导入模块 CS2CaseSimulator 时出错: FilterRegistry.root_filter() takes 1 positional argument but 2 were given
[2025-10-02 14:21:13,944.944] DEBUG    [MainThread|MainProcess] logger (logger.py:setup_logging:259) | 日志系统初始化
[2025-10-02 14:21:13,945.945] DEBUG    [MainThread|MainProcess] Config (config.py:load:353) | 从 D:\my_project\QQBot\config.yaml 加载配置
[2025-10-02 14:21:13,946.946] WARNING  [MainThread|MainProcess] Config (config.py:create_from_file:304) | [setting] 未知配置项: bot_id
[2025-10-02 14:21:13,946.946] WARNING  [MainThread|MainProcess] Config (config.py:create_from_file:304) | [setting] 未知配置项: root_id
[2025-10-02 14:21:13,946.946] WARNING  [MainThread|MainProcess] Config (config.py:create_from_file:304) | [setting] 未知配置项: bot_name
[2025-10-02 14:21:13,946.946] WARNING  [MainThread|MainProcess] Config (config.py:create_from_file:304) | [setting] 未知配置项: host
[2025-10-02 14:21:13,946.946] WARNING  [MainThread|MainProcess] Config (config.py:create_from_file:304) | [setting] 未知配置项: user
[2025-10-02 14:21:13,947.947] WARNING  [MainThread|MainProcess] Config (config.py:create_from_file:304) | [setting] 未知配置项: password
[2025-10-02 14:21:13,947.947] WARNING  [MainThread|MainProcess] Config (config.py:create_from_file:304) | [setting] 未知配置项: database
[2025-10-02 14:21:13,947.947] WARNING  [MainThread|MainProcess] Config (config.py:create_from_file:304) | [setting] 未知配置项: gaode_map_key
[2025-10-02 14:21:13,947.947] WARNING  [MainThread|MainProcess] Config (config.py:create_from_file:304) | [setting] 未知配置项: crawl_interval
[2025-10-02 14:21:13,947.947] WARNING  [MainThread|MainProcess] Config (config.py:create_from_file:304) | [setting] 未知配置项: plugins
[2025-10-02 14:21:14,008.008] INFO     [MainThread|MainProcess] Config (config.py:validate_config:339) | [BOTQQ]: 3909177943 | [WSURI]: ws://localhost:3001 | [WS_TOKEN]: ncatbot | [ROOT]: 1633360356 | [WEBUI]: http://localhost:6099 | [WEBUI_TOKEN]: napcat
[2025-10-02 14:21:14,053.053] INFO     [Thread-4 (runner)|MainProcess] PluginLoader (loader.py:load_builtin_plugins:251) | 已加载内置插件数 [2]
[2025-10-02 14:21:14,053.053] INFO     [Thread-4 (runner)|MainProcess] PluginLoader (loader.py:load_plugins:265) | 从 D:\my_project\QQBot\plugins 导入插件
[2025-10-02 14:21:14,061.061] INFO     [Thread-4 (runner)|MainProcess] PackageHelper (packhelper.py:ensure:32) | 依赖已满足: PyMySQL
[2025-10-02 14:21:14,061.061] INFO     [Thread-4 (runner)|MainProcess] PackageHelper (packhelper.py:ensure:32) | 依赖已满足: pyyaml
[2025-10-02 14:21:14,062.062] INFO     [Thread-4 (runner)|MainProcess] PackageHelper (packhelper.py:ensure:22) | 缺失包 request，开始安装
[2025-10-02 14:21:34,971.971] DEBUG    [MainThread|MainProcess] logger (logger.py:setup_logging:259) | 日志系统初始化
[2025-10-02 14:21:34,973.973] DEBUG    [MainThread|MainProcess] Config (config.py:load:353) | 从 D:\my_project\QQBot\config.yaml 加载配置
[2025-10-02 14:21:34,974.974] WARNING  [MainThread|MainProcess] Config (config.py:create_from_file:304) | [setting] 未知配置项: bot_id
[2025-10-02 14:21:34,974.974] WARNING  [MainThread|MainProcess] Config (config.py:create_from_file:304) | [setting] 未知配置项: root_id
[2025-10-02 14:21:34,974.974] WARNING  [MainThread|MainProcess] Config (config.py:create_from_file:304) | [setting] 未知配置项: bot_name
[2025-10-02 14:21:34,974.974] WARNING  [MainThread|MainProcess] Config (config.py:create_from_file:304) | [setting] 未知配置项: host
[2025-10-02 14:21:34,974.974] WARNING  [MainThread|MainProcess] Config (config.py:create_from_file:304) | [setting] 未知配置项: user
[2025-10-02 14:21:34,974.974] WARNING  [MainThread|MainProcess] Config (config.py:create_from_file:304) | [setting] 未知配置项: password
[2025-10-02 14:21:34,974.974] WARNING  [MainThread|MainProcess] Config (config.py:create_from_file:304) | [setting] 未知配置项: database
[2025-10-02 14:21:34,974.974] WARNING  [MainThread|MainProcess] Config (config.py:create_from_file:304) | [setting] 未知配置项: gaode_map_key
[2025-10-02 14:21:34,974.974] WARNING  [MainThread|MainProcess] Config (config.py:create_from_file:304) | [setting] 未知配置项: crawl_interval
[2025-10-02 14:21:34,974.974] WARNING  [MainThread|MainProcess] Config (config.py:create_from_file:304) | [setting] 未知配置项: plugins
[2025-10-02 14:21:35,035.035] INFO     [MainThread|MainProcess] Config (config.py:validate_config:339) | [BOTQQ]: 3909177943 | [WSURI]: ws://localhost:3001 | [WS_TOKEN]: ncatbot | [ROOT]: 1633360356 | [WEBUI]: http://localhost:6099 | [WEBUI_TOKEN]: napcat
[2025-10-02 14:21:35,083.083] INFO     [Thread-4 (runner)|MainProcess] PluginLoader (loader.py:load_builtin_plugins:251) | 已加载内置插件数 [2]
[2025-10-02 14:21:35,083.083] INFO     [Thread-4 (runner)|MainProcess] PluginLoader (loader.py:load_plugins:265) | 从 D:\my_project\QQBot\plugins 导入插件
[2025-10-02 14:21:35,088.088] INFO     [Thread-4 (runner)|MainProcess] PackageHelper (packhelper.py:ensure:32) | 依赖已满足: PyMySQL
[2025-10-02 14:21:35,089.089] INFO     [Thread-4 (runner)|MainProcess] PackageHelper (packhelper.py:ensure:32) | 依赖已满足: pyyaml
[2025-10-02 14:21:35,089.089] INFO     [Thread-4 (runner)|MainProcess] PackageHelper (packhelper.py:ensure:32) | 依赖已满足: requests
[2025-10-02 14:21:35,173.173] ERROR    [Thread-4 (runner)|MainProcess] PluginLoader (loader.py:_import_single:92) | 导入模块 DailyMusic 时出错: cannot import name 'Music' from 'ncatbot.core' (D:\my_project\QQBot\.venv\Lib\site-packages\ncatbot\core\__init__.py)
[2025-10-02 14:22:39,322.322] DEBUG    [MainThread|MainProcess] logger (logger.py:setup_logging:259) | 日志系统初始化
[2025-10-02 14:22:39,323.323] DEBUG    [MainThread|MainProcess] Config (config.py:load:353) | 从 D:\my_project\QQBot\config.yaml 加载配置
[2025-10-02 14:22:39,324.324] WARNING  [MainThread|MainProcess] Config (config.py:create_from_file:304) | [setting] 未知配置项: bot_id
[2025-10-02 14:22:39,324.324] WARNING  [MainThread|MainProcess] Config (config.py:create_from_file:304) | [setting] 未知配置项: root_id
[2025-10-02 14:22:39,324.324] WARNING  [MainThread|MainProcess] Config (config.py:create_from_file:304) | [setting] 未知配置项: bot_name
[2025-10-02 14:22:39,324.324] WARNING  [MainThread|MainProcess] Config (config.py:create_from_file:304) | [setting] 未知配置项: host
[2025-10-02 14:22:39,324.324] WARNING  [MainThread|MainProcess] Config (config.py:create_from_file:304) | [setting] 未知配置项: user
[2025-10-02 14:22:39,324.324] WARNING  [MainThread|MainProcess] Config (config.py:create_from_file:304) | [setting] 未知配置项: password
[2025-10-02 14:22:39,324.324] WARNING  [MainThread|MainProcess] Config (config.py:create_from_file:304) | [setting] 未知配置项: database
[2025-10-02 14:22:39,324.324] WARNING  [MainThread|MainProcess] Config (config.py:create_from_file:304) | [setting] 未知配置项: gaode_map_key
[2025-10-02 14:22:39,324.324] WARNING  [MainThread|MainProcess] Config (config.py:create_from_file:304) | [setting] 未知配置项: crawl_interval
[2025-10-02 14:22:39,324.324] WARNING  [MainThread|MainProcess] Config (config.py:create_from_file:304) | [setting] 未知配置项: plugins
[2025-10-02 14:22:39,383.383] INFO     [MainThread|MainProcess] Config (config.py:validate_config:339) | [BOTQQ]: 3909177943 | [WSURI]: ws://localhost:3001 | [WS_TOKEN]: ncatbot | [ROOT]: 1633360356 | [WEBUI]: http://localhost:6099 | [WEBUI_TOKEN]: napcat
[2025-10-02 14:22:39,428.428] INFO     [Thread-4 (runner)|MainProcess] PluginLoader (loader.py:load_builtin_plugins:251) | 已加载内置插件数 [2]
[2025-10-02 14:22:39,428.428] INFO     [Thread-4 (runner)|MainProcess] PluginLoader (loader.py:load_plugins:265) | 从 D:\my_project\QQBot\plugins 导入插件
[2025-10-02 14:22:39,433.433] INFO     [Thread-4 (runner)|MainProcess] PackageHelper (packhelper.py:ensure:32) | 依赖已满足: PyMySQL
[2025-10-02 14:22:39,433.433] INFO     [Thread-4 (runner)|MainProcess] PackageHelper (packhelper.py:ensure:32) | 依赖已满足: pyyaml
[2025-10-02 14:22:39,434.434] INFO     [Thread-4 (runner)|MainProcess] PackageHelper (packhelper.py:ensure:32) | 依赖已满足: requests
[2025-10-02 14:22:39,517.517] ERROR    [Thread-4 (runner)|MainProcess] PluginLoader (loader.py:_import_single:92) | 导入模块 DailyMusic 时出错: cannot import name 'Music' from 'ncatbot.core' (D:\my_project\QQBot\.venv\Lib\site-packages\ncatbot\core\__init__.py)
[2025-10-02 14:23:07,915.915] DEBUG    [MainThread|MainProcess] logger (logger.py:setup_logging:259) | 日志系统初始化
[2025-10-02 14:23:07,917.917] DEBUG    [MainThread|MainProcess] Config (config.py:load:353) | 从 D:\my_project\QQBot\config.yaml 加载配置
[2025-10-02 14:23:07,918.918] WARNING  [MainThread|MainProcess] Config (config.py:create_from_file:304) | [setting] 未知配置项: bot_id
[2025-10-02 14:23:07,918.918] WARNING  [MainThread|MainProcess] Config (config.py:create_from_file:304) | [setting] 未知配置项: root_id
[2025-10-02 14:23:07,918.918] WARNING  [MainThread|MainProcess] Config (config.py:create_from_file:304) | [setting] 未知配置项: bot_name
[2025-10-02 14:23:07,918.918] WARNING  [MainThread|MainProcess] Config (config.py:create_from_file:304) | [setting] 未知配置项: host
[2025-10-02 14:23:07,918.918] WARNING  [MainThread|MainProcess] Config (config.py:create_from_file:304) | [setting] 未知配置项: user
[2025-10-02 14:23:07,918.918] WARNING  [MainThread|MainProcess] Config (config.py:create_from_file:304) | [setting] 未知配置项: password
[2025-10-02 14:23:07,918.918] WARNING  [MainThread|MainProcess] Config (config.py:create_from_file:304) | [setting] 未知配置项: database
[2025-10-02 14:23:07,918.918] WARNING  [MainThread|MainProcess] Config (config.py:create_from_file:304) | [setting] 未知配置项: gaode_map_key
[2025-10-02 14:23:07,918.918] WARNING  [MainThread|MainProcess] Config (config.py:create_from_file:304) | [setting] 未知配置项: crawl_interval
[2025-10-02 14:23:07,918.918] WARNING  [MainThread|MainProcess] Config (config.py:create_from_file:304) | [setting] 未知配置项: plugins
[2025-10-02 14:23:07,977.977] INFO     [MainThread|MainProcess] Config (config.py:validate_config:339) | [BOTQQ]: 3909177943 | [WSURI]: ws://localhost:3001 | [WS_TOKEN]: ncatbot | [ROOT]: 1633360356 | [WEBUI]: http://localhost:6099 | [WEBUI_TOKEN]: napcat
[2025-10-02 14:23:08,020.020] INFO     [Thread-4 (runner)|MainProcess] PluginLoader (loader.py:load_builtin_plugins:251) | 已加载内置插件数 [2]
[2025-10-02 14:23:08,021.021] INFO     [Thread-4 (runner)|MainProcess] PluginLoader (loader.py:load_plugins:265) | 从 D:\my_project\QQBot\plugins 导入插件
[2025-10-02 14:23:08,026.026] INFO     [Thread-4 (runner)|MainProcess] PackageHelper (packhelper.py:ensure:32) | 依赖已满足: PyMySQL
[2025-10-02 14:23:08,026.026] INFO     [Thread-4 (runner)|MainProcess] PackageHelper (packhelper.py:ensure:32) | 依赖已满足: pyyaml
[2025-10-02 14:23:08,027.027] INFO     [Thread-4 (runner)|MainProcess] PackageHelper (packhelper.py:ensure:32) | 依赖已满足: requests
[2025-10-02 14:23:08,109.109] ERROR    [Thread-4 (runner)|MainProcess] PluginLoader (loader.py:_import_single:92) | 导入模块 DailyMusic 时出错: cannot import name 'Music' from 'ncatbot.core' (D:\my_project\QQBot\.venv\Lib\site-packages\ncatbot\core\__init__.py)
[2025-10-02 14:23:20,861.861] DEBUG    [MainThread|MainProcess] logger (logger.py:setup_logging:259) | 日志系统初始化
[2025-10-02 14:23:20,862.862] DEBUG    [MainThread|MainProcess] Config (config.py:load:353) | 从 D:\my_project\QQBot\config.yaml 加载配置
[2025-10-02 14:23:20,863.863] WARNING  [MainThread|MainProcess] Config (config.py:create_from_file:304) | [setting] 未知配置项: plugins
[2025-10-02 14:23:20,863.863] WARNING  [MainThread|MainProcess] Config (config.py:create_from_file:304) | [setting] 未知配置项: bot_id
[2025-10-02 14:23:20,863.863] WARNING  [MainThread|MainProcess] Config (config.py:create_from_file:304) | [setting] 未知配置项: root_id
[2025-10-02 14:23:20,863.863] WARNING  [MainThread|MainProcess] Config (config.py:create_from_file:304) | [setting] 未知配置项: bot_name
[2025-10-02 14:23:20,863.863] WARNING  [MainThread|MainProcess] Config (config.py:create_from_file:304) | [setting] 未知配置项: host
[2025-10-02 14:23:20,863.863] WARNING  [MainThread|MainProcess] Config (config.py:create_from_file:304) | [setting] 未知配置项: user
[2025-10-02 14:23:20,863.863] WARNING  [MainThread|MainProcess] Config (config.py:create_from_file:304) | [setting] 未知配置项: password
[2025-10-02 14:23:20,863.863] WARNING  [MainThread|MainProcess] Config (config.py:create_from_file:304) | [setting] 未知配置项: database
[2025-10-02 14:23:20,863.863] WARNING  [MainThread|MainProcess] Config (config.py:create_from_file:304) | [setting] 未知配置项: gaode_map_key
[2025-10-02 14:23:20,863.863] WARNING  [MainThread|MainProcess] Config (config.py:create_from_file:304) | [setting] 未知配置项: crawl_interval
[2025-10-02 14:23:20,921.921] INFO     [MainThread|MainProcess] Config (config.py:validate_config:339) | [BOTQQ]: 3909177943 | [WSURI]: ws://localhost:3001 | [WS_TOKEN]: ncatbot | [ROOT]: 1633360356 | [WEBUI]: http://localhost:6099 | [WEBUI_TOKEN]: napcat
[2025-10-02 14:23:20,966.966] INFO     [Thread-4 (runner)|MainProcess] PluginLoader (loader.py:load_builtin_plugins:251) | 已加载内置插件数 [2]
[2025-10-02 14:23:20,966.966] INFO     [Thread-4 (runner)|MainProcess] PluginLoader (loader.py:load_plugins:265) | 从 D:\my_project\QQBot\plugins 导入插件
[2025-10-02 14:23:20,971.971] INFO     [Thread-4 (runner)|MainProcess] PackageHelper (packhelper.py:ensure:32) | 依赖已满足: PyMySQL
[2025-10-02 14:23:20,971.971] INFO     [Thread-4 (runner)|MainProcess] PackageHelper (packhelper.py:ensure:32) | 依赖已满足: pyyaml
[2025-10-02 14:23:20,972.972] INFO     [Thread-4 (runner)|MainProcess] PackageHelper (packhelper.py:ensure:32) | 依赖已满足: requests
[2025-10-02 14:23:21,058.058] ERROR    [Thread-4 (runner)|MainProcess] PluginLoader (loader.py:_import_single:92) | 导入模块 DailyMusic 时出错: cannot import name 'Music' from 'ncatbot.core' (D:\my_project\QQBot\.venv\Lib\site-packages\ncatbot\core\__init__.py)
[2025-10-02 14:23:45,007.007] DEBUG    [MainThread|MainProcess] logger (logger.py:setup_logging:259) | 日志系统初始化
[2025-10-02 14:23:45,009.009] DEBUG    [MainThread|MainProcess] Config (config.py:load:353) | 从 D:\my_project\QQBot\config.yaml 加载配置
[2025-10-02 14:23:45,009.009] WARNING  [MainThread|MainProcess] Config (config.py:create_from_file:304) | [setting] 未知配置项: plugins
[2025-10-02 14:23:45,009.009] WARNING  [MainThread|MainProcess] Config (config.py:create_from_file:304) | [setting] 未知配置项: bot_id
[2025-10-02 14:23:45,009.009] WARNING  [MainThread|MainProcess] Config (config.py:create_from_file:304) | [setting] 未知配置项: root_id
[2025-10-02 14:23:45,010.010] WARNING  [MainThread|MainProcess] Config (config.py:create_from_file:304) | [setting] 未知配置项: bot_name
[2025-10-02 14:23:45,010.010] WARNING  [MainThread|MainProcess] Config (config.py:create_from_file:304) | [setting] 未知配置项: host
[2025-10-02 14:23:45,010.010] WARNING  [MainThread|MainProcess] Config (config.py:create_from_file:304) | [setting] 未知配置项: user
[2025-10-02 14:23:45,010.010] WARNING  [MainThread|MainProcess] Config (config.py:create_from_file:304) | [setting] 未知配置项: password
[2025-10-02 14:23:45,010.010] WARNING  [MainThread|MainProcess] Config (config.py:create_from_file:304) | [setting] 未知配置项: database
[2025-10-02 14:23:45,010.010] WARNING  [MainThread|MainProcess] Config (config.py:create_from_file:304) | [setting] 未知配置项: gaode_map_key
[2025-10-02 14:23:45,010.010] WARNING  [MainThread|MainProcess] Config (config.py:create_from_file:304) | [setting] 未知配置项: crawl_interval
[2025-10-02 14:23:45,070.070] INFO     [MainThread|MainProcess] Config (config.py:validate_config:339) | [BOTQQ]: 3909177943 | [WSURI]: ws://localhost:3001 | [WS_TOKEN]: ncatbot | [ROOT]: 1633360356 | [WEBUI]: http://localhost:6099 | [WEBUI_TOKEN]: napcat
[2025-10-02 14:23:45,115.115] INFO     [Thread-4 (runner)|MainProcess] PluginLoader (loader.py:load_builtin_plugins:251) | 已加载内置插件数 [2]
[2025-10-02 14:23:45,115.115] INFO     [Thread-4 (runner)|MainProcess] PluginLoader (loader.py:load_plugins:265) | 从 D:\my_project\QQBot\plugins 导入插件
[2025-10-02 14:23:45,120.120] INFO     [Thread-4 (runner)|MainProcess] PackageHelper (packhelper.py:ensure:32) | 依赖已满足: PyMySQL
[2025-10-02 14:23:45,121.121] INFO     [Thread-4 (runner)|MainProcess] PackageHelper (packhelper.py:ensure:32) | 依赖已满足: pyyaml
[2025-10-02 14:23:45,122.122] INFO     [Thread-4 (runner)|MainProcess] PackageHelper (packhelper.py:ensure:32) | 依赖已满足: requests
[2025-10-02 14:23:45,205.205] INFO     [Thread-4 (runner)|MainProcess] PackageHelper (packhelper.py:ensure:32) | 依赖已满足: PyMySQL
[2025-10-02 14:23:45,422.422] INFO     [Thread-4 (runner)|MainProcess] PackageHelper (packhelper.py:ensure:32) | 依赖已满足: requests
[2025-10-02 14:23:45,423.423] INFO     [Thread-4 (runner)|MainProcess] PackageHelper (packhelper.py:ensure:32) | 依赖已满足: bs4
[2025-10-02 14:23:45,424.424] INFO     [Thread-4 (runner)|MainProcess] PackageHelper (packhelper.py:ensure:32) | 依赖已满足: zhconv
[2025-10-02 14:23:45,424.424] INFO     [Thread-4 (runner)|MainProcess] PackageHelper (packhelper.py:ensure:32) | 依赖已满足: pandas
[2025-10-02 14:23:45,425.425] INFO     [Thread-4 (runner)|MainProcess] PackageHelper (packhelper.py:ensure:32) | 依赖已满足: cryptography
[2025-10-02 14:23:45,433.433] INFO     [Thread-4 (runner)|MainProcess] PackageHelper (packhelper.py:ensure:32) | 依赖已满足: torch
[2025-10-02 14:23:45,435.435] INFO     [Thread-4 (runner)|MainProcess] PackageHelper (packhelper.py:ensure:32) | 依赖已满足: numpy
[2025-10-02 14:23:45,435.435] INFO     [Thread-4 (runner)|MainProcess] PackageHelper (packhelper.py:ensure:32) | 依赖已满足: pyyaml
[2025-10-02 14:23:46,498.498] ERROR    [Thread-4 (runner)|MainProcess] PluginLoader (loader.py:_import_single:92) | 导入模块 UUCrawl 时出错: No module named 'uu_data_model'
[2025-10-02 14:24:08,026.026] DEBUG    [MainThread|MainProcess] logger (logger.py:setup_logging:259) | 日志系统初始化
[2025-10-02 14:24:08,027.027] DEBUG    [MainThread|MainProcess] Config (config.py:load:353) | 从 D:\my_project\QQBot\config.yaml 加载配置
[2025-10-02 14:24:08,028.028] WARNING  [MainThread|MainProcess] Config (config.py:create_from_file:304) | [setting] 未知配置项: plugins
[2025-10-02 14:24:08,028.028] WARNING  [MainThread|MainProcess] Config (config.py:create_from_file:304) | [setting] 未知配置项: bot_id
[2025-10-02 14:24:08,028.028] WARNING  [MainThread|MainProcess] Config (config.py:create_from_file:304) | [setting] 未知配置项: root_id
[2025-10-02 14:24:08,028.028] WARNING  [MainThread|MainProcess] Config (config.py:create_from_file:304) | [setting] 未知配置项: bot_name
[2025-10-02 14:24:08,028.028] WARNING  [MainThread|MainProcess] Config (config.py:create_from_file:304) | [setting] 未知配置项: host
[2025-10-02 14:24:08,028.028] WARNING  [MainThread|MainProcess] Config (config.py:create_from_file:304) | [setting] 未知配置项: user
[2025-10-02 14:24:08,028.028] WARNING  [MainThread|MainProcess] Config (config.py:create_from_file:304) | [setting] 未知配置项: password
[2025-10-02 14:24:08,028.028] WARNING  [MainThread|MainProcess] Config (config.py:create_from_file:304) | [setting] 未知配置项: database
[2025-10-02 14:24:08,028.028] WARNING  [MainThread|MainProcess] Config (config.py:create_from_file:304) | [setting] 未知配置项: gaode_map_key
[2025-10-02 14:24:08,029.029] WARNING  [MainThread|MainProcess] Config (config.py:create_from_file:304) | [setting] 未知配置项: crawl_interval
[2025-10-02 14:24:08,088.088] INFO     [MainThread|MainProcess] Config (config.py:validate_config:339) | [BOTQQ]: 3909177943 | [WSURI]: ws://localhost:3001 | [WS_TOKEN]: ncatbot | [ROOT]: 1633360356 | [WEBUI]: http://localhost:6099 | [WEBUI_TOKEN]: napcat
[2025-10-02 14:24:08,131.131] INFO     [Thread-4 (runner)|MainProcess] PluginLoader (loader.py:load_builtin_plugins:251) | 已加载内置插件数 [2]
[2025-10-02 14:24:08,131.131] INFO     [Thread-4 (runner)|MainProcess] PluginLoader (loader.py:load_plugins:265) | 从 D:\my_project\QQBot\plugins 导入插件
[2025-10-02 14:24:08,137.137] INFO     [Thread-4 (runner)|MainProcess] PackageHelper (packhelper.py:ensure:32) | 依赖已满足: PyMySQL
[2025-10-02 14:24:08,137.137] INFO     [Thread-4 (runner)|MainProcess] PackageHelper (packhelper.py:ensure:32) | 依赖已满足: pyyaml
[2025-10-02 14:24:08,138.138] INFO     [Thread-4 (runner)|MainProcess] PackageHelper (packhelper.py:ensure:32) | 依赖已满足: requests
[2025-10-02 14:24:08,218.218] INFO     [Thread-4 (runner)|MainProcess] PackageHelper (packhelper.py:ensure:32) | 依赖已满足: PyMySQL
[2025-10-02 14:24:08,407.407] INFO     [Thread-4 (runner)|MainProcess] PackageHelper (packhelper.py:ensure:32) | 依赖已满足: requests
[2025-10-02 14:24:08,407.407] INFO     [Thread-4 (runner)|MainProcess] PackageHelper (packhelper.py:ensure:32) | 依赖已满足: bs4
[2025-10-02 14:24:08,408.408] INFO     [Thread-4 (runner)|MainProcess] PackageHelper (packhelper.py:ensure:32) | 依赖已满足: zhconv
[2025-10-02 14:24:08,409.409] INFO     [Thread-4 (runner)|MainProcess] PackageHelper (packhelper.py:ensure:32) | 依赖已满足: pandas
[2025-10-02 14:24:08,409.409] INFO     [Thread-4 (runner)|MainProcess] PackageHelper (packhelper.py:ensure:32) | 依赖已满足: cryptography
[2025-10-02 14:24:08,413.413] INFO     [Thread-4 (runner)|MainProcess] PackageHelper (packhelper.py:ensure:32) | 依赖已满足: torch
[2025-10-02 14:24:08,415.415] INFO     [Thread-4 (runner)|MainProcess] PackageHelper (packhelper.py:ensure:32) | 依赖已满足: numpy
[2025-10-02 14:24:08,416.416] INFO     [Thread-4 (runner)|MainProcess] PackageHelper (packhelper.py:ensure:32) | 依赖已满足: pyyaml
[2025-10-02 14:24:09,441.441] INFO     [Thread-6 (run_async_task)|MainProcess] Config (config.py:validate_config:339) | [BOTQQ]: 3909177943 | [WSURI]: ws://localhost:3001 | [WS_TOKEN]: ncatbot | [ROOT]: 1633360356 | [WEBUI]: http://localhost:6099 | [WEBUI_TOKEN]: napcat
[2025-10-02 14:24:09,445.445] INFO     [Thread-8 (runner)|MainProcess] PluginLoader (loader.py:load_builtin_plugins:251) | 已加载内置插件数 [2]
[2025-10-02 14:24:09,446.446] INFO     [Thread-8 (runner)|MainProcess] PluginLoader (loader.py:load_plugins:265) | 从 D:\my_project\QQBot\plugins 导入插件
[2025-10-02 14:24:09,447.447] INFO     [Thread-8 (runner)|MainProcess] PackageHelper (packhelper.py:ensure:32) | 依赖已满足: PyMySQL
[2025-10-02 14:24:09,448.448] INFO     [Thread-8 (runner)|MainProcess] PackageHelper (packhelper.py:ensure:32) | 依赖已满足: pyyaml
[2025-10-02 14:24:09,448.448] INFO     [Thread-8 (runner)|MainProcess] PackageHelper (packhelper.py:ensure:32) | 依赖已满足: requests
[2025-10-02 14:24:09,449.449] INFO     [Thread-8 (runner)|MainProcess] PackageHelper (packhelper.py:ensure:32) | 依赖已满足: PyMySQL
[2025-10-02 14:24:09,450.450] INFO     [Thread-8 (runner)|MainProcess] PackageHelper (packhelper.py:ensure:32) | 依赖已满足: requests
[2025-10-02 14:24:09,450.450] INFO     [Thread-8 (runner)|MainProcess] PackageHelper (packhelper.py:ensure:32) | 依赖已满足: bs4
[2025-10-02 14:24:09,450.450] INFO     [Thread-8 (runner)|MainProcess] PackageHelper (packhelper.py:ensure:32) | 依赖已满足: zhconv
[2025-10-02 14:24:09,451.451] INFO     [Thread-8 (runner)|MainProcess] PackageHelper (packhelper.py:ensure:32) | 依赖已满足: pandas
[2025-10-02 14:24:09,452.452] INFO     [Thread-8 (runner)|MainProcess] PackageHelper (packhelper.py:ensure:32) | 依赖已满足: cryptography
[2025-10-02 14:24:09,453.453] INFO     [Thread-8 (runner)|MainProcess] PackageHelper (packhelper.py:ensure:32) | 依赖已满足: torch
[2025-10-02 14:24:09,455.455] INFO     [Thread-8 (runner)|MainProcess] PackageHelper (packhelper.py:ensure:32) | 依赖已满足: numpy
[2025-10-02 14:24:09,455.455] INFO     [Thread-8 (runner)|MainProcess] PackageHelper (packhelper.py:ensure:32) | 依赖已满足: pyyaml
[2025-10-02 14:25:39,453.453] ERROR    [Thread-4 (runner)|MainProcess] NcatBotError (error.py:__init__:9) | Bot 启动超时
[2025-10-02 14:25:39,454.454] ERROR    [Thread-4 (runner)|MainProcess] PluginLoader (loader.py:_import_single:92) | 导入模块 UUCrawl 时出错: Bot 启动超时
[2025-10-02 14:25:39,457.457] INFO     [Thread-11 (run_async_task)|MainProcess] Config (config.py:validate_config:339) | [BOTQQ]: 3909177943 | [WSURI]: ws://localhost:3001 | [WS_TOKEN]: ncatbot | [ROOT]: 1633360356 | [WEBUI]: http://localhost:6099 | [WEBUI_TOKEN]: napcat
[2025-10-02 14:26:01,127.127] DEBUG    [MainThread|MainProcess] logger (logger.py:setup_logging:259) | 日志系统初始化
[2025-10-02 14:26:01,128.128] DEBUG    [MainThread|MainProcess] Config (config.py:load:353) | 从 D:\my_project\QQBot\config.yaml 加载配置
[2025-10-02 14:26:01,129.129] WARNING  [MainThread|MainProcess] Config (config.py:create_from_file:304) | [setting] 未知配置项: bot_id
[2025-10-02 14:26:01,129.129] WARNING  [MainThread|MainProcess] Config (config.py:create_from_file:304) | [setting] 未知配置项: root_id
[2025-10-02 14:26:01,129.129] WARNING  [MainThread|MainProcess] Config (config.py:create_from_file:304) | [setting] 未知配置项: bot_name
[2025-10-02 14:26:01,129.129] WARNING  [MainThread|MainProcess] Config (config.py:create_from_file:304) | [setting] 未知配置项: host
[2025-10-02 14:26:01,129.129] WARNING  [MainThread|MainProcess] Config (config.py:create_from_file:304) | [setting] 未知配置项: user
[2025-10-02 14:26:01,129.129] WARNING  [MainThread|MainProcess] Config (config.py:create_from_file:304) | [setting] 未知配置项: password
[2025-10-02 14:26:01,129.129] WARNING  [MainThread|MainProcess] Config (config.py:create_from_file:304) | [setting] 未知配置项: database
[2025-10-02 14:26:01,129.129] WARNING  [MainThread|MainProcess] Config (config.py:create_from_file:304) | [setting] 未知配置项: gaode_map_key
[2025-10-02 14:26:01,129.129] WARNING  [MainThread|MainProcess] Config (config.py:create_from_file:304) | [setting] 未知配置项: crawl_interval
[2025-10-02 14:26:01,191.191] INFO     [MainThread|MainProcess] Config (config.py:validate_config:339) | [BOTQQ]: 3909177943 | [WSURI]: ws://localhost:3001 | [WS_TOKEN]: ncatbot | [ROOT]: 1633360356 | [WEBUI]: http://localhost:6099 | [WEBUI_TOKEN]: napcat
[2025-10-02 14:26:01,237.237] INFO     [Thread-4 (runner)|MainProcess] PluginLoader (loader.py:load_builtin_plugins:251) | 已加载内置插件数 [2]
[2025-10-02 14:26:01,238.238] INFO     [Thread-4 (runner)|MainProcess] PluginLoader (loader.py:load_plugins:265) | 从 D:\my_project\QQBot\plugins 导入插件
[2025-10-02 14:26:01,242.242] INFO     [Thread-4 (runner)|MainProcess] PackageHelper (packhelper.py:ensure:32) | 依赖已满足: PyMySQL
[2025-10-02 14:26:01,243.243] INFO     [Thread-4 (runner)|MainProcess] PackageHelper (packhelper.py:ensure:32) | 依赖已满足: pyyaml
[2025-10-02 14:26:01,244.244] INFO     [Thread-4 (runner)|MainProcess] PackageHelper (packhelper.py:ensure:32) | 依赖已满足: requests
[2025-10-02 14:26:01,328.328] INFO     [Thread-4 (runner)|MainProcess] PackageHelper (packhelper.py:ensure:32) | 依赖已满足: PyMySQL
[2025-10-02 14:26:01,518.518] INFO     [Thread-4 (runner)|MainProcess] PackageHelper (packhelper.py:ensure:32) | 依赖已满足: requests
[2025-10-02 14:26:01,518.518] INFO     [Thread-4 (runner)|MainProcess] PackageHelper (packhelper.py:ensure:32) | 依赖已满足: bs4
[2025-10-02 14:26:01,519.519] INFO     [Thread-4 (runner)|MainProcess] PackageHelper (packhelper.py:ensure:32) | 依赖已满足: zhconv
[2025-10-02 14:26:01,520.520] INFO     [Thread-4 (runner)|MainProcess] PackageHelper (packhelper.py:ensure:32) | 依赖已满足: pandas
[2025-10-02 14:26:01,520.520] INFO     [Thread-4 (runner)|MainProcess] PackageHelper (packhelper.py:ensure:32) | 依赖已满足: cryptography
[2025-10-02 14:26:01,524.524] INFO     [Thread-4 (runner)|MainProcess] PackageHelper (packhelper.py:ensure:32) | 依赖已满足: torch
[2025-10-02 14:26:01,526.526] INFO     [Thread-4 (runner)|MainProcess] PackageHelper (packhelper.py:ensure:32) | 依赖已满足: numpy
[2025-10-02 14:26:01,527.527] INFO     [Thread-4 (runner)|MainProcess] PackageHelper (packhelper.py:ensure:32) | 依赖已满足: pyyaml
[2025-10-02 14:26:02,526.526] INFO     [Thread-6 (run_async_task)|MainProcess] Config (config.py:validate_config:339) | [BOTQQ]: 3909177943 | [WSURI]: ws://localhost:3001 | [WS_TOKEN]: ncatbot | [ROOT]: 1633360356 | [WEBUI]: http://localhost:6099 | [WEBUI_TOKEN]: napcat
[2025-10-02 14:26:02,531.531] INFO     [Thread-8 (runner)|MainProcess] PluginLoader (loader.py:load_builtin_plugins:251) | 已加载内置插件数 [2]
[2025-10-02 14:26:02,531.531] INFO     [Thread-8 (runner)|MainProcess] PluginLoader (loader.py:load_plugins:265) | 从 D:\my_project\QQBot\plugins 导入插件
[2025-10-02 14:26:02,532.532] INFO     [Thread-8 (runner)|MainProcess] PackageHelper (packhelper.py:ensure:32) | 依赖已满足: PyMySQL
[2025-10-02 14:26:02,533.533] INFO     [Thread-8 (runner)|MainProcess] PackageHelper (packhelper.py:ensure:32) | 依赖已满足: pyyaml
[2025-10-02 14:26:02,533.533] INFO     [Thread-8 (runner)|MainProcess] PackageHelper (packhelper.py:ensure:32) | 依赖已满足: requests
[2025-10-02 14:26:02,534.534] INFO     [Thread-8 (runner)|MainProcess] PackageHelper (packhelper.py:ensure:32) | 依赖已满足: PyMySQL
[2025-10-02 14:26:02,535.535] INFO     [Thread-8 (runner)|MainProcess] PackageHelper (packhelper.py:ensure:32) | 依赖已满足: requests
[2025-10-02 14:26:02,535.535] INFO     [Thread-8 (runner)|MainProcess] PackageHelper (packhelper.py:ensure:32) | 依赖已满足: bs4
[2025-10-02 14:26:02,536.536] INFO     [Thread-8 (runner)|MainProcess] PackageHelper (packhelper.py:ensure:32) | 依赖已满足: zhconv
[2025-10-02 14:26:02,537.537] INFO     [Thread-8 (runner)|MainProcess] PackageHelper (packhelper.py:ensure:32) | 依赖已满足: pandas
[2025-10-02 14:26:02,537.537] INFO     [Thread-8 (runner)|MainProcess] PackageHelper (packhelper.py:ensure:32) | 依赖已满足: cryptography
[2025-10-02 14:26:02,538.538] INFO     [Thread-8 (runner)|MainProcess] PackageHelper (packhelper.py:ensure:32) | 依赖已满足: torch
[2025-10-02 14:26:02,540.540] INFO     [Thread-8 (runner)|MainProcess] PackageHelper (packhelper.py:ensure:32) | 依赖已满足: numpy
[2025-10-02 14:26:02,541.541] INFO     [Thread-8 (runner)|MainProcess] PackageHelper (packhelper.py:ensure:32) | 依赖已满足: pyyaml
[2025-10-02 14:26:31,060.060] DEBUG    [MainThread|MainProcess] logger (logger.py:setup_logging:259) | 日志系统初始化
[2025-10-02 14:26:31,062.062] DEBUG    [MainThread|MainProcess] Config (config.py:load:353) | 从 D:\my_project\QQBot\config.yaml 加载配置
[2025-10-02 14:26:31,063.063] WARNING  [MainThread|MainProcess] Config (config.py:create_from_file:304) | [setting] 未知配置项: bot_id
[2025-10-02 14:26:31,063.063] WARNING  [MainThread|MainProcess] Config (config.py:create_from_file:304) | [setting] 未知配置项: root_id
[2025-10-02 14:26:31,063.063] WARNING  [MainThread|MainProcess] Config (config.py:create_from_file:304) | [setting] 未知配置项: bot_name
[2025-10-02 14:26:31,063.063] WARNING  [MainThread|MainProcess] Config (config.py:create_from_file:304) | [setting] 未知配置项: host
[2025-10-02 14:26:31,063.063] WARNING  [MainThread|MainProcess] Config (config.py:create_from_file:304) | [setting] 未知配置项: user
[2025-10-02 14:26:31,063.063] WARNING  [MainThread|MainProcess] Config (config.py:create_from_file:304) | [setting] 未知配置项: password
[2025-10-02 14:26:31,063.063] WARNING  [MainThread|MainProcess] Config (config.py:create_from_file:304) | [setting] 未知配置项: database
[2025-10-02 14:26:31,063.063] WARNING  [MainThread|MainProcess] Config (config.py:create_from_file:304) | [setting] 未知配置项: gaode_map_key
[2025-10-02 14:26:31,063.063] WARNING  [MainThread|MainProcess] Config (config.py:create_from_file:304) | [setting] 未知配置项: crawl_interval
[2025-10-02 14:26:31,122.122] INFO     [MainThread|MainProcess] Config (config.py:validate_config:339) | [BOTQQ]: 3909177943 | [WSURI]: ws://localhost:3001 | [WS_TOKEN]: ncatbot | [ROOT]: 1633360356 | [WEBUI]: http://localhost:6099 | [WEBUI_TOKEN]: napcat
[2025-10-02 14:26:31,166.166] INFO     [Thread-4 (runner)|MainProcess] PluginLoader (loader.py:load_builtin_plugins:251) | 已加载内置插件数 [2]
[2025-10-02 14:26:31,166.166] INFO     [Thread-4 (runner)|MainProcess] PluginLoader (loader.py:load_plugins:265) | 从 D:\my_project\QQBot\plugins 导入插件
[2025-10-02 14:26:31,171.171] INFO     [Thread-4 (runner)|MainProcess] PackageHelper (packhelper.py:ensure:32) | 依赖已满足: PyMySQL
[2025-10-02 14:26:31,171.171] INFO     [Thread-4 (runner)|MainProcess] PackageHelper (packhelper.py:ensure:32) | 依赖已满足: pyyaml
[2025-10-02 14:26:31,172.172] INFO     [Thread-4 (runner)|MainProcess] PackageHelper (packhelper.py:ensure:32) | 依赖已满足: requests
[2025-10-02 14:26:31,253.253] INFO     [Thread-4 (runner)|MainProcess] PackageHelper (packhelper.py:ensure:32) | 依赖已满足: PyMySQL
[2025-10-02 14:26:31,444.444] INFO     [Thread-4 (runner)|MainProcess] PackageHelper (packhelper.py:ensure:32) | 依赖已满足: requests
[2025-10-02 14:26:31,445.445] INFO     [Thread-4 (runner)|MainProcess] PackageHelper (packhelper.py:ensure:32) | 依赖已满足: bs4
[2025-10-02 14:26:31,445.445] INFO     [Thread-4 (runner)|MainProcess] PackageHelper (packhelper.py:ensure:32) | 依赖已满足: zhconv
[2025-10-02 14:26:31,446.446] INFO     [Thread-4 (runner)|MainProcess] PackageHelper (packhelper.py:ensure:32) | 依赖已满足: pandas
[2025-10-02 14:26:31,446.446] INFO     [Thread-4 (runner)|MainProcess] PackageHelper (packhelper.py:ensure:32) | 依赖已满足: cryptography
[2025-10-02 14:26:31,450.450] INFO     [Thread-4 (runner)|MainProcess] PackageHelper (packhelper.py:ensure:32) | 依赖已满足: torch
[2025-10-02 14:26:31,452.452] INFO     [Thread-4 (runner)|MainProcess] PackageHelper (packhelper.py:ensure:32) | 依赖已满足: numpy
[2025-10-02 14:26:31,453.453] INFO     [Thread-4 (runner)|MainProcess] PackageHelper (packhelper.py:ensure:32) | 依赖已满足: pyyaml
[2025-10-02 14:26:32,468.468] INFO     [Thread-4 (runner)|MainProcess] PluginLoader (loader.py:_import_single:89) | 成功导入插件文件: __init__
[2025-10-02 14:26:32,468.468] INFO     [Thread-4 (runner)|MainProcess] PluginLoader (loader.py:from_class_load_plugins:217) | 加载插件「CS2CaseSimulator」
[2025-10-02 14:26:32,468.468] INFO     [Thread-4 (runner)|MainProcess] PluginLoader (loader.py:from_class_load_plugins:217) | 加载插件「DailyLuck」
[2025-10-02 14:26:32,469.469] INFO     [Thread-4 (runner)|MainProcess] PluginLoader (loader.py:from_class_load_plugins:217) | 加载插件「DailyWife」
[2025-10-02 14:26:32,469.469] INFO     [Thread-4 (runner)|MainProcess] PluginLoader (loader.py:from_class_load_plugins:217) | 加载插件「GoBang」
[2025-10-02 14:26:32,470.470] INFO     [Thread-4 (runner)|MainProcess] PluginLoader (loader.py:from_class_load_plugins:217) | 加载插件「HistoryDay」
[2025-10-02 14:26:32,470.470] INFO     [Thread-4 (runner)|MainProcess] PluginLoader (loader.py:from_class_load_plugins:217) | 加载插件「Menu」
[2025-10-02 14:26:32,470.470] INFO     [Thread-4 (runner)|MainProcess] PluginLoader (loader.py:from_class_load_plugins:217) | 加载插件「Poem」
[2025-10-02 14:26:32,471.471] INFO     [Thread-4 (runner)|MainProcess] PluginLoader (loader.py:from_class_load_plugins:217) | 加载插件「What2Eat」
[2025-10-02 14:26:32,477.477] INFO     [Thread-4 (runner)|MainProcess] PluginLoader (loader.py:load_plugins:277) | 已加载插件数 [10]
[2025-10-02 14:26:32,478.478] INFO     [MainThread|MainProcess] ncatbot.core.adapter.nc.launch (launch.py:lanuch_napcat_service:104) | 正在以本地模式运行, 检查中...
[2025-10-02 14:26:35,492.492] INFO     [MainThread|MainProcess] ncatbot.core.adapter.nc.install (install.py:install_napcat_windows:70) | 未找到 napcat ，是否要自动安装？
[2025-10-02 14:26:51,337.337] INFO     [MainThread|MainProcess] ncatbot.core.adapter.nc.install (install.py:get_napcat_version:45) | 正在获取版号信息... https://ghfast.top/https://raw.githubusercontent.com/NapNeko/NapCatQQ/main/package.json
[2025-10-02 14:26:53,585.585] INFO     [MainThread|MainProcess] ncatbot.core.adapter.nc.install (install.py:install_napcat_windows:85) | 下载链接为 https://ghfast.top/https://github.com/NapNeko/NapCatQQ/releases/download/v4.8.116/NapCat.Shell.zip...
[2025-10-02 14:26:53,585.585] INFO     [MainThread|MainProcess] ncatbot.core.adapter.nc.install (install.py:install_napcat_windows:86) | 正在下载 napcat 客户端, 请稍等...
[2025-10-02 14:27:28,933.933] ERROR    [MainThread|MainProcess] ncatbot.core.adapter.nc.utils (utils.py:download_file:52) | 从 https://ghfast.top/https://github.com/NapNeko/NapCatQQ/releases/download/v4.8.116/NapCat.Shell.zip 下载 napcat.zip 失败
[2025-10-02 14:27:28,943.943] ERROR    [MainThread|MainProcess] ncatbot.core.adapter.nc.utils (utils.py:unzip_file:64) | 解压 napcat.zip 失败
[2025-10-02 14:27:28,943.943] ERROR    [MainThread|MainProcess] ncatbot.core.adapter.nc.config (config.py:config_onebot11:80) | 配置 onebot 失败: [Errno 2] No such file or directory: 'napcat\\config\\onebot11_3909177943.json'
[2025-10-02 14:27:29,263.263] ERROR    [MainThread|MainProcess] ncatbot.core.adapter.nc.utils (utils.py:check_linux_permissions:216) | sudo 命令执行失败, 请检查错误: Command '['sudo', 'whoami']' returned non-zero exit status 2147942405.
[2025-10-02 14:27:34,668.668] DEBUG    [MainThread|MainProcess] logger (logger.py:setup_logging:259) | 日志系统初始化
[2025-10-02 14:27:34,670.670] DEBUG    [MainThread|MainProcess] Config (config.py:load:353) | 从 D:\my_project\QQBot\config.yaml 加载配置
[2025-10-02 14:27:34,671.671] WARNING  [MainThread|MainProcess] Config (config.py:create_from_file:304) | [setting] 未知配置项: bot_id
[2025-10-02 14:27:34,671.671] WARNING  [MainThread|MainProcess] Config (config.py:create_from_file:304) | [setting] 未知配置项: root_id
[2025-10-02 14:27:34,671.671] WARNING  [MainThread|MainProcess] Config (config.py:create_from_file:304) | [setting] 未知配置项: bot_name
[2025-10-02 14:27:34,671.671] WARNING  [MainThread|MainProcess] Config (config.py:create_from_file:304) | [setting] 未知配置项: host
[2025-10-02 14:27:34,671.671] WARNING  [MainThread|MainProcess] Config (config.py:create_from_file:304) | [setting] 未知配置项: user
[2025-10-02 14:27:34,671.671] WARNING  [MainThread|MainProcess] Config (config.py:create_from_file:304) | [setting] 未知配置项: password
[2025-10-02 14:27:34,671.671] WARNING  [MainThread|MainProcess] Config (config.py:create_from_file:304) | [setting] 未知配置项: database
[2025-10-02 14:27:34,671.671] WARNING  [MainThread|MainProcess] Config (config.py:create_from_file:304) | [setting] 未知配置项: gaode_map_key
[2025-10-02 14:27:34,671.671] WARNING  [MainThread|MainProcess] Config (config.py:create_from_file:304) | [setting] 未知配置项: crawl_interval
[2025-10-02 14:27:34,731.731] INFO     [MainThread|MainProcess] Config (config.py:validate_config:339) | [BOTQQ]: 3909177943 | [WSURI]: ws://localhost:3001 | [WS_TOKEN]: ncatbot | [ROOT]: 1633360356 | [WEBUI]: http://localhost:6099 | [WEBUI_TOKEN]: napcat
[2025-10-02 14:27:34,775.775] INFO     [Thread-4 (runner)|MainProcess] PluginLoader (loader.py:load_builtin_plugins:251) | 已加载内置插件数 [2]
[2025-10-02 14:27:34,775.775] INFO     [Thread-4 (runner)|MainProcess] PluginLoader (loader.py:load_plugins:265) | 从 D:\my_project\QQBot\plugins 导入插件
[2025-10-02 14:27:34,780.780] INFO     [Thread-4 (runner)|MainProcess] PackageHelper (packhelper.py:ensure:32) | 依赖已满足: PyMySQL
[2025-10-02 14:27:34,781.781] INFO     [Thread-4 (runner)|MainProcess] PackageHelper (packhelper.py:ensure:32) | 依赖已满足: pyyaml
[2025-10-02 14:27:34,781.781] INFO     [Thread-4 (runner)|MainProcess] PackageHelper (packhelper.py:ensure:32) | 依赖已满足: requests
[2025-10-02 14:27:34,863.863] INFO     [Thread-4 (runner)|MainProcess] PackageHelper (packhelper.py:ensure:32) | 依赖已满足: PyMySQL
[2025-10-02 14:27:35,047.047] INFO     [Thread-4 (runner)|MainProcess] PackageHelper (packhelper.py:ensure:32) | 依赖已满足: requests
[2025-10-02 14:27:35,047.047] INFO     [Thread-4 (runner)|MainProcess] PackageHelper (packhelper.py:ensure:32) | 依赖已满足: bs4
[2025-10-02 14:27:35,048.048] INFO     [Thread-4 (runner)|MainProcess] PackageHelper (packhelper.py:ensure:32) | 依赖已满足: zhconv
[2025-10-02 14:27:35,049.049] INFO     [Thread-4 (runner)|MainProcess] PackageHelper (packhelper.py:ensure:32) | 依赖已满足: pandas
[2025-10-02 14:27:35,049.049] INFO     [Thread-4 (runner)|MainProcess] PackageHelper (packhelper.py:ensure:32) | 依赖已满足: cryptography
[2025-10-02 14:27:35,053.053] INFO     [Thread-4 (runner)|MainProcess] PackageHelper (packhelper.py:ensure:32) | 依赖已满足: torch
[2025-10-02 14:27:35,055.055] INFO     [Thread-4 (runner)|MainProcess] PackageHelper (packhelper.py:ensure:32) | 依赖已满足: numpy
[2025-10-02 14:27:35,056.056] INFO     [Thread-4 (runner)|MainProcess] PackageHelper (packhelper.py:ensure:32) | 依赖已满足: pyyaml
[2025-10-02 14:27:36,090.090] INFO     [Thread-4 (runner)|MainProcess] PluginLoader (loader.py:_import_single:89) | 成功导入插件文件: __init__
[2025-10-02 14:27:36,091.091] INFO     [Thread-4 (runner)|MainProcess] PluginLoader (loader.py:from_class_load_plugins:217) | 加载插件「CS2CaseSimulator」
[2025-10-02 14:27:36,091.091] INFO     [Thread-4 (runner)|MainProcess] PluginLoader (loader.py:from_class_load_plugins:217) | 加载插件「DailyLuck」
[2025-10-02 14:27:36,091.091] INFO     [Thread-4 (runner)|MainProcess] PluginLoader (loader.py:from_class_load_plugins:217) | 加载插件「DailyWife」
[2025-10-02 14:27:36,092.092] INFO     [Thread-4 (runner)|MainProcess] PluginLoader (loader.py:from_class_load_plugins:217) | 加载插件「GoBang」
[2025-10-02 14:27:36,092.092] INFO     [Thread-4 (runner)|MainProcess] PluginLoader (loader.py:from_class_load_plugins:217) | 加载插件「HistoryDay」
[2025-10-02 14:27:36,092.092] INFO     [Thread-4 (runner)|MainProcess] PluginLoader (loader.py:from_class_load_plugins:217) | 加载插件「Menu」
[2025-10-02 14:27:36,093.093] INFO     [Thread-4 (runner)|MainProcess] PluginLoader (loader.py:from_class_load_plugins:217) | 加载插件「Poem」
[2025-10-02 14:27:36,093.093] INFO     [Thread-4 (runner)|MainProcess] PluginLoader (loader.py:from_class_load_plugins:217) | 加载插件「What2Eat」
[2025-10-02 14:27:36,100.100] INFO     [Thread-4 (runner)|MainProcess] PluginLoader (loader.py:load_plugins:277) | 已加载插件数 [10]
[2025-10-02 14:27:36,101.101] INFO     [MainThread|MainProcess] ncatbot.core.adapter.nc.launch (launch.py:lanuch_napcat_service:104) | 正在以本地模式运行, 检查中...
[2025-10-02 14:27:39,119.119] INFO     [MainThread|MainProcess] ncatbot.core.adapter.nc.install (install.py:install_napcat_windows:70) | 未找到 napcat ，是否要自动安装？
[2025-10-02 14:27:42,941.941] INFO     [MainThread|MainProcess] ncatbot.core.adapter.nc.install (install.py:get_napcat_version:45) | 正在获取版号信息... https://ghfast.top/https://raw.githubusercontent.com/NapNeko/NapCatQQ/main/package.json
[2025-10-02 14:27:43,951.951] INFO     [MainThread|MainProcess] ncatbot.core.adapter.nc.install (install.py:install_napcat_windows:85) | 下载链接为 https://ghfast.top/https://github.com/NapNeko/NapCatQQ/releases/download/v4.8.116/NapCat.Shell.zip...
[2025-10-02 14:27:43,951.951] INFO     [MainThread|MainProcess] ncatbot.core.adapter.nc.install (install.py:install_napcat_windows:86) | 正在下载 napcat 客户端, 请稍等...
[2025-10-02 14:27:59,028.028] INFO     [MainThread|MainProcess] ncatbot.core.adapter.nc.utils (utils.py:unzip_file:60) | 解压 napcat.zip 成功
[2025-10-02 14:27:59,030.030] WARNING  [MainThread|MainProcess] ncatbot.core.adapter.nc.config (config.py:config_webui:107) | 第一次运行 WebUI, 将创建 WebUI 配置文件
[2025-10-02 14:27:59,031.031] INFO     [MainThread|MainProcess] adapter.nc.start (start.py:get_launcher_name:120) | 当前操作系统为: Windows 11
[2025-10-02 14:27:59,031.031] INFO     [MainThread|MainProcess] adapter.nc.start (start.py:start_napcat_windows:133) | 正在启动QQ, 启动器路径: D:\my_project\QQBot\napcat\launcher.bat
[2025-10-02 14:28:16,074.074] ERROR    [MainThread|MainProcess] NcatBotError (error.py:__init__:9) | 禁用 WebUI 交互时, 必须手动登录
[2025-10-02 14:28:55,035.035] DEBUG    [MainThread|MainProcess] logger (logger.py:setup_logging:259) | 日志系统初始化
[2025-10-02 14:28:55,036.036] DEBUG    [MainThread|MainProcess] Config (config.py:load:353) | 从 D:\my_project\QQBot\config.yaml 加载配置
[2025-10-02 14:28:55,039.039] WARNING  [MainThread|MainProcess] Config (config.py:create_from_file:304) | [setting] 未知配置项: bot_id
[2025-10-02 14:28:55,039.039] WARNING  [MainThread|MainProcess] Config (config.py:create_from_file:304) | [setting] 未知配置项: root_id
[2025-10-02 14:28:55,039.039] WARNING  [MainThread|MainProcess] Config (config.py:create_from_file:304) | [setting] 未知配置项: bot_name
[2025-10-02 14:28:55,039.039] WARNING  [MainThread|MainProcess] Config (config.py:create_from_file:304) | [setting] 未知配置项: host
[2025-10-02 14:28:55,039.039] WARNING  [MainThread|MainProcess] Config (config.py:create_from_file:304) | [setting] 未知配置项: user
[2025-10-02 14:28:55,039.039] WARNING  [MainThread|MainProcess] Config (config.py:create_from_file:304) | [setting] 未知配置项: password
[2025-10-02 14:28:55,039.039] WARNING  [MainThread|MainProcess] Config (config.py:create_from_file:304) | [setting] 未知配置项: database
[2025-10-02 14:28:55,039.039] WARNING  [MainThread|MainProcess] Config (config.py:create_from_file:304) | [setting] 未知配置项: gaode_map_key
[2025-10-02 14:28:55,039.039] WARNING  [MainThread|MainProcess] Config (config.py:create_from_file:304) | [setting] 未知配置项: crawl_interval
[2025-10-02 14:28:55,096.096] INFO     [MainThread|MainProcess] Config (config.py:validate_config:339) | [BOTQQ]: 3909177943 | [WSURI]: ws://localhost:3001 | [WS_TOKEN]: NcatBot | [ROOT]: 1633360356 | [WEBUI]: http://localhost:6099 | [WEBUI_TOKEN]: NcatBot
[2025-10-02 14:28:55,096.096] ERROR    [MainThread|MainProcess] Config (config.py:_security_check:181) | WebUI 令牌强度不足，请修改为强密码
[2025-10-02 14:29:29,517.517] DEBUG    [MainThread|MainProcess] logger (logger.py:setup_logging:259) | 日志系统初始化
[2025-10-02 14:29:29,519.519] DEBUG    [MainThread|MainProcess] Config (config.py:load:353) | 从 D:\my_project\QQBot\config.yaml 加载配置
[2025-10-02 14:29:29,522.522] WARNING  [MainThread|MainProcess] Config (config.py:create_from_file:304) | [setting] 未知配置项: bot_id
[2025-10-02 14:29:29,522.522] WARNING  [MainThread|MainProcess] Config (config.py:create_from_file:304) | [setting] 未知配置项: root_id
[2025-10-02 14:29:29,522.522] WARNING  [MainThread|MainProcess] Config (config.py:create_from_file:304) | [setting] 未知配置项: bot_name
[2025-10-02 14:29:29,522.522] WARNING  [MainThread|MainProcess] Config (config.py:create_from_file:304) | [setting] 未知配置项: host
[2025-10-02 14:29:29,523.523] WARNING  [MainThread|MainProcess] Config (config.py:create_from_file:304) | [setting] 未知配置项: user
[2025-10-02 14:29:29,523.523] WARNING  [MainThread|MainProcess] Config (config.py:create_from_file:304) | [setting] 未知配置项: password
[2025-10-02 14:29:29,523.523] WARNING  [MainThread|MainProcess] Config (config.py:create_from_file:304) | [setting] 未知配置项: database
[2025-10-02 14:29:29,523.523] WARNING  [MainThread|MainProcess] Config (config.py:create_from_file:304) | [setting] 未知配置项: gaode_map_key
[2025-10-02 14:29:29,523.523] WARNING  [MainThread|MainProcess] Config (config.py:create_from_file:304) | [setting] 未知配置项: crawl_interval
[2025-10-02 14:29:29,581.581] INFO     [MainThread|MainProcess] Config (config.py:validate_config:339) | [BOTQQ]: 3909177943 | [WSURI]: ws://localhost:3001 | [WS_TOKEN]: NcatBot | [ROOT]: 1633360356 | [WEBUI]: http://localhost:6099 | [WEBUI_TOKEN]: Yx030411
[2025-10-02 14:29:29,581.581] ERROR    [MainThread|MainProcess] Config (config.py:_security_check:181) | WebUI 令牌强度不足，请修改为强密码
[2025-10-02 14:30:07,267.267] DEBUG    [MainThread|MainProcess] logger (logger.py:setup_logging:259) | 日志系统初始化
[2025-10-02 14:30:07,268.268] DEBUG    [MainThread|MainProcess] Config (config.py:load:353) | 从 D:\my_project\QQBot\config.yaml 加载配置
[2025-10-02 14:30:07,271.271] WARNING  [MainThread|MainProcess] Config (config.py:create_from_file:304) | [setting] 未知配置项: bot_id
[2025-10-02 14:30:07,271.271] WARNING  [MainThread|MainProcess] Config (config.py:create_from_file:304) | [setting] 未知配置项: root_id
[2025-10-02 14:30:07,271.271] WARNING  [MainThread|MainProcess] Config (config.py:create_from_file:304) | [setting] 未知配置项: bot_name
[2025-10-02 14:30:07,272.272] WARNING  [MainThread|MainProcess] Config (config.py:create_from_file:304) | [setting] 未知配置项: host
[2025-10-02 14:30:07,272.272] WARNING  [MainThread|MainProcess] Config (config.py:create_from_file:304) | [setting] 未知配置项: user
[2025-10-02 14:30:07,272.272] WARNING  [MainThread|MainProcess] Config (config.py:create_from_file:304) | [setting] 未知配置项: password
[2025-10-02 14:30:07,272.272] WARNING  [MainThread|MainProcess] Config (config.py:create_from_file:304) | [setting] 未知配置项: database
[2025-10-02 14:30:07,272.272] WARNING  [MainThread|MainProcess] Config (config.py:create_from_file:304) | [setting] 未知配置项: gaode_map_key
[2025-10-02 14:30:07,272.272] WARNING  [MainThread|MainProcess] Config (config.py:create_from_file:304) | [setting] 未知配置项: crawl_interval
[2025-10-02 14:30:07,329.329] INFO     [MainThread|MainProcess] Config (config.py:validate_config:339) | [BOTQQ]: 3909177943 | [WSURI]: ws://localhost:3001 | [WS_TOKEN]: NcatBot | [ROOT]: 1633360356 | [WEBUI]: http://localhost:6099 | [WEBUI_TOKEN]: Yx030411
[2025-10-02 14:30:07,330.330] ERROR    [MainThread|MainProcess] Config (config.py:_security_check:181) | WebUI 令牌强度不足，请修改为强密码
[2025-10-02 14:31:06,729.729] DEBUG    [MainThread|MainProcess] logger (logger.py:setup_logging:259) | 日志系统初始化
[2025-10-02 14:31:06,731.731] DEBUG    [MainThread|MainProcess] Config (config.py:load:353) | 从 D:\my_project\QQBot\config.yaml 加载配置
[2025-10-02 14:31:06,732.732] ERROR    [MainThread|MainProcess] Config (config.py:load:356) | 加载配置失败: [setting] 配置文件格式无效！
[2025-10-02 14:31:06,796.796] WARNING  [MainThread|MainProcess] Config (config.py:validate_config:333) | 配置中未设置 QQ 号
[2025-10-02 14:31:16,592.592] DEBUG    [MainThread|MainProcess] logger (logger.py:setup_logging:259) | 日志系统初始化
[2025-10-02 14:31:16,594.594] DEBUG    [MainThread|MainProcess] Config (config.py:load:353) | 从 D:\my_project\QQBot\config.yaml 加载配置
[2025-10-02 14:31:16,597.597] WARNING  [MainThread|MainProcess] Config (config.py:create_from_file:304) | [setting] 未知配置项: bot_id
[2025-10-02 14:31:16,597.597] WARNING  [MainThread|MainProcess] Config (config.py:create_from_file:304) | [setting] 未知配置项: root_id
[2025-10-02 14:31:16,597.597] WARNING  [MainThread|MainProcess] Config (config.py:create_from_file:304) | [setting] 未知配置项: bot_name
[2025-10-02 14:31:16,597.597] WARNING  [MainThread|MainProcess] Config (config.py:create_from_file:304) | [setting] 未知配置项: host
[2025-10-02 14:31:16,597.597] WARNING  [MainThread|MainProcess] Config (config.py:create_from_file:304) | [setting] 未知配置项: user
[2025-10-02 14:31:16,597.597] WARNING  [MainThread|MainProcess] Config (config.py:create_from_file:304) | [setting] 未知配置项: password
[2025-10-02 14:31:16,597.597] WARNING  [MainThread|MainProcess] Config (config.py:create_from_file:304) | [setting] 未知配置项: database
[2025-10-02 14:31:16,597.597] WARNING  [MainThread|MainProcess] Config (config.py:create_from_file:304) | [setting] 未知配置项: gaode_map_key
[2025-10-02 14:31:16,597.597] WARNING  [MainThread|MainProcess] Config (config.py:create_from_file:304) | [setting] 未知配置项: crawl_interval
[2025-10-02 14:31:16,655.655] INFO     [MainThread|MainProcess] Config (config.py:validate_config:339) | [BOTQQ]: 3909177943 | [WSURI]: ws://localhost:3001 | [WS_TOKEN]: NcatBot | [ROOT]: 1633360356 | [WEBUI]: http://localhost:6099 | [WEBUI_TOKEN]: 123NcatBot321!@
[2025-10-02 14:31:16,700.700] INFO     [Thread-4 (runner)|MainProcess] PluginLoader (loader.py:load_builtin_plugins:251) | 已加载内置插件数 [2]
[2025-10-02 14:31:16,700.700] INFO     [Thread-4 (runner)|MainProcess] PluginLoader (loader.py:load_plugins:265) | 从 D:\my_project\QQBot\plugins 导入插件
[2025-10-02 14:31:16,705.705] INFO     [Thread-4 (runner)|MainProcess] PackageHelper (packhelper.py:ensure:32) | 依赖已满足: PyMySQL
[2025-10-02 14:31:16,706.706] INFO     [Thread-4 (runner)|MainProcess] PackageHelper (packhelper.py:ensure:32) | 依赖已满足: pyyaml
[2025-10-02 14:31:16,707.707] INFO     [Thread-4 (runner)|MainProcess] PackageHelper (packhelper.py:ensure:32) | 依赖已满足: requests
[2025-10-02 14:31:16,790.790] INFO     [Thread-4 (runner)|MainProcess] PackageHelper (packhelper.py:ensure:32) | 依赖已满足: PyMySQL
[2025-10-02 14:31:16,988.988] INFO     [Thread-4 (runner)|MainProcess] PackageHelper (packhelper.py:ensure:32) | 依赖已满足: requests
[2025-10-02 14:31:16,989.989] INFO     [Thread-4 (runner)|MainProcess] PackageHelper (packhelper.py:ensure:32) | 依赖已满足: bs4
[2025-10-02 14:31:16,989.989] INFO     [Thread-4 (runner)|MainProcess] PackageHelper (packhelper.py:ensure:32) | 依赖已满足: zhconv
[2025-10-02 14:31:16,991.991] INFO     [Thread-4 (runner)|MainProcess] PackageHelper (packhelper.py:ensure:32) | 依赖已满足: pandas
[2025-10-02 14:31:16,991.991] INFO     [Thread-4 (runner)|MainProcess] PackageHelper (packhelper.py:ensure:32) | 依赖已满足: cryptography
[2025-10-02 14:31:16,996.996] INFO     [Thread-4 (runner)|MainProcess] PackageHelper (packhelper.py:ensure:32) | 依赖已满足: torch
[2025-10-02 14:31:16,998.998] INFO     [Thread-4 (runner)|MainProcess] PackageHelper (packhelper.py:ensure:32) | 依赖已满足: numpy
[2025-10-02 14:31:16,999.999] INFO     [Thread-4 (runner)|MainProcess] PackageHelper (packhelper.py:ensure:32) | 依赖已满足: pyyaml
[2025-10-02 14:31:18,024.024] INFO     [Thread-4 (runner)|MainProcess] PluginLoader (loader.py:_import_single:89) | 成功导入插件文件: __init__
[2025-10-02 14:31:18,024.024] INFO     [Thread-4 (runner)|MainProcess] PluginLoader (loader.py:from_class_load_plugins:217) | 加载插件「CS2CaseSimulator」
[2025-10-02 14:31:18,025.025] INFO     [Thread-4 (runner)|MainProcess] PluginLoader (loader.py:from_class_load_plugins:217) | 加载插件「DailyLuck」
[2025-10-02 14:31:18,025.025] INFO     [Thread-4 (runner)|MainProcess] PluginLoader (loader.py:from_class_load_plugins:217) | 加载插件「DailyWife」
[2025-10-02 14:31:18,025.025] INFO     [Thread-4 (runner)|MainProcess] PluginLoader (loader.py:from_class_load_plugins:217) | 加载插件「GoBang」
[2025-10-02 14:31:18,026.026] INFO     [Thread-4 (runner)|MainProcess] PluginLoader (loader.py:from_class_load_plugins:217) | 加载插件「HistoryDay」
[2025-10-02 14:31:18,026.026] INFO     [Thread-4 (runner)|MainProcess] PluginLoader (loader.py:from_class_load_plugins:217) | 加载插件「Menu」
[2025-10-02 14:31:18,026.026] INFO     [Thread-4 (runner)|MainProcess] PluginLoader (loader.py:from_class_load_plugins:217) | 加载插件「Poem」
[2025-10-02 14:31:18,027.027] INFO     [Thread-4 (runner)|MainProcess] PluginLoader (loader.py:from_class_load_plugins:217) | 加载插件「What2Eat」
[2025-10-02 14:31:18,034.034] INFO     [Thread-4 (runner)|MainProcess] PluginLoader (loader.py:load_plugins:277) | 已加载插件数 [10]
[2025-10-02 14:31:18,035.035] INFO     [MainThread|MainProcess] ncatbot.core.adapter.nc.launch (launch.py:lanuch_napcat_service:104) | 正在以本地模式运行, 检查中...
[2025-10-02 14:31:23,501.501] WARNING  [MainThread|MainProcess] ncatbot.core.adapter.nc.config (config.py:config_webui:100) | WebUI 令牌不匹配, 将修改为 NcatBot 配置的令牌: 123NcatBot321!@
[2025-10-02 14:31:23,502.502] INFO     [MainThread|MainProcess] adapter.nc.start (start.py:get_launcher_name:120) | 当前操作系统为: Windows 11
[2025-10-02 14:31:23,502.502] INFO     [MainThread|MainProcess] adapter.nc.start (start.py:start_napcat_windows:133) | 正在启动QQ, 启动器路径: D:\my_project\QQBot\napcat\launcher.bat
[2025-10-02 14:31:40,549.549] ERROR    [MainThread|MainProcess] NcatBotError (error.py:__init__:9) | 禁用 WebUI 交互时, 必须手动登录
[2025-10-02 14:33:12,796.796] DEBUG    [MainThread|MainProcess] logger (logger.py:setup_logging:259) | 日志系统初始化
[2025-10-02 14:33:12,797.797] DEBUG    [MainThread|MainProcess] Config (config.py:load:353) | 从 D:\my_project\QQBot\config.yaml 加载配置
[2025-10-02 14:33:12,800.800] WARNING  [MainThread|MainProcess] Config (config.py:create_from_file:304) | [setting] 未知配置项: bot_id
[2025-10-02 14:33:12,800.800] WARNING  [MainThread|MainProcess] Config (config.py:create_from_file:304) | [setting] 未知配置项: root_id
[2025-10-02 14:33:12,800.800] WARNING  [MainThread|MainProcess] Config (config.py:create_from_file:304) | [setting] 未知配置项: bot_name
[2025-10-02 14:33:12,800.800] WARNING  [MainThread|MainProcess] Config (config.py:create_from_file:304) | [setting] 未知配置项: host
[2025-10-02 14:33:12,800.800] WARNING  [MainThread|MainProcess] Config (config.py:create_from_file:304) | [setting] 未知配置项: user
[2025-10-02 14:33:12,801.801] WARNING  [MainThread|MainProcess] Config (config.py:create_from_file:304) | [setting] 未知配置项: password
[2025-10-02 14:33:12,801.801] WARNING  [MainThread|MainProcess] Config (config.py:create_from_file:304) | [setting] 未知配置项: database
[2025-10-02 14:33:12,801.801] WARNING  [MainThread|MainProcess] Config (config.py:create_from_file:304) | [setting] 未知配置项: gaode_map_key
[2025-10-02 14:33:12,801.801] WARNING  [MainThread|MainProcess] Config (config.py:create_from_file:304) | [setting] 未知配置项: crawl_interval
[2025-10-02 14:33:12,857.857] INFO     [MainThread|MainProcess] Config (config.py:validate_config:339) | [BOTQQ]: 3909177943 | [WSURI]: ws://localhost:3001 | [WS_TOKEN]: NcatBot | [ROOT]: 1633360356 | [WEBUI]: http://localhost:6099 | [WEBUI_TOKEN]: 123NcatBot321!@
[2025-10-02 14:33:12,901.901] INFO     [Thread-4 (runner)|MainProcess] PluginLoader (loader.py:load_builtin_plugins:251) | 已加载内置插件数 [2]
[2025-10-02 14:33:12,901.901] INFO     [Thread-4 (runner)|MainProcess] PluginLoader (loader.py:load_plugins:265) | 从 D:\my_project\QQBot\plugins 导入插件
[2025-10-02 14:33:12,907.907] INFO     [Thread-4 (runner)|MainProcess] PackageHelper (packhelper.py:ensure:32) | 依赖已满足: PyMySQL
[2025-10-02 14:33:12,907.907] INFO     [Thread-4 (runner)|MainProcess] PackageHelper (packhelper.py:ensure:32) | 依赖已满足: pyyaml
[2025-10-02 14:33:12,908.908] INFO     [Thread-4 (runner)|MainProcess] PackageHelper (packhelper.py:ensure:32) | 依赖已满足: requests
[2025-10-02 14:33:12,989.989] INFO     [Thread-4 (runner)|MainProcess] PackageHelper (packhelper.py:ensure:32) | 依赖已满足: PyMySQL
[2025-10-02 14:33:13,174.174] INFO     [Thread-4 (runner)|MainProcess] PackageHelper (packhelper.py:ensure:32) | 依赖已满足: requests
[2025-10-02 14:33:13,175.175] INFO     [Thread-4 (runner)|MainProcess] PackageHelper (packhelper.py:ensure:32) | 依赖已满足: bs4
[2025-10-02 14:33:13,175.175] INFO     [Thread-4 (runner)|MainProcess] PackageHelper (packhelper.py:ensure:32) | 依赖已满足: zhconv
[2025-10-02 14:33:13,176.176] INFO     [Thread-4 (runner)|MainProcess] PackageHelper (packhelper.py:ensure:32) | 依赖已满足: pandas
[2025-10-02 14:33:13,177.177] INFO     [Thread-4 (runner)|MainProcess] PackageHelper (packhelper.py:ensure:32) | 依赖已满足: cryptography
[2025-10-02 14:33:13,182.182] INFO     [Thread-4 (runner)|MainProcess] PackageHelper (packhelper.py:ensure:32) | 依赖已满足: torch
[2025-10-02 14:33:13,184.184] INFO     [Thread-4 (runner)|MainProcess] PackageHelper (packhelper.py:ensure:32) | 依赖已满足: numpy
[2025-10-02 14:33:13,184.184] INFO     [Thread-4 (runner)|MainProcess] PackageHelper (packhelper.py:ensure:32) | 依赖已满足: pyyaml
[2025-10-02 14:33:14,205.205] INFO     [Thread-4 (runner)|MainProcess] PluginLoader (loader.py:_import_single:89) | 成功导入插件文件: __init__
[2025-10-02 14:33:14,205.205] INFO     [Thread-4 (runner)|MainProcess] PluginLoader (loader.py:from_class_load_plugins:217) | 加载插件「CS2CaseSimulator」
[2025-10-02 14:33:14,206.206] INFO     [Thread-4 (runner)|MainProcess] PluginLoader (loader.py:from_class_load_plugins:217) | 加载插件「DailyLuck」
[2025-10-02 14:33:14,206.206] INFO     [Thread-4 (runner)|MainProcess] PluginLoader (loader.py:from_class_load_plugins:217) | 加载插件「DailyWife」
[2025-10-02 14:33:14,207.207] INFO     [Thread-4 (runner)|MainProcess] PluginLoader (loader.py:from_class_load_plugins:217) | 加载插件「GoBang」
[2025-10-02 14:33:14,207.207] INFO     [Thread-4 (runner)|MainProcess] PluginLoader (loader.py:from_class_load_plugins:217) | 加载插件「HistoryDay」
[2025-10-02 14:33:14,207.207] INFO     [Thread-4 (runner)|MainProcess] PluginLoader (loader.py:from_class_load_plugins:217) | 加载插件「Menu」
[2025-10-02 14:33:14,208.208] INFO     [Thread-4 (runner)|MainProcess] PluginLoader (loader.py:from_class_load_plugins:217) | 加载插件「Poem」
[2025-10-02 14:33:14,208.208] INFO     [Thread-4 (runner)|MainProcess] PluginLoader (loader.py:from_class_load_plugins:217) | 加载插件「What2Eat」
[2025-10-02 14:33:14,215.215] INFO     [Thread-4 (runner)|MainProcess] PluginLoader (loader.py:load_plugins:277) | 已加载插件数 [10]
[2025-10-02 14:33:14,217.217] INFO     [MainThread|MainProcess] ncatbot.core.adapter.nc.launch (launch.py:lanuch_napcat_service:104) | 正在以本地模式运行, 检查中...
[2025-10-02 14:33:17,225.225] WARNING  [MainThread|MainProcess] ncatbot.core.adapter.nc.config (config.py:config_webui:100) | WebUI 令牌不匹配, 将修改为 NcatBot 配置的令牌: 123NcatBot321!@
[2025-10-02 14:33:17,225.225] WARNING  [MainThread|MainProcess] ncatbot.core.adapter.nc.config (config.py:config_webui:105) | WebUI 监听 IP 不匹配, 将修改为 NcatBot 配置的监听 IP: localhost
[2025-10-02 14:33:17,226.226] INFO     [MainThread|MainProcess] adapter.nc.start (start.py:get_launcher_name:120) | 当前操作系统为: Windows 11
[2025-10-02 14:33:17,226.226] INFO     [MainThread|MainProcess] adapter.nc.start (start.py:start_napcat_windows:133) | 正在启动QQ, 启动器路径: D:\my_project\QQBot\napcat\launcher.bat
[2025-10-02 14:33:20,753.753] INFO     [MainThread|MainProcess] Adapter (adapter.py:connect_websocket:92) | NapCat WebSocket 连接成功
[2025-10-02 14:33:20,753.753] INFO     [Thread-1 (_worker_loop)|MainProcess] Client (client.py:<lambda>:79) | Bot 3909177943 启动成功
[2025-10-02 14:33:35,221.221] ERROR    [Thread-20 (runner)|MainProcess] FunctionMixin (func_mixin.py:wrapped_handler:186) | 插件 Menu 功能 Menu 执行失败: module 'DailyMusic' has no attribute '__all__'
Traceback (most recent call last):
  File "D:\my_project\QQBot\.venv\Lib\site-packages\ncatbot\plugin_system\builtin_mixin\func_mixin.py", line 181, in wrapped_handler
    return await current_handler(data)
           ^^^^^^^^^^^^^^^^^^^^^^^^^^^
  File "D:\my_project\QQBot\plugins\Menu\main.py", line 42, in menu
    plugin_name, plugin_version, plugin_meta = get_plugin_info(f"{self.plugin_dir}/{plugin}")
                                               ~~~~~~~~~~~~~~~^^^^^^^^^^^^^^^^^^^^^^^^^^^^^^^
  File "D:\my_project\QQBot\plugins\Menu\utils.py", line 14, in get_plugin_info
    for plugin_class_name in module.__all__:
                             ^^^^^^^^^^^^^^
AttributeError: module 'DailyMusic' has no attribute '__all__'. Did you mean: '__file__'?
[2025-10-02 14:34:25,237.237] INFO     [MainThread|MainProcess] Client (client.py:bot_exit:202) | Bot 已经正常退出
[2025-10-02 14:34:32,811.811] DEBUG    [MainThread|MainProcess] logger (logger.py:setup_logging:259) | 日志系统初始化
[2025-10-02 14:34:32,812.812] DEBUG    [MainThread|MainProcess] Config (config.py:load:353) | 从 D:\my_project\QQBot\config.yaml 加载配置
[2025-10-02 14:34:32,816.816] WARNING  [MainThread|MainProcess] Config (config.py:create_from_file:304) | [setting] 未知配置项: bot_id
[2025-10-02 14:34:32,816.816] WARNING  [MainThread|MainProcess] Config (config.py:create_from_file:304) | [setting] 未知配置项: root_id
[2025-10-02 14:34:32,816.816] WARNING  [MainThread|MainProcess] Config (config.py:create_from_file:304) | [setting] 未知配置项: bot_name
[2025-10-02 14:34:32,816.816] WARNING  [MainThread|MainProcess] Config (config.py:create_from_file:304) | [setting] 未知配置项: host
[2025-10-02 14:34:32,816.816] WARNING  [MainThread|MainProcess] Config (config.py:create_from_file:304) | [setting] 未知配置项: user
[2025-10-02 14:34:32,816.816] WARNING  [MainThread|MainProcess] Config (config.py:create_from_file:304) | [setting] 未知配置项: password
[2025-10-02 14:34:32,816.816] WARNING  [MainThread|MainProcess] Config (config.py:create_from_file:304) | [setting] 未知配置项: database
[2025-10-02 14:34:32,816.816] WARNING  [MainThread|MainProcess] Config (config.py:create_from_file:304) | [setting] 未知配置项: gaode_map_key
[2025-10-02 14:34:32,816.816] WARNING  [MainThread|MainProcess] Config (config.py:create_from_file:304) | [setting] 未知配置项: crawl_interval
[2025-10-02 14:34:32,872.872] INFO     [MainThread|MainProcess] Config (config.py:validate_config:339) | [BOTQQ]: 3909177943 | [WSURI]: ws://localhost:3001 | [WS_TOKEN]: NcatBot | [ROOT]: 1633360356 | [WEBUI]: http://localhost:6099 | [WEBUI_TOKEN]: 123NcatBot321!@
[2025-10-02 14:34:32,918.918] INFO     [Thread-4 (runner)|MainProcess] PluginLoader (loader.py:load_builtin_plugins:251) | 已加载内置插件数 [2]
[2025-10-02 14:34:32,918.918] INFO     [Thread-4 (runner)|MainProcess] PluginLoader (loader.py:load_plugins:265) | 从 D:\my_project\QQBot\plugins 导入插件
[2025-10-02 14:34:32,923.923] INFO     [Thread-4 (runner)|MainProcess] PackageHelper (packhelper.py:ensure:32) | 依赖已满足: PyMySQL
[2025-10-02 14:34:32,924.924] INFO     [Thread-4 (runner)|MainProcess] PackageHelper (packhelper.py:ensure:32) | 依赖已满足: pyyaml
[2025-10-02 14:34:32,925.925] INFO     [Thread-4 (runner)|MainProcess] PackageHelper (packhelper.py:ensure:32) | 依赖已满足: requests
[2025-10-02 14:34:33,009.009] INFO     [Thread-4 (runner)|MainProcess] PackageHelper (packhelper.py:ensure:32) | 依赖已满足: PyMySQL
[2025-10-02 14:34:33,200.200] INFO     [Thread-4 (runner)|MainProcess] PackageHelper (packhelper.py:ensure:32) | 依赖已满足: requests
[2025-10-02 14:34:33,201.201] INFO     [Thread-4 (runner)|MainProcess] PackageHelper (packhelper.py:ensure:32) | 依赖已满足: bs4
[2025-10-02 14:34:33,202.202] INFO     [Thread-4 (runner)|MainProcess] PackageHelper (packhelper.py:ensure:32) | 依赖已满足: zhconv
[2025-10-02 14:34:33,202.202] INFO     [Thread-4 (runner)|MainProcess] PackageHelper (packhelper.py:ensure:32) | 依赖已满足: pandas
[2025-10-02 14:34:33,203.203] INFO     [Thread-4 (runner)|MainProcess] PackageHelper (packhelper.py:ensure:32) | 依赖已满足: cryptography
[2025-10-02 14:34:33,208.208] INFO     [Thread-4 (runner)|MainProcess] PackageHelper (packhelper.py:ensure:32) | 依赖已满足: torch
[2025-10-02 14:34:33,210.210] INFO     [Thread-4 (runner)|MainProcess] PackageHelper (packhelper.py:ensure:32) | 依赖已满足: numpy
[2025-10-02 14:34:33,211.211] INFO     [Thread-4 (runner)|MainProcess] PackageHelper (packhelper.py:ensure:32) | 依赖已满足: pyyaml
[2025-10-02 14:34:34,231.231] INFO     [Thread-4 (runner)|MainProcess] PluginLoader (loader.py:_import_single:89) | 成功导入插件文件: __init__
[2025-10-02 14:34:34,231.231] INFO     [Thread-4 (runner)|MainProcess] PluginLoader (loader.py:from_class_load_plugins:217) | 加载插件「CS2CaseSimulator」
[2025-10-02 14:34:34,232.232] INFO     [Thread-4 (runner)|MainProcess] PluginLoader (loader.py:from_class_load_plugins:217) | 加载插件「DailyLuck」
[2025-10-02 14:34:34,232.232] INFO     [Thread-4 (runner)|MainProcess] PluginLoader (loader.py:from_class_load_plugins:217) | 加载插件「DailyMusic」
[2025-10-02 14:34:34,233.233] INFO     [Thread-4 (runner)|MainProcess] PluginLoader (loader.py:from_class_load_plugins:217) | 加载插件「DailyWife」
[2025-10-02 14:34:34,233.233] INFO     [Thread-4 (runner)|MainProcess] PluginLoader (loader.py:from_class_load_plugins:217) | 加载插件「GoBang」
[2025-10-02 14:34:34,234.234] INFO     [Thread-4 (runner)|MainProcess] PluginLoader (loader.py:from_class_load_plugins:217) | 加载插件「HistoryDay」
[2025-10-02 14:34:34,234.234] INFO     [Thread-4 (runner)|MainProcess] PluginLoader (loader.py:from_class_load_plugins:217) | 加载插件「Menu」
[2025-10-02 14:34:34,234.234] INFO     [Thread-4 (runner)|MainProcess] PluginLoader (loader.py:from_class_load_plugins:217) | 加载插件「Poem」
[2025-10-02 14:34:34,235.235] INFO     [Thread-4 (runner)|MainProcess] PluginLoader (loader.py:from_class_load_plugins:217) | 加载插件「What2Eat」
[2025-10-02 14:34:34,246.246] INFO     [Thread-4 (runner)|MainProcess] PluginLoader (loader.py:load_plugins:277) | 已加载插件数 [11]
[2025-10-02 14:34:34,247.247] INFO     [MainThread|MainProcess] ncatbot.core.adapter.nc.launch (launch.py:lanuch_napcat_service:104) | 正在以本地模式运行, 检查中...
[2025-10-02 14:34:34,262.262] INFO     [MainThread|MainProcess] ncatbot.core.adapter.nc.launch (launch.py:check_napcat_service_remote:70) | napcat 服务器 ws://localhost:3001 在线, 正在检查账号状态...
[2025-10-02 14:34:34,262.262] WARNING  [MainThread|MainProcess] ncatbot.core.adapter.nc.launch (launch.py:check_napcat_service_remote:72) | 跳过基于 WebUI 交互的检查, 请自行确保 NapCat 已经登录了正确的 QQ 3909177943
[2025-10-02 14:34:34,264.264] INFO     [MainThread|MainProcess] Adapter (adapter.py:connect_websocket:92) | NapCat WebSocket 连接成功
[2025-10-02 14:34:34,264.264] INFO     [Thread-1 (_worker_loop)|MainProcess] Client (client.py:<lambda>:79) | Bot 3909177943 启动成功
[2025-10-02 14:34:55,204.204] ERROR    [Thread-39 (runner)|MainProcess] FunctionMixin (func_mixin.py:wrapped_handler:186) | 插件 Menu 功能 Menu 执行失败: module 'UUCrawl' has no attribute '__all__'
Traceback (most recent call last):
  File "D:\my_project\QQBot\.venv\Lib\site-packages\ncatbot\plugin_system\builtin_mixin\func_mixin.py", line 181, in wrapped_handler
    return await current_handler(data)
           ^^^^^^^^^^^^^^^^^^^^^^^^^^^
  File "D:\my_project\QQBot\plugins\Menu\main.py", line 42, in menu
    plugin_name, plugin_version, plugin_meta = get_plugin_info(f"{self.plugin_dir}/{plugin}")
                                               ~~~~~~~~~~~~~~~^^^^^^^^^^^^^^^^^^^^^^^^^^^^^^^
  File "D:\my_project\QQBot\plugins\Menu\utils.py", line 14, in get_plugin_info
    for plugin_class_name in module.__all__:
                             ^^^^^^^^^^^^^^
AttributeError: module 'UUCrawl' has no attribute '__all__'. Did you mean: '__file__'?
[2025-10-02 14:35:10,649.649] INFO     [MainThread|MainProcess] Client (client.py:bot_exit:202) | Bot 已经正常退出
[2025-10-02 14:35:20,931.931] DEBUG    [MainThread|MainProcess] logger (logger.py:setup_logging:259) | 日志系统初始化
[2025-10-02 14:35:20,932.932] DEBUG    [MainThread|MainProcess] Config (config.py:load:353) | 从 D:\my_project\QQBot\config.yaml 加载配置
[2025-10-02 14:35:20,936.936] WARNING  [MainThread|MainProcess] Config (config.py:create_from_file:304) | [setting] 未知配置项: bot_id
[2025-10-02 14:35:20,936.936] WARNING  [MainThread|MainProcess] Config (config.py:create_from_file:304) | [setting] 未知配置项: root_id
[2025-10-02 14:35:20,936.936] WARNING  [MainThread|MainProcess] Config (config.py:create_from_file:304) | [setting] 未知配置项: bot_name
[2025-10-02 14:35:20,936.936] WARNING  [MainThread|MainProcess] Config (config.py:create_from_file:304) | [setting] 未知配置项: host
[2025-10-02 14:35:20,936.936] WARNING  [MainThread|MainProcess] Config (config.py:create_from_file:304) | [setting] 未知配置项: user
[2025-10-02 14:35:20,936.936] WARNING  [MainThread|MainProcess] Config (config.py:create_from_file:304) | [setting] 未知配置项: password
[2025-10-02 14:35:20,936.936] WARNING  [MainThread|MainProcess] Config (config.py:create_from_file:304) | [setting] 未知配置项: database
[2025-10-02 14:35:20,936.936] WARNING  [MainThread|MainProcess] Config (config.py:create_from_file:304) | [setting] 未知配置项: gaode_map_key
[2025-10-02 14:35:20,936.936] WARNING  [MainThread|MainProcess] Config (config.py:create_from_file:304) | [setting] 未知配置项: crawl_interval
[2025-10-02 14:35:20,997.997] INFO     [MainThread|MainProcess] Config (config.py:validate_config:339) | [BOTQQ]: 3909177943 | [WSURI]: ws://localhost:3001 | [WS_TOKEN]: NcatBot | [ROOT]: 1633360356 | [WEBUI]: http://localhost:6099 | [WEBUI_TOKEN]: 123NcatBot321!@
[2025-10-02 14:35:21,043.043] INFO     [Thread-4 (runner)|MainProcess] PluginLoader (loader.py:load_builtin_plugins:251) | 已加载内置插件数 [2]
[2025-10-02 14:35:21,043.043] INFO     [Thread-4 (runner)|MainProcess] PluginLoader (loader.py:load_plugins:265) | 从 D:\my_project\QQBot\plugins 导入插件
[2025-10-02 14:35:21,049.049] INFO     [Thread-4 (runner)|MainProcess] PackageHelper (packhelper.py:ensure:32) | 依赖已满足: PyMySQL
[2025-10-02 14:35:21,049.049] INFO     [Thread-4 (runner)|MainProcess] PackageHelper (packhelper.py:ensure:32) | 依赖已满足: pyyaml
[2025-10-02 14:35:21,050.050] INFO     [Thread-4 (runner)|MainProcess] PackageHelper (packhelper.py:ensure:32) | 依赖已满足: requests
[2025-10-02 14:35:21,134.134] INFO     [Thread-4 (runner)|MainProcess] PackageHelper (packhelper.py:ensure:32) | 依赖已满足: PyMySQL
[2025-10-02 14:35:21,327.327] INFO     [Thread-4 (runner)|MainProcess] PackageHelper (packhelper.py:ensure:32) | 依赖已满足: requests
[2025-10-02 14:35:21,327.327] INFO     [Thread-4 (runner)|MainProcess] PackageHelper (packhelper.py:ensure:32) | 依赖已满足: bs4
[2025-10-02 14:35:21,328.328] INFO     [Thread-4 (runner)|MainProcess] PackageHelper (packhelper.py:ensure:32) | 依赖已满足: zhconv
[2025-10-02 14:35:21,329.329] INFO     [Thread-4 (runner)|MainProcess] PackageHelper (packhelper.py:ensure:32) | 依赖已满足: pandas
[2025-10-02 14:35:21,329.329] INFO     [Thread-4 (runner)|MainProcess] PackageHelper (packhelper.py:ensure:32) | 依赖已满足: cryptography
[2025-10-02 14:35:21,334.334] INFO     [Thread-4 (runner)|MainProcess] PackageHelper (packhelper.py:ensure:32) | 依赖已满足: torch
[2025-10-02 14:35:21,336.336] INFO     [Thread-4 (runner)|MainProcess] PackageHelper (packhelper.py:ensure:32) | 依赖已满足: numpy
[2025-10-02 14:35:21,337.337] INFO     [Thread-4 (runner)|MainProcess] PackageHelper (packhelper.py:ensure:32) | 依赖已满足: pyyaml
[2025-10-02 14:35:22,372.372] INFO     [Thread-6 (run_async_task)|MainProcess] Config (config.py:validate_config:339) | [BOTQQ]: 3909177943 | [WSURI]: ws://localhost:3001 | [WS_TOKEN]: NcatBot | [ROOT]: 1633360356 | [WEBUI]: http://localhost:6099 | [WEBUI_TOKEN]: 123NcatBot321!@
[2025-10-02 14:35:22,378.378] INFO     [Thread-8 (runner)|MainProcess] PluginLoader (loader.py:load_builtin_plugins:251) | 已加载内置插件数 [2]
[2025-10-02 14:35:22,379.379] INFO     [Thread-8 (runner)|MainProcess] PluginLoader (loader.py:load_plugins:265) | 从 D:\my_project\QQBot\plugins 导入插件
[2025-10-02 14:35:22,380.380] INFO     [Thread-8 (runner)|MainProcess] PackageHelper (packhelper.py:ensure:32) | 依赖已满足: PyMySQL
[2025-10-02 14:35:22,380.380] INFO     [Thread-8 (runner)|MainProcess] PackageHelper (packhelper.py:ensure:32) | 依赖已满足: pyyaml
[2025-10-02 14:35:22,381.381] INFO     [Thread-8 (runner)|MainProcess] PackageHelper (packhelper.py:ensure:32) | 依赖已满足: requests
[2025-10-02 14:35:22,382.382] INFO     [Thread-8 (runner)|MainProcess] PackageHelper (packhelper.py:ensure:32) | 依赖已满足: PyMySQL
[2025-10-02 14:35:22,382.382] INFO     [Thread-8 (runner)|MainProcess] PackageHelper (packhelper.py:ensure:32) | 依赖已满足: requests
[2025-10-02 14:35:22,383.383] INFO     [Thread-8 (runner)|MainProcess] PackageHelper (packhelper.py:ensure:32) | 依赖已满足: bs4
[2025-10-02 14:35:22,383.383] INFO     [Thread-8 (runner)|MainProcess] PackageHelper (packhelper.py:ensure:32) | 依赖已满足: zhconv
[2025-10-02 14:35:22,384.384] INFO     [Thread-8 (runner)|MainProcess] PackageHelper (packhelper.py:ensure:32) | 依赖已满足: pandas
[2025-10-02 14:35:22,385.385] INFO     [Thread-8 (runner)|MainProcess] PackageHelper (packhelper.py:ensure:32) | 依赖已满足: cryptography
[2025-10-02 14:35:22,386.386] INFO     [Thread-8 (runner)|MainProcess] PackageHelper (packhelper.py:ensure:32) | 依赖已满足: torch
[2025-10-02 14:35:22,388.388] INFO     [Thread-8 (runner)|MainProcess] PackageHelper (packhelper.py:ensure:32) | 依赖已满足: numpy
[2025-10-02 14:35:22,388.388] INFO     [Thread-8 (runner)|MainProcess] PackageHelper (packhelper.py:ensure:32) | 依赖已满足: pyyaml
[2025-10-02 14:36:52,385.385] ERROR    [Thread-4 (runner)|MainProcess] NcatBotError (error.py:__init__:9) | Bot 启动超时
[2025-10-02 14:36:52,385.385] ERROR    [Thread-4 (runner)|MainProcess] PluginLoader (loader.py:_import_single:92) | 导入模块 UUCrawl 时出错: Bot 启动超时
[2025-10-02 14:36:52,389.389] INFO     [Thread-11 (run_async_task)|MainProcess] Config (config.py:validate_config:339) | [BOTQQ]: 3909177943 | [WSURI]: ws://localhost:3001 | [WS_TOKEN]: NcatBot | [ROOT]: 1633360356 | [WEBUI]: http://localhost:6099 | [WEBUI_TOKEN]: 123NcatBot321!@
[2025-10-02 14:40:21,400.400] DEBUG    [MainThread|MainProcess] logger (logger.py:setup_logging:259) | 日志系统初始化
[2025-10-02 14:40:21,401.401] DEBUG    [MainThread|MainProcess] Config (config.py:load:353) | 从 D:\my_project\QQBot\config.yaml 加载配置
[2025-10-02 14:40:21,402.402] WARNING  [MainThread|MainProcess] Config (config.py:create_from_file:304) | [setting] 未知配置项: bot_id
[2025-10-02 14:40:21,402.402] WARNING  [MainThread|MainProcess] Config (config.py:create_from_file:304) | [setting] 未知配置项: root_id
[2025-10-02 14:40:21,402.402] WARNING  [MainThread|MainProcess] Config (config.py:create_from_file:304) | [setting] 未知配置项: bot_name
[2025-10-02 14:40:21,402.402] WARNING  [MainThread|MainProcess] Config (config.py:create_from_file:304) | [setting] 未知配置项: host
[2025-10-02 14:40:21,402.402] WARNING  [MainThread|MainProcess] Config (config.py:create_from_file:304) | [setting] 未知配置项: user
[2025-10-02 14:40:21,402.402] WARNING  [MainThread|MainProcess] Config (config.py:create_from_file:304) | [setting] 未知配置项: password
[2025-10-02 14:40:21,403.403] WARNING  [MainThread|MainProcess] Config (config.py:create_from_file:304) | [setting] 未知配置项: database
[2025-10-02 14:40:21,403.403] WARNING  [MainThread|MainProcess] Config (config.py:create_from_file:304) | [setting] 未知配置项: gaode_map_key
[2025-10-02 14:40:21,403.403] WARNING  [MainThread|MainProcess] Config (config.py:create_from_file:304) | [setting] 未知配置项: crawl_interval
[2025-10-02 14:40:21,462.462] INFO     [MainThread|MainProcess] Config (config.py:validate_config:339) | [BOTQQ]: 3909177943 | [WSURI]: ws://localhost:3001 | [WS_TOKEN]: NcatBot | [ROOT]: 1633360356 | [WEBUI]: http://localhost:6099 | [WEBUI_TOKEN]: 123NcatBot321!@
[2025-10-02 14:40:21,510.510] INFO     [Thread-4 (runner)|MainProcess] PluginLoader (loader.py:load_builtin_plugins:251) | 已加载内置插件数 [2]
[2025-10-02 14:40:21,510.510] INFO     [Thread-4 (runner)|MainProcess] PluginLoader (loader.py:load_plugins:265) | 从 D:\my_project\QQBot\plugins 导入插件
[2025-10-02 14:40:21,515.515] INFO     [Thread-4 (runner)|MainProcess] PackageHelper (packhelper.py:ensure:32) | 依赖已满足: PyMySQL
[2025-10-02 14:40:21,516.516] INFO     [Thread-4 (runner)|MainProcess] PackageHelper (packhelper.py:ensure:32) | 依赖已满足: pyyaml
[2025-10-02 14:40:21,516.516] INFO     [Thread-4 (runner)|MainProcess] PackageHelper (packhelper.py:ensure:32) | 依赖已满足: requests
[2025-10-02 14:40:21,600.600] INFO     [Thread-4 (runner)|MainProcess] PackageHelper (packhelper.py:ensure:32) | 依赖已满足: PyMySQL
[2025-10-02 14:40:21,788.788] INFO     [Thread-4 (runner)|MainProcess] PackageHelper (packhelper.py:ensure:32) | 依赖已满足: requests
[2025-10-02 14:40:21,789.789] INFO     [Thread-4 (runner)|MainProcess] PackageHelper (packhelper.py:ensure:32) | 依赖已满足: bs4
[2025-10-02 14:40:21,789.789] INFO     [Thread-4 (runner)|MainProcess] PackageHelper (packhelper.py:ensure:32) | 依赖已满足: zhconv
[2025-10-02 14:40:21,790.790] INFO     [Thread-4 (runner)|MainProcess] PackageHelper (packhelper.py:ensure:32) | 依赖已满足: pandas
[2025-10-02 14:40:21,791.791] INFO     [Thread-4 (runner)|MainProcess] PackageHelper (packhelper.py:ensure:32) | 依赖已满足: cryptography
[2025-10-02 14:40:21,796.796] INFO     [Thread-4 (runner)|MainProcess] PackageHelper (packhelper.py:ensure:32) | 依赖已满足: torch
[2025-10-02 14:40:21,798.798] INFO     [Thread-4 (runner)|MainProcess] PackageHelper (packhelper.py:ensure:32) | 依赖已满足: numpy
[2025-10-02 14:40:21,798.798] INFO     [Thread-4 (runner)|MainProcess] PackageHelper (packhelper.py:ensure:32) | 依赖已满足: pyyaml
[2025-10-02 14:40:22,872.872] INFO     [Thread-4 (runner)|MainProcess] PluginLoader (loader.py:_import_single:89) | 成功导入插件文件: __init__
[2025-10-02 14:40:22,873.873] INFO     [Thread-4 (runner)|MainProcess] PluginLoader (loader.py:from_class_load_plugins:217) | 加载插件「CS2CaseSimulator」
[2025-10-02 14:40:22,873.873] INFO     [Thread-4 (runner)|MainProcess] PluginLoader (loader.py:from_class_load_plugins:217) | 加载插件「DailyLuck」
[2025-10-02 14:40:22,873.873] INFO     [Thread-4 (runner)|MainProcess] PluginLoader (loader.py:from_class_load_plugins:217) | 加载插件「DailyMusic」
[2025-10-02 14:40:22,874.874] INFO     [Thread-4 (runner)|MainProcess] PluginLoader (loader.py:from_class_load_plugins:217) | 加载插件「DailyWife」
[2025-10-02 14:40:22,874.874] INFO     [Thread-4 (runner)|MainProcess] PluginLoader (loader.py:from_class_load_plugins:217) | 加载插件「GoBang」
[2025-10-02 14:40:22,875.875] INFO     [Thread-4 (runner)|MainProcess] PluginLoader (loader.py:from_class_load_plugins:217) | 加载插件「HistoryDay」
[2025-10-02 14:40:22,875.875] INFO     [Thread-4 (runner)|MainProcess] PluginLoader (loader.py:from_class_load_plugins:217) | 加载插件「Menu」
[2025-10-02 14:40:22,875.875] INFO     [Thread-4 (runner)|MainProcess] PluginLoader (loader.py:from_class_load_plugins:217) | 加载插件「Poem」
[2025-10-02 14:40:22,876.876] INFO     [Thread-4 (runner)|MainProcess] PluginLoader (loader.py:from_class_load_plugins:217) | 加载插件「UUCrawl」
[2025-10-02 14:40:22,876.876] INFO     [Thread-4 (runner)|MainProcess] PluginLoader (loader.py:from_class_load_plugins:217) | 加载插件「What2Eat」
[2025-10-02 14:41:34,062.062] DEBUG    [MainThread|MainProcess] logger (logger.py:setup_logging:259) | 日志系统初始化
[2025-10-02 14:41:34,064.064] DEBUG    [MainThread|MainProcess] Config (config.py:load:353) | 从 D:\my_project\QQBot\config.yaml 加载配置
[2025-10-02 14:41:34,065.065] WARNING  [MainThread|MainProcess] Config (config.py:create_from_file:304) | [setting] 未知配置项: bot_id
[2025-10-02 14:41:34,065.065] WARNING  [MainThread|MainProcess] Config (config.py:create_from_file:304) | [setting] 未知配置项: root_id
[2025-10-02 14:41:34,065.065] WARNING  [MainThread|MainProcess] Config (config.py:create_from_file:304) | [setting] 未知配置项: bot_name
[2025-10-02 14:41:34,065.065] WARNING  [MainThread|MainProcess] Config (config.py:create_from_file:304) | [setting] 未知配置项: host
[2025-10-02 14:41:34,065.065] WARNING  [MainThread|MainProcess] Config (config.py:create_from_file:304) | [setting] 未知配置项: user
[2025-10-02 14:41:34,065.065] WARNING  [MainThread|MainProcess] Config (config.py:create_from_file:304) | [setting] 未知配置项: password
[2025-10-02 14:41:34,065.065] WARNING  [MainThread|MainProcess] Config (config.py:create_from_file:304) | [setting] 未知配置项: database
[2025-10-02 14:41:34,066.066] WARNING  [MainThread|MainProcess] Config (config.py:create_from_file:304) | [setting] 未知配置项: gaode_map_key
[2025-10-02 14:41:34,066.066] WARNING  [MainThread|MainProcess] Config (config.py:create_from_file:304) | [setting] 未知配置项: crawl_interval
[2025-10-02 14:41:34,127.127] INFO     [MainThread|MainProcess] Config (config.py:validate_config:339) | [BOTQQ]: 3909177943 | [WSURI]: ws://localhost:3001 | [WS_TOKEN]: NcatBot | [ROOT]: 1633360356 | [WEBUI]: http://localhost:6099 | [WEBUI_TOKEN]: 123NcatBot321!@
[2025-10-02 14:41:34,174.174] INFO     [Thread-4 (runner)|MainProcess] PluginLoader (loader.py:load_builtin_plugins:251) | 已加载内置插件数 [2]
[2025-10-02 14:41:34,174.174] INFO     [Thread-4 (runner)|MainProcess] PluginLoader (loader.py:load_plugins:265) | 从 D:\my_project\QQBot\plugins 导入插件
[2025-10-02 14:41:34,180.180] INFO     [Thread-4 (runner)|MainProcess] PackageHelper (packhelper.py:ensure:32) | 依赖已满足: PyMySQL
[2025-10-02 14:41:34,180.180] INFO     [Thread-4 (runner)|MainProcess] PackageHelper (packhelper.py:ensure:32) | 依赖已满足: pyyaml
[2025-10-02 14:41:34,181.181] INFO     [Thread-4 (runner)|MainProcess] PackageHelper (packhelper.py:ensure:32) | 依赖已满足: requests
[2025-10-02 14:41:34,265.265] INFO     [Thread-4 (runner)|MainProcess] PackageHelper (packhelper.py:ensure:32) | 依赖已满足: PyMySQL
[2025-10-02 14:41:34,459.459] INFO     [Thread-4 (runner)|MainProcess] PackageHelper (packhelper.py:ensure:32) | 依赖已满足: requests
[2025-10-02 14:41:34,459.459] INFO     [Thread-4 (runner)|MainProcess] PackageHelper (packhelper.py:ensure:32) | 依赖已满足: bs4
[2025-10-02 14:41:34,460.460] INFO     [Thread-4 (runner)|MainProcess] PackageHelper (packhelper.py:ensure:32) | 依赖已满足: zhconv
[2025-10-02 14:41:34,461.461] INFO     [Thread-4 (runner)|MainProcess] PackageHelper (packhelper.py:ensure:32) | 依赖已满足: pandas
[2025-10-02 14:41:34,461.461] INFO     [Thread-4 (runner)|MainProcess] PackageHelper (packhelper.py:ensure:32) | 依赖已满足: cryptography
[2025-10-02 14:41:34,466.466] INFO     [Thread-4 (runner)|MainProcess] PackageHelper (packhelper.py:ensure:32) | 依赖已满足: torch
[2025-10-02 14:41:34,468.468] INFO     [Thread-4 (runner)|MainProcess] PackageHelper (packhelper.py:ensure:32) | 依赖已满足: numpy
[2025-10-02 14:41:34,469.469] INFO     [Thread-4 (runner)|MainProcess] PackageHelper (packhelper.py:ensure:32) | 依赖已满足: pyyaml
[2025-10-02 14:41:35,550.550] INFO     [Thread-4 (runner)|MainProcess] PluginLoader (loader.py:_import_single:89) | 成功导入插件文件: __init__
[2025-10-02 14:41:35,550.550] INFO     [Thread-4 (runner)|MainProcess] PluginLoader (loader.py:from_class_load_plugins:217) | 加载插件「CS2CaseSimulator」
[2025-10-02 14:41:35,551.551] INFO     [Thread-4 (runner)|MainProcess] PluginLoader (loader.py:from_class_load_plugins:217) | 加载插件「DailyLuck」
[2025-10-02 14:41:35,551.551] INFO     [Thread-4 (runner)|MainProcess] PluginLoader (loader.py:from_class_load_plugins:217) | 加载插件「DailyMusic」
[2025-10-02 14:41:35,552.552] INFO     [Thread-4 (runner)|MainProcess] PluginLoader (loader.py:from_class_load_plugins:217) | 加载插件「DailyWife」
[2025-10-02 14:41:35,552.552] INFO     [Thread-4 (runner)|MainProcess] PluginLoader (loader.py:from_class_load_plugins:217) | 加载插件「GoBang」
[2025-10-02 14:41:35,552.552] INFO     [Thread-4 (runner)|MainProcess] PluginLoader (loader.py:from_class_load_plugins:217) | 加载插件「HistoryDay」
[2025-10-02 14:41:35,553.553] INFO     [Thread-4 (runner)|MainProcess] PluginLoader (loader.py:from_class_load_plugins:217) | 加载插件「Menu」
[2025-10-02 14:41:35,553.553] INFO     [Thread-4 (runner)|MainProcess] PluginLoader (loader.py:from_class_load_plugins:217) | 加载插件「Poem」
[2025-10-02 14:41:35,553.553] INFO     [Thread-4 (runner)|MainProcess] PluginLoader (loader.py:from_class_load_plugins:217) | 加载插件「UUCrawl」
[2025-10-02 14:41:35,554.554] INFO     [Thread-4 (runner)|MainProcess] PluginLoader (loader.py:from_class_load_plugins:217) | 加载插件「What2Eat」
[2025-10-02 14:45:45,269.269] DEBUG    [MainThread|MainProcess] logger (logger.py:setup_logging:259) | 日志系统初始化
[2025-10-02 14:45:45,271.271] DEBUG    [MainThread|MainProcess] Config (config.py:load:353) | 从 D:\my_project\QQBot\config.yaml 加载配置
[2025-10-02 14:45:45,272.272] WARNING  [MainThread|MainProcess] Config (config.py:create_from_file:304) | [setting] 未知配置项: bot_id
[2025-10-02 14:45:45,272.272] WARNING  [MainThread|MainProcess] Config (config.py:create_from_file:304) | [setting] 未知配置项: root_id
[2025-10-02 14:45:45,272.272] WARNING  [MainThread|MainProcess] Config (config.py:create_from_file:304) | [setting] 未知配置项: bot_name
[2025-10-02 14:45:45,272.272] WARNING  [MainThread|MainProcess] Config (config.py:create_from_file:304) | [setting] 未知配置项: host
[2025-10-02 14:45:45,272.272] WARNING  [MainThread|MainProcess] Config (config.py:create_from_file:304) | [setting] 未知配置项: user
[2025-10-02 14:45:45,272.272] WARNING  [MainThread|MainProcess] Config (config.py:create_from_file:304) | [setting] 未知配置项: password
[2025-10-02 14:45:45,272.272] WARNING  [MainThread|MainProcess] Config (config.py:create_from_file:304) | [setting] 未知配置项: database
[2025-10-02 14:45:45,272.272] WARNING  [MainThread|MainProcess] Config (config.py:create_from_file:304) | [setting] 未知配置项: gaode_map_key
[2025-10-02 14:45:45,272.272] WARNING  [MainThread|MainProcess] Config (config.py:create_from_file:304) | [setting] 未知配置项: crawl_interval
[2025-10-02 14:45:45,330.330] INFO     [MainThread|MainProcess] Config (config.py:validate_config:339) | [BOTQQ]: 3909177943 | [WSURI]: ws://localhost:3001 | [WS_TOKEN]: NcatBot | [ROOT]: 1633360356 | [WEBUI]: http://localhost:6099 | [WEBUI_TOKEN]: 123NcatBot321!@
[2025-10-02 14:45:45,378.378] INFO     [Thread-4 (runner)|MainProcess] PluginLoader (loader.py:load_builtin_plugins:251) | 已加载内置插件数 [2]
[2025-10-02 14:45:45,378.378] INFO     [Thread-4 (runner)|MainProcess] PluginLoader (loader.py:load_plugins:265) | 从 D:\my_project\QQBot\plugins 导入插件
[2025-10-02 14:45:45,383.383] INFO     [Thread-4 (runner)|MainProcess] PackageHelper (packhelper.py:ensure:32) | 依赖已满足: PyMySQL
[2025-10-02 14:45:45,384.384] INFO     [Thread-4 (runner)|MainProcess] PackageHelper (packhelper.py:ensure:32) | 依赖已满足: pyyaml
[2025-10-02 14:45:45,384.384] INFO     [Thread-4 (runner)|MainProcess] PackageHelper (packhelper.py:ensure:32) | 依赖已满足: requests
[2025-10-02 14:45:45,468.468] INFO     [Thread-4 (runner)|MainProcess] PackageHelper (packhelper.py:ensure:32) | 依赖已满足: PyMySQL
[2025-10-02 14:45:45,655.655] INFO     [Thread-4 (runner)|MainProcess] PackageHelper (packhelper.py:ensure:32) | 依赖已满足: requests
[2025-10-02 14:45:45,656.656] INFO     [Thread-4 (runner)|MainProcess] PackageHelper (packhelper.py:ensure:32) | 依赖已满足: bs4
[2025-10-02 14:45:45,657.657] INFO     [Thread-4 (runner)|MainProcess] PackageHelper (packhelper.py:ensure:32) | 依赖已满足: zhconv
[2025-10-02 14:45:45,657.657] INFO     [Thread-4 (runner)|MainProcess] PackageHelper (packhelper.py:ensure:32) | 依赖已满足: pandas
[2025-10-02 14:45:45,658.658] INFO     [Thread-4 (runner)|MainProcess] PackageHelper (packhelper.py:ensure:32) | 依赖已满足: cryptography
[2025-10-02 14:45:45,662.662] INFO     [Thread-4 (runner)|MainProcess] PackageHelper (packhelper.py:ensure:32) | 依赖已满足: torch
[2025-10-02 14:45:45,665.665] INFO     [Thread-4 (runner)|MainProcess] PackageHelper (packhelper.py:ensure:32) | 依赖已满足: numpy
[2025-10-02 14:45:45,665.665] INFO     [Thread-4 (runner)|MainProcess] PackageHelper (packhelper.py:ensure:32) | 依赖已满足: pyyaml
[2025-10-02 14:45:46,713.713] ERROR    [Thread-4 (runner)|MainProcess] PluginLoader (loader.py:_import_single:92) | 导入模块 UUCrawlMonitor 时出错: attempted relative import with no known parent package
[2025-10-02 15:00:17,987.987] DEBUG    [MainThread|MainProcess] logger (logger.py:setup_logging:259) | 日志系统初始化
[2025-10-02 15:00:17,989.989] DEBUG    [MainThread|MainProcess] Config (config.py:load:353) | 从 D:\my_project\QQBot\config.yaml 加载配置
[2025-10-02 15:00:17,990.990] WARNING  [MainThread|MainProcess] Config (config.py:create_from_file:304) | [setting] 未知配置项: bot_id
[2025-10-02 15:00:17,990.990] WARNING  [MainThread|MainProcess] Config (config.py:create_from_file:304) | [setting] 未知配置项: root_id
[2025-10-02 15:00:17,990.990] WARNING  [MainThread|MainProcess] Config (config.py:create_from_file:304) | [setting] 未知配置项: bot_name
[2025-10-02 15:00:17,990.990] WARNING  [MainThread|MainProcess] Config (config.py:create_from_file:304) | [setting] 未知配置项: host
[2025-10-02 15:00:17,991.991] WARNING  [MainThread|MainProcess] Config (config.py:create_from_file:304) | [setting] 未知配置项: user
[2025-10-02 15:00:17,991.991] WARNING  [MainThread|MainProcess] Config (config.py:create_from_file:304) | [setting] 未知配置项: password
[2025-10-02 15:00:17,991.991] WARNING  [MainThread|MainProcess] Config (config.py:create_from_file:304) | [setting] 未知配置项: database
[2025-10-02 15:00:17,991.991] WARNING  [MainThread|MainProcess] Config (config.py:create_from_file:304) | [setting] 未知配置项: gaode_map_key
[2025-10-02 15:00:17,991.991] WARNING  [MainThread|MainProcess] Config (config.py:create_from_file:304) | [setting] 未知配置项: crawl_interval
[2025-10-02 15:00:18,053.053] INFO     [MainThread|MainProcess] Config (config.py:validate_config:339) | [BOTQQ]: 3909177943 | [WSURI]: ws://localhost:3001 | [WS_TOKEN]: NcatBot | [ROOT]: 1633360356 | [WEBUI]: http://localhost:6099 | [WEBUI_TOKEN]: 123NcatBot321!@
[2025-10-02 15:00:18,103.103] INFO     [Thread-4 (runner)|MainProcess] PluginLoader (loader.py:load_builtin_plugins:251) | 已加载内置插件数 [2]
[2025-10-02 15:00:18,104.104] INFO     [Thread-4 (runner)|MainProcess] PluginLoader (loader.py:load_plugins:265) | 从 D:\my_project\QQBot\plugins 导入插件
[2025-10-02 15:00:18,109.109] INFO     [Thread-4 (runner)|MainProcess] PackageHelper (packhelper.py:ensure:32) | 依赖已满足: PyMySQL
[2025-10-02 15:00:18,109.109] INFO     [Thread-4 (runner)|MainProcess] PackageHelper (packhelper.py:ensure:32) | 依赖已满足: pyyaml
[2025-10-02 15:00:18,110.110] INFO     [Thread-4 (runner)|MainProcess] PackageHelper (packhelper.py:ensure:32) | 依赖已满足: requests
[2025-10-02 15:00:18,217.217] INFO     [Thread-4 (runner)|MainProcess] PackageHelper (packhelper.py:ensure:32) | 依赖已满足: PyMySQL
[2025-10-02 15:00:18,403.403] INFO     [Thread-4 (runner)|MainProcess] PackageHelper (packhelper.py:ensure:32) | 依赖已满足: requests
[2025-10-02 15:00:18,404.404] INFO     [Thread-4 (runner)|MainProcess] PackageHelper (packhelper.py:ensure:32) | 依赖已满足: bs4
[2025-10-02 15:00:18,404.404] INFO     [Thread-4 (runner)|MainProcess] PackageHelper (packhelper.py:ensure:32) | 依赖已满足: zhconv
[2025-10-02 15:00:18,405.405] INFO     [Thread-4 (runner)|MainProcess] PackageHelper (packhelper.py:ensure:32) | 依赖已满足: pandas
[2025-10-02 15:00:18,406.406] INFO     [Thread-4 (runner)|MainProcess] PackageHelper (packhelper.py:ensure:32) | 依赖已满足: cryptography
[2025-10-02 15:00:18,411.411] INFO     [Thread-4 (runner)|MainProcess] PackageHelper (packhelper.py:ensure:32) | 依赖已满足: torch
[2025-10-02 15:00:18,413.413] INFO     [Thread-4 (runner)|MainProcess] PackageHelper (packhelper.py:ensure:32) | 依赖已满足: numpy
[2025-10-02 15:00:18,413.413] INFO     [Thread-4 (runner)|MainProcess] PackageHelper (packhelper.py:ensure:32) | 依赖已满足: pyyaml
[2025-10-02 15:00:19,433.433] ERROR    [Thread-4 (runner)|MainProcess] PluginLoader (loader.py:_import_single:92) | 导入模块 UUCrawlMonitor 时出错: attempted relative import with no known parent package
[2025-10-02 15:00:58,604.604] DEBUG    [MainThread|MainProcess] logger (logger.py:setup_logging:259) | 日志系统初始化
[2025-10-02 15:00:58,606.606] DEBUG    [MainThread|MainProcess] Config (config.py:load:353) | 从 D:\my_project\QQBot\config.yaml 加载配置
[2025-10-02 15:00:58,607.607] WARNING  [MainThread|MainProcess] Config (config.py:create_from_file:304) | [setting] 未知配置项: bot_id
[2025-10-02 15:00:58,607.607] WARNING  [MainThread|MainProcess] Config (config.py:create_from_file:304) | [setting] 未知配置项: root_id
[2025-10-02 15:00:58,607.607] WARNING  [MainThread|MainProcess] Config (config.py:create_from_file:304) | [setting] 未知配置项: bot_name
[2025-10-02 15:00:58,607.607] WARNING  [MainThread|MainProcess] Config (config.py:create_from_file:304) | [setting] 未知配置项: host
[2025-10-02 15:00:58,607.607] WARNING  [MainThread|MainProcess] Config (config.py:create_from_file:304) | [setting] 未知配置项: user
[2025-10-02 15:00:58,607.607] WARNING  [MainThread|MainProcess] Config (config.py:create_from_file:304) | [setting] 未知配置项: password
[2025-10-02 15:00:58,607.607] WARNING  [MainThread|MainProcess] Config (config.py:create_from_file:304) | [setting] 未知配置项: database
[2025-10-02 15:00:58,607.607] WARNING  [MainThread|MainProcess] Config (config.py:create_from_file:304) | [setting] 未知配置项: gaode_map_key
[2025-10-02 15:00:58,607.607] WARNING  [MainThread|MainProcess] Config (config.py:create_from_file:304) | [setting] 未知配置项: crawl_interval
[2025-10-02 15:00:58,665.665] INFO     [MainThread|MainProcess] Config (config.py:validate_config:339) | [BOTQQ]: 3909177943 | [WSURI]: ws://localhost:3001 | [WS_TOKEN]: NcatBot | [ROOT]: 1633360356 | [WEBUI]: http://localhost:6099 | [WEBUI_TOKEN]: 123NcatBot321!@
[2025-10-02 15:00:58,712.712] INFO     [Thread-4 (runner)|MainProcess] PluginLoader (loader.py:load_builtin_plugins:251) | 已加载内置插件数 [2]
[2025-10-02 15:00:58,712.712] INFO     [Thread-4 (runner)|MainProcess] PluginLoader (loader.py:load_plugins:265) | 从 D:\my_project\QQBot\plugins 导入插件
[2025-10-02 15:00:58,717.717] INFO     [Thread-4 (runner)|MainProcess] PackageHelper (packhelper.py:ensure:32) | 依赖已满足: PyMySQL
[2025-10-02 15:00:58,717.717] INFO     [Thread-4 (runner)|MainProcess] PackageHelper (packhelper.py:ensure:32) | 依赖已满足: pyyaml
[2025-10-02 15:00:58,718.718] INFO     [Thread-4 (runner)|MainProcess] PackageHelper (packhelper.py:ensure:32) | 依赖已满足: requests
[2025-10-02 15:00:58,803.803] INFO     [Thread-4 (runner)|MainProcess] PackageHelper (packhelper.py:ensure:32) | 依赖已满足: PyMySQL
[2025-10-02 15:00:58,996.996] INFO     [Thread-4 (runner)|MainProcess] PackageHelper (packhelper.py:ensure:32) | 依赖已满足: requests
[2025-10-02 15:00:58,997.997] INFO     [Thread-4 (runner)|MainProcess] PackageHelper (packhelper.py:ensure:32) | 依赖已满足: bs4
[2025-10-02 15:00:58,997.997] INFO     [Thread-4 (runner)|MainProcess] PackageHelper (packhelper.py:ensure:32) | 依赖已满足: zhconv
[2025-10-02 15:00:58,998.998] INFO     [Thread-4 (runner)|MainProcess] PackageHelper (packhelper.py:ensure:32) | 依赖已满足: pandas
[2025-10-02 15:00:58,999.999] INFO     [Thread-4 (runner)|MainProcess] PackageHelper (packhelper.py:ensure:32) | 依赖已满足: cryptography
[2025-10-02 15:00:59,003.003] INFO     [Thread-4 (runner)|MainProcess] PackageHelper (packhelper.py:ensure:32) | 依赖已满足: torch
[2025-10-02 15:00:59,005.005] INFO     [Thread-4 (runner)|MainProcess] PackageHelper (packhelper.py:ensure:32) | 依赖已满足: numpy
[2025-10-02 15:00:59,006.006] INFO     [Thread-4 (runner)|MainProcess] PackageHelper (packhelper.py:ensure:32) | 依赖已满足: pyyaml
[2025-10-02 15:01:00,058.058] INFO     [Thread-4 (runner)|MainProcess] PluginLoader (loader.py:_import_single:89) | 成功导入插件文件: __init__
[2025-10-02 15:01:00,058.058] INFO     [Thread-4 (runner)|MainProcess] PluginLoader (loader.py:from_class_load_plugins:217) | 加载插件「CS2CaseSimulator」
[2025-10-02 15:01:00,059.059] INFO     [Thread-4 (runner)|MainProcess] PluginLoader (loader.py:from_class_load_plugins:217) | 加载插件「DailyLuck」
[2025-10-02 15:01:00,059.059] INFO     [Thread-4 (runner)|MainProcess] PluginLoader (loader.py:from_class_load_plugins:217) | 加载插件「DailyMusic」
[2025-10-02 15:01:00,059.059] INFO     [Thread-4 (runner)|MainProcess] PluginLoader (loader.py:from_class_load_plugins:217) | 加载插件「DailyWife」
[2025-10-02 15:01:00,060.060] INFO     [Thread-4 (runner)|MainProcess] PluginLoader (loader.py:from_class_load_plugins:217) | 加载插件「GoBang」
[2025-10-02 15:01:00,060.060] INFO     [Thread-4 (runner)|MainProcess] PluginLoader (loader.py:from_class_load_plugins:217) | 加载插件「HistoryDay」
[2025-10-02 15:01:00,060.060] INFO     [Thread-4 (runner)|MainProcess] PluginLoader (loader.py:from_class_load_plugins:217) | 加载插件「Menu」
[2025-10-02 15:01:00,061.061] INFO     [Thread-4 (runner)|MainProcess] PluginLoader (loader.py:from_class_load_plugins:217) | 加载插件「Poem」
[2025-10-02 15:01:00,061.061] INFO     [Thread-4 (runner)|MainProcess] PluginLoader (loader.py:from_class_load_plugins:217) | 加载插件「UUCrawl」
[2025-10-02 15:01:00,061.061] INFO     [Thread-4 (runner)|MainProcess] PluginLoader (loader.py:from_class_load_plugins:217) | 加载插件「UUCrawlMonitor」
[2025-10-02 15:01:00,062.062] INFO     [Thread-4 (runner)|MainProcess] PluginLoader (loader.py:from_class_load_plugins:217) | 加载插件「What2Eat」
[2025-10-02 15:03:56,715.715] DEBUG    [MainThread|MainProcess] logger (logger.py:setup_logging:259) | 日志系统初始化
[2025-10-02 15:03:56,716.716] DEBUG    [MainThread|MainProcess] Config (config.py:load:353) | 从 D:\my_project\QQBot\config.yaml 加载配置
[2025-10-02 15:03:56,717.717] WARNING  [MainThread|MainProcess] Config (config.py:create_from_file:304) | [setting] 未知配置项: bot_id
[2025-10-02 15:03:56,717.717] WARNING  [MainThread|MainProcess] Config (config.py:create_from_file:304) | [setting] 未知配置项: root_id
[2025-10-02 15:03:56,717.717] WARNING  [MainThread|MainProcess] Config (config.py:create_from_file:304) | [setting] 未知配置项: bot_name
[2025-10-02 15:03:56,717.717] WARNING  [MainThread|MainProcess] Config (config.py:create_from_file:304) | [setting] 未知配置项: host
[2025-10-02 15:03:56,717.717] WARNING  [MainThread|MainProcess] Config (config.py:create_from_file:304) | [setting] 未知配置项: user
[2025-10-02 15:03:56,717.717] WARNING  [MainThread|MainProcess] Config (config.py:create_from_file:304) | [setting] 未知配置项: password
[2025-10-02 15:03:56,717.717] WARNING  [MainThread|MainProcess] Config (config.py:create_from_file:304) | [setting] 未知配置项: database
[2025-10-02 15:03:56,718.718] WARNING  [MainThread|MainProcess] Config (config.py:create_from_file:304) | [setting] 未知配置项: gaode_map_key
[2025-10-02 15:03:56,718.718] WARNING  [MainThread|MainProcess] Config (config.py:create_from_file:304) | [setting] 未知配置项: crawl_interval
[2025-10-02 15:03:56,776.776] INFO     [MainThread|MainProcess] Config (config.py:validate_config:339) | [BOTQQ]: 3909177943 | [WSURI]: ws://localhost:3001 | [WS_TOKEN]: NcatBot | [ROOT]: 1633360356 | [WEBUI]: http://localhost:6099 | [WEBUI_TOKEN]: 123NcatBot321!@
[2025-10-02 15:03:56,823.823] INFO     [Thread-4 (runner)|MainProcess] PluginLoader (loader.py:load_builtin_plugins:251) | 已加载内置插件数 [2]
[2025-10-02 15:03:56,823.823] INFO     [Thread-4 (runner)|MainProcess] PluginLoader (loader.py:load_plugins:265) | 从 D:\my_project\QQBot\plugins 导入插件
[2025-10-02 15:03:56,829.829] INFO     [Thread-4 (runner)|MainProcess] PackageHelper (packhelper.py:ensure:32) | 依赖已满足: PyMySQL
[2025-10-02 15:03:56,829.829] INFO     [Thread-4 (runner)|MainProcess] PackageHelper (packhelper.py:ensure:32) | 依赖已满足: pyyaml
[2025-10-02 15:03:56,830.830] INFO     [Thread-4 (runner)|MainProcess] PackageHelper (packhelper.py:ensure:32) | 依赖已满足: requests
[2025-10-02 15:03:56,916.916] INFO     [Thread-4 (runner)|MainProcess] PackageHelper (packhelper.py:ensure:32) | 依赖已满足: PyMySQL
[2025-10-02 15:03:57,106.106] INFO     [Thread-4 (runner)|MainProcess] PackageHelper (packhelper.py:ensure:32) | 依赖已满足: requests
[2025-10-02 15:03:57,107.107] INFO     [Thread-4 (runner)|MainProcess] PackageHelper (packhelper.py:ensure:32) | 依赖已满足: bs4
[2025-10-02 15:03:57,107.107] INFO     [Thread-4 (runner)|MainProcess] PackageHelper (packhelper.py:ensure:32) | 依赖已满足: zhconv
[2025-10-02 15:03:57,108.108] INFO     [Thread-4 (runner)|MainProcess] PackageHelper (packhelper.py:ensure:32) | 依赖已满足: pandas
[2025-10-02 15:03:57,109.109] INFO     [Thread-4 (runner)|MainProcess] PackageHelper (packhelper.py:ensure:32) | 依赖已满足: cryptography
[2025-10-02 15:03:57,113.113] INFO     [Thread-4 (runner)|MainProcess] PackageHelper (packhelper.py:ensure:32) | 依赖已满足: torch
[2025-10-02 15:03:57,115.115] INFO     [Thread-4 (runner)|MainProcess] PackageHelper (packhelper.py:ensure:32) | 依赖已满足: numpy
[2025-10-02 15:03:57,116.116] INFO     [Thread-4 (runner)|MainProcess] PackageHelper (packhelper.py:ensure:32) | 依赖已满足: pyyaml
[2025-10-02 15:03:58,164.164] INFO     [Thread-4 (runner)|MainProcess] PluginLoader (loader.py:_import_single:89) | 成功导入插件文件: __init__
[2025-10-02 15:03:58,164.164] INFO     [Thread-4 (runner)|MainProcess] PluginLoader (loader.py:from_class_load_plugins:217) | 加载插件「CS2CaseSimulator」
[2025-10-02 15:03:58,164.164] INFO     [Thread-4 (runner)|MainProcess] PluginLoader (loader.py:from_class_load_plugins:217) | 加载插件「DailyLuck」
[2025-10-02 15:03:58,165.165] INFO     [Thread-4 (runner)|MainProcess] PluginLoader (loader.py:from_class_load_plugins:217) | 加载插件「DailyMusic」
[2025-10-02 15:03:58,165.165] INFO     [Thread-4 (runner)|MainProcess] PluginLoader (loader.py:from_class_load_plugins:217) | 加载插件「DailyWife」
[2025-10-02 15:03:58,165.165] INFO     [Thread-4 (runner)|MainProcess] PluginLoader (loader.py:from_class_load_plugins:217) | 加载插件「GoBang」
[2025-10-02 15:03:58,166.166] INFO     [Thread-4 (runner)|MainProcess] PluginLoader (loader.py:from_class_load_plugins:217) | 加载插件「HistoryDay」
[2025-10-02 15:03:58,166.166] INFO     [Thread-4 (runner)|MainProcess] PluginLoader (loader.py:from_class_load_plugins:217) | 加载插件「Menu」
[2025-10-02 15:03:58,166.166] INFO     [Thread-4 (runner)|MainProcess] PluginLoader (loader.py:from_class_load_plugins:217) | 加载插件「Poem」
[2025-10-02 15:03:58,167.167] INFO     [Thread-4 (runner)|MainProcess] PluginLoader (loader.py:from_class_load_plugins:217) | 加载插件「UUCrawl」
[2025-10-02 15:03:58,167.167] INFO     [Thread-4 (runner)|MainProcess] PluginLoader (loader.py:from_class_load_plugins:217) | 加载插件「UUCrawlMonitor」
[2025-10-02 15:03:58,168.168] INFO     [Thread-4 (runner)|MainProcess] PluginLoader (loader.py:from_class_load_plugins:217) | 加载插件「What2Eat」
[2025-10-02 15:04:40,496.496] DEBUG    [MainThread|MainProcess] logger (logger.py:setup_logging:259) | 日志系统初始化
[2025-10-02 15:04:40,497.497] DEBUG    [MainThread|MainProcess] Config (config.py:load:353) | 从 D:\my_project\QQBot\config.yaml 加载配置
[2025-10-02 15:04:40,498.498] WARNING  [MainThread|MainProcess] Config (config.py:create_from_file:304) | [setting] 未知配置项: bot_id
[2025-10-02 15:04:40,499.499] WARNING  [MainThread|MainProcess] Config (config.py:create_from_file:304) | [setting] 未知配置项: root_id
[2025-10-02 15:04:40,499.499] WARNING  [MainThread|MainProcess] Config (config.py:create_from_file:304) | [setting] 未知配置项: bot_name
[2025-10-02 15:04:40,499.499] WARNING  [MainThread|MainProcess] Config (config.py:create_from_file:304) | [setting] 未知配置项: host
[2025-10-02 15:04:40,499.499] WARNING  [MainThread|MainProcess] Config (config.py:create_from_file:304) | [setting] 未知配置项: user
[2025-10-02 15:04:40,499.499] WARNING  [MainThread|MainProcess] Config (config.py:create_from_file:304) | [setting] 未知配置项: password
[2025-10-02 15:04:40,499.499] WARNING  [MainThread|MainProcess] Config (config.py:create_from_file:304) | [setting] 未知配置项: database
[2025-10-02 15:04:40,499.499] WARNING  [MainThread|MainProcess] Config (config.py:create_from_file:304) | [setting] 未知配置项: gaode_map_key
[2025-10-02 15:04:40,499.499] WARNING  [MainThread|MainProcess] Config (config.py:create_from_file:304) | [setting] 未知配置项: crawl_interval
[2025-10-02 15:04:40,559.559] INFO     [MainThread|MainProcess] Config (config.py:validate_config:339) | [BOTQQ]: 3909177943 | [WSURI]: ws://localhost:3001 | [WS_TOKEN]: NcatBot | [ROOT]: 1633360356 | [WEBUI]: http://localhost:6099 | [WEBUI_TOKEN]: 123NcatBot321!@
[2025-10-02 15:04:40,607.607] INFO     [Thread-4 (runner)|MainProcess] PluginLoader (loader.py:load_builtin_plugins:251) | 已加载内置插件数 [2]
[2025-10-02 15:04:40,607.607] INFO     [Thread-4 (runner)|MainProcess] PluginLoader (loader.py:load_plugins:265) | 从 D:\my_project\QQBot\plugins 导入插件
[2025-10-02 15:04:40,612.612] INFO     [Thread-4 (runner)|MainProcess] PackageHelper (packhelper.py:ensure:32) | 依赖已满足: PyMySQL
[2025-10-02 15:04:40,612.612] INFO     [Thread-4 (runner)|MainProcess] PackageHelper (packhelper.py:ensure:32) | 依赖已满足: pyyaml
[2025-10-02 15:04:40,613.613] INFO     [Thread-4 (runner)|MainProcess] PackageHelper (packhelper.py:ensure:32) | 依赖已满足: requests
[2025-10-02 15:04:40,740.740] INFO     [Thread-4 (runner)|MainProcess] PackageHelper (packhelper.py:ensure:32) | 依赖已满足: PyMySQL
[2025-10-02 15:04:40,932.932] INFO     [Thread-4 (runner)|MainProcess] PackageHelper (packhelper.py:ensure:32) | 依赖已满足: requests
[2025-10-02 15:04:40,933.933] INFO     [Thread-4 (runner)|MainProcess] PackageHelper (packhelper.py:ensure:32) | 依赖已满足: bs4
[2025-10-02 15:04:40,933.933] INFO     [Thread-4 (runner)|MainProcess] PackageHelper (packhelper.py:ensure:32) | 依赖已满足: zhconv
[2025-10-02 15:04:40,934.934] INFO     [Thread-4 (runner)|MainProcess] PackageHelper (packhelper.py:ensure:32) | 依赖已满足: pandas
[2025-10-02 15:04:40,935.935] INFO     [Thread-4 (runner)|MainProcess] PackageHelper (packhelper.py:ensure:32) | 依赖已满足: cryptography
[2025-10-02 15:04:40,940.940] INFO     [Thread-4 (runner)|MainProcess] PackageHelper (packhelper.py:ensure:32) | 依赖已满足: torch
[2025-10-02 15:04:40,943.943] INFO     [Thread-4 (runner)|MainProcess] PackageHelper (packhelper.py:ensure:32) | 依赖已满足: numpy
[2025-10-02 15:04:40,943.943] INFO     [Thread-4 (runner)|MainProcess] PackageHelper (packhelper.py:ensure:32) | 依赖已满足: pyyaml
[2025-10-02 15:04:41,987.987] INFO     [Thread-4 (runner)|MainProcess] PluginLoader (loader.py:_import_single:89) | 成功导入插件文件: __init__
[2025-10-02 15:04:41,987.987] INFO     [Thread-4 (runner)|MainProcess] PluginLoader (loader.py:from_class_load_plugins:217) | 加载插件「CS2CaseSimulator」
[2025-10-02 15:04:41,988.988] INFO     [Thread-4 (runner)|MainProcess] PluginLoader (loader.py:from_class_load_plugins:217) | 加载插件「DailyLuck」
[2025-10-02 15:04:41,988.988] INFO     [Thread-4 (runner)|MainProcess] PluginLoader (loader.py:from_class_load_plugins:217) | 加载插件「DailyMusic」
[2025-10-02 15:04:41,988.988] INFO     [Thread-4 (runner)|MainProcess] PluginLoader (loader.py:from_class_load_plugins:217) | 加载插件「DailyWife」
[2025-10-02 15:04:41,989.989] INFO     [Thread-4 (runner)|MainProcess] PluginLoader (loader.py:from_class_load_plugins:217) | 加载插件「GoBang」
[2025-10-02 15:04:41,989.989] INFO     [Thread-4 (runner)|MainProcess] PluginLoader (loader.py:from_class_load_plugins:217) | 加载插件「HistoryDay」
[2025-10-02 15:04:41,989.989] INFO     [Thread-4 (runner)|MainProcess] PluginLoader (loader.py:from_class_load_plugins:217) | 加载插件「Menu」
[2025-10-02 15:04:41,990.990] INFO     [Thread-4 (runner)|MainProcess] PluginLoader (loader.py:from_class_load_plugins:217) | 加载插件「Poem」
[2025-10-02 15:04:41,990.990] INFO     [Thread-4 (runner)|MainProcess] PluginLoader (loader.py:from_class_load_plugins:217) | 加载插件「UUCrawl」
[2025-10-02 15:04:41,990.990] INFO     [Thread-4 (runner)|MainProcess] PluginLoader (loader.py:from_class_load_plugins:217) | 加载插件「UUCrawlMonitor」
[2025-10-02 15:04:41,991.991] INFO     [Thread-4 (runner)|MainProcess] PluginLoader (loader.py:from_class_load_plugins:217) | 加载插件「What2Eat」
[2025-10-02 15:04:42,005.005] INFO     [Thread-4 (runner)|MainProcess] PluginLoader (loader.py:load_plugins:277) | 已加载插件数 [13]
[2025-10-02 15:04:42,006.006] INFO     [MainThread|MainProcess] ncatbot.core.adapter.nc.launch (launch.py:lanuch_napcat_service:104) | 正在以本地模式运行, 检查中...
[2025-10-02 15:04:42,020.020] INFO     [MainThread|MainProcess] ncatbot.core.adapter.nc.launch (launch.py:check_napcat_service_remote:70) | napcat 服务器 ws://localhost:3001 在线, 正在检查账号状态...
[2025-10-02 15:06:04,567.567] INFO     [MainThread|MainProcess] ncatbot.plugin_system (ncatbot_plugin.py:on_close:19) | 插件 SystemManager 卸载成功
[2025-10-02 15:06:04,568.568] INFO     [MainThread|MainProcess] ncatbot.plugin_system (ncatbot_plugin.py:on_close:19) | 插件 UnifiedRegistryPlugin 卸载成功
[2025-10-02 15:06:04,568.568] INFO     [MainThread|MainProcess] ncatbot.plugin_system (ncatbot_plugin.py:on_close:19) | 插件 CS2CaseSimulator 卸载成功
[2025-10-02 15:06:04,568.568] INFO     [MainThread|MainProcess] ncatbot.plugin_system (ncatbot_plugin.py:on_close:19) | 插件 DailyLuck 卸载成功
[2025-10-02 15:06:04,569.569] INFO     [MainThread|MainProcess] ncatbot.plugin_system (ncatbot_plugin.py:on_close:19) | 插件 DailyMusic 卸载成功
[2025-10-02 15:06:04,569.569] INFO     [MainThread|MainProcess] ncatbot.plugin_system (ncatbot_plugin.py:on_close:19) | 插件 DailyWife 卸载成功
[2025-10-02 15:06:04,569.569] INFO     [MainThread|MainProcess] ncatbot.plugin_system (ncatbot_plugin.py:on_close:19) | 插件 GoBang 卸载成功
[2025-10-02 15:06:04,569.569] INFO     [MainThread|MainProcess] ncatbot.plugin_system (ncatbot_plugin.py:on_close:19) | 插件 HistoryDay 卸载成功
[2025-10-02 15:06:04,570.570] INFO     [MainThread|MainProcess] ncatbot.plugin_system (ncatbot_plugin.py:on_close:19) | 插件 Menu 卸载成功
[2025-10-02 15:06:04,570.570] INFO     [MainThread|MainProcess] ncatbot.plugin_system (ncatbot_plugin.py:on_close:19) | 插件 Poem 卸载成功
[2025-10-02 15:06:04,570.570] INFO     [MainThread|MainProcess] ncatbot.plugin_system (ncatbot_plugin.py:on_close:19) | 插件 UUCrawl 卸载成功
[2025-10-02 15:06:04,570.570] INFO     [MainThread|MainProcess] ncatbot.plugin_system (ncatbot_plugin.py:on_close:19) | 插件 UUCrawlMonitor 卸载成功
[2025-10-02 15:06:04,570.570] INFO     [MainThread|MainProcess] ncatbot.plugin_system (ncatbot_plugin.py:on_close:19) | 插件 What2Eat 卸载成功
[2025-10-02 15:06:04,575.575] INFO     [MainThread|MainProcess] Client (client.py:bot_exit:202) | Bot 已经正常退出
[2025-10-02 15:06:22,063.063] DEBUG    [MainThread|MainProcess] logger (logger.py:setup_logging:259) | 日志系统初始化
[2025-10-02 15:06:22,064.064] DEBUG    [MainThread|MainProcess] Config (config.py:load:353) | 从 D:\my_project\QQBot\config.yaml 加载配置
[2025-10-02 15:06:22,065.065] WARNING  [MainThread|MainProcess] Config (config.py:create_from_file:304) | [setting] 未知配置项: bot_id
[2025-10-02 15:06:22,065.065] WARNING  [MainThread|MainProcess] Config (config.py:create_from_file:304) | [setting] 未知配置项: root_id
[2025-10-02 15:06:22,065.065] WARNING  [MainThread|MainProcess] Config (config.py:create_from_file:304) | [setting] 未知配置项: bot_name
[2025-10-02 15:06:22,065.065] WARNING  [MainThread|MainProcess] Config (config.py:create_from_file:304) | [setting] 未知配置项: host
[2025-10-02 15:06:22,066.066] WARNING  [MainThread|MainProcess] Config (config.py:create_from_file:304) | [setting] 未知配置项: user
[2025-10-02 15:06:22,066.066] WARNING  [MainThread|MainProcess] Config (config.py:create_from_file:304) | [setting] 未知配置项: password
[2025-10-02 15:06:22,066.066] WARNING  [MainThread|MainProcess] Config (config.py:create_from_file:304) | [setting] 未知配置项: database
[2025-10-02 15:06:22,066.066] WARNING  [MainThread|MainProcess] Config (config.py:create_from_file:304) | [setting] 未知配置项: gaode_map_key
[2025-10-02 15:06:22,066.066] WARNING  [MainThread|MainProcess] Config (config.py:create_from_file:304) | [setting] 未知配置项: crawl_interval
[2025-10-02 15:06:22,127.127] INFO     [MainThread|MainProcess] Config (config.py:validate_config:339) | [BOTQQ]: 3909177943 | [WSURI]: ws://localhost:3001 | [WS_TOKEN]: NcatBot | [ROOT]: 1633360356 | [WEBUI]: http://localhost:6099 | [WEBUI_TOKEN]: 123NcatBot321!@
[2025-10-02 15:06:22,176.176] INFO     [Thread-4 (runner)|MainProcess] PluginLoader (loader.py:load_builtin_plugins:251) | 已加载内置插件数 [2]
[2025-10-02 15:06:22,176.176] INFO     [Thread-4 (runner)|MainProcess] PluginLoader (loader.py:load_plugins:265) | 从 D:\my_project\QQBot\plugins 导入插件
[2025-10-02 15:06:22,182.182] INFO     [Thread-4 (runner)|MainProcess] PackageHelper (packhelper.py:ensure:32) | 依赖已满足: PyMySQL
[2025-10-02 15:06:22,183.183] INFO     [Thread-4 (runner)|MainProcess] PackageHelper (packhelper.py:ensure:32) | 依赖已满足: pyyaml
[2025-10-02 15:06:22,183.183] INFO     [Thread-4 (runner)|MainProcess] PackageHelper (packhelper.py:ensure:32) | 依赖已满足: requests
[2025-10-02 15:06:22,273.273] INFO     [Thread-4 (runner)|MainProcess] PackageHelper (packhelper.py:ensure:32) | 依赖已满足: PyMySQL
[2025-10-02 15:06:22,468.468] INFO     [Thread-4 (runner)|MainProcess] PackageHelper (packhelper.py:ensure:32) | 依赖已满足: requests
[2025-10-02 15:06:22,469.469] INFO     [Thread-4 (runner)|MainProcess] PackageHelper (packhelper.py:ensure:32) | 依赖已满足: bs4
[2025-10-02 15:06:22,469.469] INFO     [Thread-4 (runner)|MainProcess] PackageHelper (packhelper.py:ensure:32) | 依赖已满足: zhconv
[2025-10-02 15:06:22,471.471] INFO     [Thread-4 (runner)|MainProcess] PackageHelper (packhelper.py:ensure:32) | 依赖已满足: pandas
[2025-10-02 15:06:22,471.471] INFO     [Thread-4 (runner)|MainProcess] PackageHelper (packhelper.py:ensure:32) | 依赖已满足: cryptography
[2025-10-02 15:06:22,476.476] INFO     [Thread-4 (runner)|MainProcess] PackageHelper (packhelper.py:ensure:32) | 依赖已满足: torch
[2025-10-02 15:06:22,478.478] INFO     [Thread-4 (runner)|MainProcess] PackageHelper (packhelper.py:ensure:32) | 依赖已满足: numpy
[2025-10-02 15:06:22,479.479] INFO     [Thread-4 (runner)|MainProcess] PackageHelper (packhelper.py:ensure:32) | 依赖已满足: pyyaml
[2025-10-02 15:06:23,532.532] INFO     [Thread-4 (runner)|MainProcess] PluginLoader (loader.py:_import_single:89) | 成功导入插件文件: __init__
[2025-10-02 15:06:23,532.532] INFO     [Thread-4 (runner)|MainProcess] PluginLoader (loader.py:from_class_load_plugins:217) | 加载插件「CS2CaseSimulator」
[2025-10-02 15:06:23,533.533] INFO     [Thread-4 (runner)|MainProcess] PluginLoader (loader.py:from_class_load_plugins:217) | 加载插件「DailyLuck」
[2025-10-02 15:06:23,533.533] INFO     [Thread-4 (runner)|MainProcess] PluginLoader (loader.py:from_class_load_plugins:217) | 加载插件「DailyMusic」
[2025-10-02 15:06:23,534.534] INFO     [Thread-4 (runner)|MainProcess] PluginLoader (loader.py:from_class_load_plugins:217) | 加载插件「DailyWife」
[2025-10-02 15:06:23,534.534] INFO     [Thread-4 (runner)|MainProcess] PluginLoader (loader.py:from_class_load_plugins:217) | 加载插件「GoBang」
[2025-10-02 15:06:23,535.535] INFO     [Thread-4 (runner)|MainProcess] PluginLoader (loader.py:from_class_load_plugins:217) | 加载插件「HistoryDay」
[2025-10-02 15:06:23,535.535] INFO     [Thread-4 (runner)|MainProcess] PluginLoader (loader.py:from_class_load_plugins:217) | 加载插件「Menu」
[2025-10-02 15:06:23,535.535] INFO     [Thread-4 (runner)|MainProcess] PluginLoader (loader.py:from_class_load_plugins:217) | 加载插件「Poem」
[2025-10-02 15:06:23,536.536] INFO     [Thread-4 (runner)|MainProcess] PluginLoader (loader.py:from_class_load_plugins:217) | 加载插件「UUCrawl」
[2025-10-02 15:06:23,536.536] INFO     [Thread-4 (runner)|MainProcess] PluginLoader (loader.py:from_class_load_plugins:217) | 加载插件「UUCrawlMonitor」
[2025-10-02 15:06:23,536.536] INFO     [Thread-4 (runner)|MainProcess] PluginLoader (loader.py:from_class_load_plugins:217) | 加载插件「What2Eat」
[2025-10-02 15:06:23,553.553] INFO     [Thread-4 (runner)|MainProcess] PluginLoader (loader.py:load_plugins:277) | 已加载插件数 [13]
[2025-10-02 15:06:23,554.554] INFO     [MainThread|MainProcess] ncatbot.core.adapter.nc.launch (launch.py:lanuch_napcat_service:104) | 正在以本地模式运行, 检查中...
[2025-10-02 15:06:23,613.613] INFO     [MainThread|MainProcess] ncatbot.plugin_system (ncatbot_plugin.py:on_close:19) | 插件 SystemManager 卸载成功
[2025-10-02 15:06:23,614.614] INFO     [MainThread|MainProcess] ncatbot.plugin_system (ncatbot_plugin.py:on_close:19) | 插件 UnifiedRegistryPlugin 卸载成功
[2025-10-02 15:06:23,614.614] INFO     [MainThread|MainProcess] ncatbot.plugin_system (ncatbot_plugin.py:on_close:19) | 插件 CS2CaseSimulator 卸载成功
[2025-10-02 15:06:23,614.614] INFO     [MainThread|MainProcess] ncatbot.plugin_system (ncatbot_plugin.py:on_close:19) | 插件 DailyLuck 卸载成功
[2025-10-02 15:06:23,614.614] INFO     [MainThread|MainProcess] ncatbot.plugin_system (ncatbot_plugin.py:on_close:19) | 插件 DailyMusic 卸载成功
[2025-10-02 15:06:23,615.615] INFO     [MainThread|MainProcess] ncatbot.plugin_system (ncatbot_plugin.py:on_close:19) | 插件 DailyWife 卸载成功
[2025-10-02 15:06:23,615.615] INFO     [MainThread|MainProcess] ncatbot.plugin_system (ncatbot_plugin.py:on_close:19) | 插件 GoBang 卸载成功
[2025-10-02 15:06:23,615.615] INFO     [MainThread|MainProcess] ncatbot.plugin_system (ncatbot_plugin.py:on_close:19) | 插件 HistoryDay 卸载成功
[2025-10-02 15:06:23,616.616] INFO     [MainThread|MainProcess] ncatbot.plugin_system (ncatbot_plugin.py:on_close:19) | 插件 Menu 卸载成功
[2025-10-02 15:06:23,616.616] INFO     [MainThread|MainProcess] ncatbot.plugin_system (ncatbot_plugin.py:on_close:19) | 插件 Poem 卸载成功
[2025-10-02 15:06:23,616.616] INFO     [MainThread|MainProcess] ncatbot.plugin_system (ncatbot_plugin.py:on_close:19) | 插件 UUCrawl 卸载成功
[2025-10-02 15:06:23,616.616] INFO     [MainThread|MainProcess] ncatbot.plugin_system (ncatbot_plugin.py:on_close:19) | 插件 UUCrawlMonitor 卸载成功
[2025-10-02 15:06:23,616.616] INFO     [MainThread|MainProcess] ncatbot.plugin_system (ncatbot_plugin.py:on_close:19) | 插件 What2Eat 卸载成功
[2025-10-02 15:06:23,620.620] INFO     [MainThread|MainProcess] Client (client.py:bot_exit:202) | Bot 已经正常退出
[2025-10-02 15:06:27,092.092] DEBUG    [MainThread|MainProcess] logger (logger.py:setup_logging:259) | 日志系统初始化
[2025-10-02 15:06:27,094.094] DEBUG    [MainThread|MainProcess] Config (config.py:load:353) | 从 D:\my_project\QQBot\config.yaml 加载配置
[2025-10-02 15:06:27,095.095] WARNING  [MainThread|MainProcess] Config (config.py:create_from_file:304) | [setting] 未知配置项: bot_id
[2025-10-02 15:06:27,095.095] WARNING  [MainThread|MainProcess] Config (config.py:create_from_file:304) | [setting] 未知配置项: root_id
[2025-10-02 15:06:27,095.095] WARNING  [MainThread|MainProcess] Config (config.py:create_from_file:304) | [setting] 未知配置项: bot_name
[2025-10-02 15:06:27,095.095] WARNING  [MainThread|MainProcess] Config (config.py:create_from_file:304) | [setting] 未知配置项: host
[2025-10-02 15:06:27,095.095] WARNING  [MainThread|MainProcess] Config (config.py:create_from_file:304) | [setting] 未知配置项: user
[2025-10-02 15:06:27,095.095] WARNING  [MainThread|MainProcess] Config (config.py:create_from_file:304) | [setting] 未知配置项: password
[2025-10-02 15:06:27,095.095] WARNING  [MainThread|MainProcess] Config (config.py:create_from_file:304) | [setting] 未知配置项: database
[2025-10-02 15:06:27,095.095] WARNING  [MainThread|MainProcess] Config (config.py:create_from_file:304) | [setting] 未知配置项: gaode_map_key
[2025-10-02 15:06:27,095.095] WARNING  [MainThread|MainProcess] Config (config.py:create_from_file:304) | [setting] 未知配置项: crawl_interval
[2025-10-02 15:06:27,153.153] INFO     [MainThread|MainProcess] Config (config.py:validate_config:339) | [BOTQQ]: 3909177943 | [WSURI]: ws://localhost:3001 | [WS_TOKEN]: NcatBot | [ROOT]: 1633360356 | [WEBUI]: http://localhost:6099 | [WEBUI_TOKEN]: 123NcatBot321!@
[2025-10-02 15:06:27,200.200] INFO     [Thread-4 (runner)|MainProcess] PluginLoader (loader.py:load_builtin_plugins:251) | 已加载内置插件数 [2]
[2025-10-02 15:06:27,200.200] INFO     [Thread-4 (runner)|MainProcess] PluginLoader (loader.py:load_plugins:265) | 从 D:\my_project\QQBot\plugins 导入插件
[2025-10-02 15:06:27,205.205] INFO     [Thread-4 (runner)|MainProcess] PackageHelper (packhelper.py:ensure:32) | 依赖已满足: PyMySQL
[2025-10-02 15:06:27,206.206] INFO     [Thread-4 (runner)|MainProcess] PackageHelper (packhelper.py:ensure:32) | 依赖已满足: pyyaml
[2025-10-02 15:06:27,206.206] INFO     [Thread-4 (runner)|MainProcess] PackageHelper (packhelper.py:ensure:32) | 依赖已满足: requests
[2025-10-02 15:06:27,290.290] INFO     [Thread-4 (runner)|MainProcess] PackageHelper (packhelper.py:ensure:32) | 依赖已满足: PyMySQL
[2025-10-02 15:06:27,476.476] INFO     [Thread-4 (runner)|MainProcess] PackageHelper (packhelper.py:ensure:32) | 依赖已满足: requests
[2025-10-02 15:06:27,477.477] INFO     [Thread-4 (runner)|MainProcess] PackageHelper (packhelper.py:ensure:32) | 依赖已满足: bs4
[2025-10-02 15:06:27,477.477] INFO     [Thread-4 (runner)|MainProcess] PackageHelper (packhelper.py:ensure:32) | 依赖已满足: zhconv
[2025-10-02 15:06:27,478.478] INFO     [Thread-4 (runner)|MainProcess] PackageHelper (packhelper.py:ensure:32) | 依赖已满足: pandas
[2025-10-02 15:06:27,479.479] INFO     [Thread-4 (runner)|MainProcess] PackageHelper (packhelper.py:ensure:32) | 依赖已满足: cryptography
[2025-10-02 15:06:27,483.483] INFO     [Thread-4 (runner)|MainProcess] PackageHelper (packhelper.py:ensure:32) | 依赖已满足: torch
[2025-10-02 15:06:27,485.485] INFO     [Thread-4 (runner)|MainProcess] PackageHelper (packhelper.py:ensure:32) | 依赖已满足: numpy
[2025-10-02 15:06:27,486.486] INFO     [Thread-4 (runner)|MainProcess] PackageHelper (packhelper.py:ensure:32) | 依赖已满足: pyyaml
[2025-10-02 15:06:28,490.490] INFO     [Thread-4 (runner)|MainProcess] PluginLoader (loader.py:_import_single:89) | 成功导入插件文件: __init__
[2025-10-02 15:06:28,490.490] INFO     [Thread-4 (runner)|MainProcess] PluginLoader (loader.py:from_class_load_plugins:217) | 加载插件「CS2CaseSimulator」
[2025-10-02 15:06:28,490.490] INFO     [Thread-4 (runner)|MainProcess] PluginLoader (loader.py:from_class_load_plugins:217) | 加载插件「DailyLuck」
[2025-10-02 15:06:28,491.491] INFO     [Thread-4 (runner)|MainProcess] PluginLoader (loader.py:from_class_load_plugins:217) | 加载插件「DailyMusic」
[2025-10-02 15:06:28,491.491] INFO     [Thread-4 (runner)|MainProcess] PluginLoader (loader.py:from_class_load_plugins:217) | 加载插件「DailyWife」
[2025-10-02 15:06:28,492.492] INFO     [Thread-4 (runner)|MainProcess] PluginLoader (loader.py:from_class_load_plugins:217) | 加载插件「GoBang」
[2025-10-02 15:06:28,492.492] INFO     [Thread-4 (runner)|MainProcess] PluginLoader (loader.py:from_class_load_plugins:217) | 加载插件「HistoryDay」
[2025-10-02 15:06:28,492.492] INFO     [Thread-4 (runner)|MainProcess] PluginLoader (loader.py:from_class_load_plugins:217) | 加载插件「Menu」
[2025-10-02 15:06:28,493.493] INFO     [Thread-4 (runner)|MainProcess] PluginLoader (loader.py:from_class_load_plugins:217) | 加载插件「Poem」
[2025-10-02 15:06:28,493.493] INFO     [Thread-4 (runner)|MainProcess] PluginLoader (loader.py:from_class_load_plugins:217) | 加载插件「UUCrawl」
[2025-10-02 15:06:28,493.493] INFO     [Thread-4 (runner)|MainProcess] PluginLoader (loader.py:from_class_load_plugins:217) | 加载插件「UUCrawlMonitor」
[2025-10-02 15:06:28,494.494] INFO     [Thread-4 (runner)|MainProcess] PluginLoader (loader.py:from_class_load_plugins:217) | 加载插件「What2Eat」
[2025-10-02 15:06:28,509.509] INFO     [Thread-4 (runner)|MainProcess] PluginLoader (loader.py:load_plugins:277) | 已加载插件数 [13]
[2025-10-02 15:06:28,510.510] INFO     [MainThread|MainProcess] ncatbot.core.adapter.nc.launch (launch.py:lanuch_napcat_service:104) | 正在以本地模式运行, 检查中...
[2025-10-02 15:06:31,525.525] WARNING  [MainThread|MainProcess] ncatbot.core.adapter.nc.config (config.py:config_webui:100) | WebUI 令牌不匹配, 将修改为 NcatBot 配置的令牌: 123NcatBot321!@
[2025-10-02 15:06:31,525.525] WARNING  [MainThread|MainProcess] ncatbot.core.adapter.nc.config (config.py:config_webui:105) | WebUI 监听 IP 不匹配, 将修改为 NcatBot 配置的监听 IP: localhost
[2025-10-02 15:06:31,525.525] INFO     [MainThread|MainProcess] adapter.nc.start (start.py:get_launcher_name:120) | 当前操作系统为: Windows 11
[2025-10-02 15:06:31,526.526] INFO     [MainThread|MainProcess] adapter.nc.start (start.py:start_napcat_windows:133) | 正在启动QQ, 启动器路径: D:\my_project\QQBot\napcat\launcher.bat
[2025-10-02 15:06:34,532.532] INFO     [MainThread|MainProcess] ncatbot.core.adapter.nc.launch (launch.py:lanuch_napcat_service:118) | 登录中...
[2025-10-02 15:06:57,591.591] INFO     [MainThread|MainProcess] ncatbot.plugin_system (ncatbot_plugin.py:on_close:19) | 插件 SystemManager 卸载成功
[2025-10-02 15:06:57,591.591] INFO     [MainThread|MainProcess] ncatbot.plugin_system (ncatbot_plugin.py:on_close:19) | 插件 UnifiedRegistryPlugin 卸载成功
[2025-10-02 15:06:57,592.592] INFO     [MainThread|MainProcess] ncatbot.plugin_system (ncatbot_plugin.py:on_close:19) | 插件 CS2CaseSimulator 卸载成功
[2025-10-02 15:06:57,592.592] INFO     [MainThread|MainProcess] ncatbot.plugin_system (ncatbot_plugin.py:on_close:19) | 插件 DailyLuck 卸载成功
[2025-10-02 15:06:57,593.593] INFO     [MainThread|MainProcess] ncatbot.plugin_system (ncatbot_plugin.py:on_close:19) | 插件 DailyMusic 卸载成功
[2025-10-02 15:06:57,593.593] INFO     [MainThread|MainProcess] ncatbot.plugin_system (ncatbot_plugin.py:on_close:19) | 插件 DailyWife 卸载成功
[2025-10-02 15:06:57,593.593] INFO     [MainThread|MainProcess] ncatbot.plugin_system (ncatbot_plugin.py:on_close:19) | 插件 GoBang 卸载成功
[2025-10-02 15:06:57,593.593] INFO     [MainThread|MainProcess] ncatbot.plugin_system (ncatbot_plugin.py:on_close:19) | 插件 HistoryDay 卸载成功
[2025-10-02 15:06:57,593.593] INFO     [MainThread|MainProcess] ncatbot.plugin_system (ncatbot_plugin.py:on_close:19) | 插件 Menu 卸载成功
[2025-10-02 15:06:57,594.594] INFO     [MainThread|MainProcess] ncatbot.plugin_system (ncatbot_plugin.py:on_close:19) | 插件 Poem 卸载成功
[2025-10-02 15:06:57,594.594] INFO     [MainThread|MainProcess] ncatbot.plugin_system (ncatbot_plugin.py:on_close:19) | 插件 UUCrawl 卸载成功
[2025-10-02 15:06:57,594.594] INFO     [MainThread|MainProcess] ncatbot.plugin_system (ncatbot_plugin.py:on_close:19) | 插件 UUCrawlMonitor 卸载成功
[2025-10-02 15:06:57,594.594] INFO     [MainThread|MainProcess] ncatbot.plugin_system (ncatbot_plugin.py:on_close:19) | 插件 What2Eat 卸载成功
[2025-10-02 15:06:57,599.599] INFO     [MainThread|MainProcess] Client (client.py:bot_exit:202) | Bot 已经正常退出
[2025-10-02 15:06:58,892.892] DEBUG    [MainThread|MainProcess] logger (logger.py:setup_logging:259) | 日志系统初始化
[2025-10-02 15:06:58,894.894] DEBUG    [MainThread|MainProcess] Config (config.py:load:353) | 从 D:\my_project\QQBot\config.yaml 加载配置
[2025-10-02 15:06:58,895.895] WARNING  [MainThread|MainProcess] Config (config.py:create_from_file:304) | [setting] 未知配置项: bot_id
[2025-10-02 15:06:58,895.895] WARNING  [MainThread|MainProcess] Config (config.py:create_from_file:304) | [setting] 未知配置项: root_id
[2025-10-02 15:06:58,895.895] WARNING  [MainThread|MainProcess] Config (config.py:create_from_file:304) | [setting] 未知配置项: bot_name
[2025-10-02 15:06:58,895.895] WARNING  [MainThread|MainProcess] Config (config.py:create_from_file:304) | [setting] 未知配置项: host
[2025-10-02 15:06:58,895.895] WARNING  [MainThread|MainProcess] Config (config.py:create_from_file:304) | [setting] 未知配置项: user
[2025-10-02 15:06:58,896.896] WARNING  [MainThread|MainProcess] Config (config.py:create_from_file:304) | [setting] 未知配置项: password
[2025-10-02 15:06:58,896.896] WARNING  [MainThread|MainProcess] Config (config.py:create_from_file:304) | [setting] 未知配置项: database
[2025-10-02 15:06:58,896.896] WARNING  [MainThread|MainProcess] Config (config.py:create_from_file:304) | [setting] 未知配置项: gaode_map_key
[2025-10-02 15:06:58,896.896] WARNING  [MainThread|MainProcess] Config (config.py:create_from_file:304) | [setting] 未知配置项: crawl_interval
[2025-10-02 15:06:58,956.956] INFO     [MainThread|MainProcess] Config (config.py:validate_config:339) | [BOTQQ]: 3909177943 | [WSURI]: ws://localhost:3001 | [WS_TOKEN]: NcatBot | [ROOT]: 1633360356 | [WEBUI]: http://localhost:6099 | [WEBUI_TOKEN]: 123NcatBot321!@
[2025-10-02 15:06:59,002.002] INFO     [Thread-4 (runner)|MainProcess] PluginLoader (loader.py:load_builtin_plugins:251) | 已加载内置插件数 [2]
[2025-10-02 15:06:59,002.002] INFO     [Thread-4 (runner)|MainProcess] PluginLoader (loader.py:load_plugins:265) | 从 D:\my_project\QQBot\plugins 导入插件
[2025-10-02 15:06:59,007.007] INFO     [Thread-4 (runner)|MainProcess] PackageHelper (packhelper.py:ensure:32) | 依赖已满足: PyMySQL
[2025-10-02 15:06:59,007.007] INFO     [Thread-4 (runner)|MainProcess] PackageHelper (packhelper.py:ensure:32) | 依赖已满足: pyyaml
[2025-10-02 15:06:59,008.008] INFO     [Thread-4 (runner)|MainProcess] PackageHelper (packhelper.py:ensure:32) | 依赖已满足: requests
[2025-10-02 15:06:59,092.092] INFO     [Thread-4 (runner)|MainProcess] PackageHelper (packhelper.py:ensure:32) | 依赖已满足: PyMySQL
[2025-10-02 15:06:59,279.279] INFO     [Thread-4 (runner)|MainProcess] PackageHelper (packhelper.py:ensure:32) | 依赖已满足: requests
[2025-10-02 15:06:59,280.280] INFO     [Thread-4 (runner)|MainProcess] PackageHelper (packhelper.py:ensure:32) | 依赖已满足: bs4
[2025-10-02 15:06:59,280.280] INFO     [Thread-4 (runner)|MainProcess] PackageHelper (packhelper.py:ensure:32) | 依赖已满足: zhconv
[2025-10-02 15:06:59,281.281] INFO     [Thread-4 (runner)|MainProcess] PackageHelper (packhelper.py:ensure:32) | 依赖已满足: pandas
[2025-10-02 15:06:59,282.282] INFO     [Thread-4 (runner)|MainProcess] PackageHelper (packhelper.py:ensure:32) | 依赖已满足: cryptography
[2025-10-02 15:06:59,286.286] INFO     [Thread-4 (runner)|MainProcess] PackageHelper (packhelper.py:ensure:32) | 依赖已满足: torch
[2025-10-02 15:06:59,288.288] INFO     [Thread-4 (runner)|MainProcess] PackageHelper (packhelper.py:ensure:32) | 依赖已满足: numpy
[2025-10-02 15:06:59,289.289] INFO     [Thread-4 (runner)|MainProcess] PackageHelper (packhelper.py:ensure:32) | 依赖已满足: pyyaml
[2025-10-02 15:07:00,282.282] INFO     [Thread-4 (runner)|MainProcess] PluginLoader (loader.py:_import_single:89) | 成功导入插件文件: __init__
[2025-10-02 15:07:00,282.282] INFO     [Thread-4 (runner)|MainProcess] PluginLoader (loader.py:from_class_load_plugins:217) | 加载插件「CS2CaseSimulator」
[2025-10-02 15:07:00,282.282] INFO     [Thread-4 (runner)|MainProcess] PluginLoader (loader.py:from_class_load_plugins:217) | 加载插件「DailyLuck」
[2025-10-02 15:07:00,283.283] INFO     [Thread-4 (runner)|MainProcess] PluginLoader (loader.py:from_class_load_plugins:217) | 加载插件「DailyMusic」
[2025-10-02 15:07:00,283.283] INFO     [Thread-4 (runner)|MainProcess] PluginLoader (loader.py:from_class_load_plugins:217) | 加载插件「DailyWife」
[2025-10-02 15:07:00,284.284] INFO     [Thread-4 (runner)|MainProcess] PluginLoader (loader.py:from_class_load_plugins:217) | 加载插件「GoBang」
[2025-10-02 15:07:00,284.284] INFO     [Thread-4 (runner)|MainProcess] PluginLoader (loader.py:from_class_load_plugins:217) | 加载插件「HistoryDay」
[2025-10-02 15:07:00,284.284] INFO     [Thread-4 (runner)|MainProcess] PluginLoader (loader.py:from_class_load_plugins:217) | 加载插件「Menu」
[2025-10-02 15:07:00,285.285] INFO     [Thread-4 (runner)|MainProcess] PluginLoader (loader.py:from_class_load_plugins:217) | 加载插件「Poem」
[2025-10-02 15:07:00,285.285] INFO     [Thread-4 (runner)|MainProcess] PluginLoader (loader.py:from_class_load_plugins:217) | 加载插件「UUCrawl」
[2025-10-02 15:07:00,285.285] INFO     [Thread-4 (runner)|MainProcess] PluginLoader (loader.py:from_class_load_plugins:217) | 加载插件「UUCrawlMonitor」
[2025-10-02 15:07:00,286.286] INFO     [Thread-4 (runner)|MainProcess] PluginLoader (loader.py:from_class_load_plugins:217) | 加载插件「What2Eat」
[2025-10-02 15:07:00,301.301] INFO     [Thread-4 (runner)|MainProcess] PluginLoader (loader.py:load_plugins:277) | 已加载插件数 [13]
[2025-10-02 15:07:00,303.303] INFO     [MainThread|MainProcess] ncatbot.core.adapter.nc.launch (launch.py:lanuch_napcat_service:104) | 正在以本地模式运行, 检查中...
[2025-10-02 15:07:03,316.316] WARNING  [MainThread|MainProcess] ncatbot.core.adapter.nc.config (config.py:config_webui:100) | WebUI 令牌不匹配, 将修改为 NcatBot 配置的令牌: 123NcatBot321!@
[2025-10-02 15:07:03,316.316] WARNING  [MainThread|MainProcess] ncatbot.core.adapter.nc.config (config.py:config_webui:105) | WebUI 监听 IP 不匹配, 将修改为 NcatBot 配置的监听 IP: localhost
[2025-10-02 15:07:03,317.317] INFO     [MainThread|MainProcess] adapter.nc.start (start.py:get_launcher_name:120) | 当前操作系统为: Windows 11
[2025-10-02 15:07:03,317.317] INFO     [MainThread|MainProcess] adapter.nc.start (start.py:start_napcat_windows:133) | 正在启动QQ, 启动器路径: D:\my_project\QQBot\napcat\launcher.bat
[2025-10-02 15:07:06,325.325] INFO     [MainThread|MainProcess] ncatbot.core.adapter.nc.launch (launch.py:lanuch_napcat_service:118) | 登录中...
[2025-10-02 15:08:39,691.691] ERROR    [MainThread|MainProcess] ncatbot.core.adapter.nc.login (login.py:__init__:112) | 授权操作超时
[2025-10-02 15:08:39,691.691] INFO     [MainThread|MainProcess] ncatbot.core.adapter.nc.login (login.py:__init__:113) | 考虑在启动参数中加入 enable_webui_interaction=False 跳过
[2025-10-02 15:08:39,692.692] INFO     [MainThread|MainProcess] ncatbot.core.adapter.nc.login (login.py:__init__:116) | bot.run(enable_webui_interaction=False)
[2025-10-02 15:09:03,877.877] DEBUG    [MainThread|MainProcess] logger (logger.py:setup_logging:259) | 日志系统初始化
[2025-10-02 15:09:03,879.879] DEBUG    [MainThread|MainProcess] Config (config.py:load:353) | 从 D:\my_project\QQBot\config.yaml 加载配置
[2025-10-02 15:09:03,880.880] WARNING  [MainThread|MainProcess] Config (config.py:create_from_file:304) | [setting] 未知配置项: bot_id
[2025-10-02 15:09:03,880.880] WARNING  [MainThread|MainProcess] Config (config.py:create_from_file:304) | [setting] 未知配置项: root_id
[2025-10-02 15:09:03,880.880] WARNING  [MainThread|MainProcess] Config (config.py:create_from_file:304) | [setting] 未知配置项: bot_name
[2025-10-02 15:09:03,880.880] WARNING  [MainThread|MainProcess] Config (config.py:create_from_file:304) | [setting] 未知配置项: host
[2025-10-02 15:09:03,880.880] WARNING  [MainThread|MainProcess] Config (config.py:create_from_file:304) | [setting] 未知配置项: user
[2025-10-02 15:09:03,880.880] WARNING  [MainThread|MainProcess] Config (config.py:create_from_file:304) | [setting] 未知配置项: password
[2025-10-02 15:09:03,880.880] WARNING  [MainThread|MainProcess] Config (config.py:create_from_file:304) | [setting] 未知配置项: database
[2025-10-02 15:09:03,880.880] WARNING  [MainThread|MainProcess] Config (config.py:create_from_file:304) | [setting] 未知配置项: gaode_map_key
[2025-10-02 15:09:03,880.880] WARNING  [MainThread|MainProcess] Config (config.py:create_from_file:304) | [setting] 未知配置项: crawl_interval
[2025-10-02 15:09:03,940.940] INFO     [MainThread|MainProcess] Config (config.py:validate_config:339) | [BOTQQ]: 3909177943 | [WSURI]: ws://localhost:3001 | [WS_TOKEN]: NcatBot | [ROOT]: 1633360356 | [WEBUI]: http://localhost:6099 | [WEBUI_TOKEN]: 123NcatBot321!@
[2025-10-02 15:09:03,986.986] INFO     [Thread-4 (runner)|MainProcess] PluginLoader (loader.py:load_builtin_plugins:251) | 已加载内置插件数 [2]
[2025-10-02 15:09:03,986.986] INFO     [Thread-4 (runner)|MainProcess] PluginLoader (loader.py:load_plugins:265) | 从 D:\my_project\QQBot\plugins 导入插件
[2025-10-02 15:09:03,991.991] INFO     [Thread-4 (runner)|MainProcess] PackageHelper (packhelper.py:ensure:32) | 依赖已满足: PyMySQL
[2025-10-02 15:09:03,992.992] INFO     [Thread-4 (runner)|MainProcess] PackageHelper (packhelper.py:ensure:32) | 依赖已满足: pyyaml
[2025-10-02 15:09:03,992.992] INFO     [Thread-4 (runner)|MainProcess] PackageHelper (packhelper.py:ensure:32) | 依赖已满足: requests
[2025-10-02 15:09:04,074.074] INFO     [Thread-4 (runner)|MainProcess] PackageHelper (packhelper.py:ensure:32) | 依赖已满足: PyMySQL
[2025-10-02 15:09:04,276.276] INFO     [Thread-4 (runner)|MainProcess] PackageHelper (packhelper.py:ensure:32) | 依赖已满足: requests
[2025-10-02 15:09:04,277.277] INFO     [Thread-4 (runner)|MainProcess] PackageHelper (packhelper.py:ensure:32) | 依赖已满足: bs4
[2025-10-02 15:09:04,277.277] INFO     [Thread-4 (runner)|MainProcess] PackageHelper (packhelper.py:ensure:32) | 依赖已满足: zhconv
[2025-10-02 15:09:04,278.278] INFO     [Thread-4 (runner)|MainProcess] PackageHelper (packhelper.py:ensure:32) | 依赖已满足: pandas
[2025-10-02 15:09:04,279.279] INFO     [Thread-4 (runner)|MainProcess] PackageHelper (packhelper.py:ensure:32) | 依赖已满足: cryptography
[2025-10-02 15:09:04,284.284] INFO     [Thread-4 (runner)|MainProcess] PackageHelper (packhelper.py:ensure:32) | 依赖已满足: torch
[2025-10-02 15:09:04,287.287] INFO     [Thread-4 (runner)|MainProcess] PackageHelper (packhelper.py:ensure:32) | 依赖已满足: numpy
[2025-10-02 15:09:04,287.287] INFO     [Thread-4 (runner)|MainProcess] PackageHelper (packhelper.py:ensure:32) | 依赖已满足: pyyaml
[2025-10-02 15:09:05,336.336] INFO     [Thread-4 (runner)|MainProcess] PluginLoader (loader.py:_import_single:89) | 成功导入插件文件: __init__
[2025-10-02 15:09:05,336.336] INFO     [Thread-4 (runner)|MainProcess] PluginLoader (loader.py:from_class_load_plugins:217) | 加载插件「CS2CaseSimulator」
[2025-10-02 15:09:05,336.336] INFO     [Thread-4 (runner)|MainProcess] PluginLoader (loader.py:from_class_load_plugins:217) | 加载插件「DailyLuck」
[2025-10-02 15:09:05,337.337] INFO     [Thread-4 (runner)|MainProcess] PluginLoader (loader.py:from_class_load_plugins:217) | 加载插件「DailyMusic」
[2025-10-02 15:09:05,337.337] INFO     [Thread-4 (runner)|MainProcess] PluginLoader (loader.py:from_class_load_plugins:217) | 加载插件「DailyWife」
[2025-10-02 15:09:05,338.338] INFO     [Thread-4 (runner)|MainProcess] PluginLoader (loader.py:from_class_load_plugins:217) | 加载插件「GoBang」
[2025-10-02 15:09:05,338.338] INFO     [Thread-4 (runner)|MainProcess] PluginLoader (loader.py:from_class_load_plugins:217) | 加载插件「HistoryDay」
[2025-10-02 15:09:05,338.338] INFO     [Thread-4 (runner)|MainProcess] PluginLoader (loader.py:from_class_load_plugins:217) | 加载插件「Menu」
[2025-10-02 15:09:05,339.339] INFO     [Thread-4 (runner)|MainProcess] PluginLoader (loader.py:from_class_load_plugins:217) | 加载插件「Poem」
[2025-10-02 15:09:05,339.339] INFO     [Thread-4 (runner)|MainProcess] PluginLoader (loader.py:from_class_load_plugins:217) | 加载插件「UUCrawl」
[2025-10-02 15:09:05,340.340] INFO     [Thread-4 (runner)|MainProcess] PluginLoader (loader.py:from_class_load_plugins:217) | 加载插件「UUCrawlMonitor」
[2025-10-02 15:09:05,340.340] INFO     [Thread-4 (runner)|MainProcess] PluginLoader (loader.py:from_class_load_plugins:217) | 加载插件「What2Eat」
[2025-10-02 15:09:05,356.356] INFO     [Thread-4 (runner)|MainProcess] PluginLoader (loader.py:load_plugins:277) | 已加载插件数 [13]
[2025-10-02 15:09:05,357.357] INFO     [MainThread|MainProcess] ncatbot.core.adapter.nc.launch (launch.py:lanuch_napcat_service:104) | 正在以本地模式运行, 检查中...
[2025-10-02 15:09:05,373.373] INFO     [MainThread|MainProcess] ncatbot.core.adapter.nc.launch (launch.py:check_napcat_service_remote:70) | napcat 服务器 ws://localhost:3001 在线, 正在检查账号状态...
[2025-10-02 15:09:05,374.374] WARNING  [MainThread|MainProcess] ncatbot.core.adapter.nc.launch (launch.py:check_napcat_service_remote:72) | 跳过基于 WebUI 交互的检查, 请自行确保 NapCat 已经登录了正确的 QQ 3909177943
[2025-10-02 15:09:05,375.375] INFO     [MainThread|MainProcess] Adapter (adapter.py:connect_websocket:92) | NapCat WebSocket 连接成功
[2025-10-02 15:09:05,376.376] INFO     [Thread-1 (_worker_loop)|MainProcess] Client (client.py:<lambda>:79) | Bot 3909177943 启动成功
[2025-10-02 15:09:46,050.050] ERROR    [Thread-36 (runner)|MainProcess] FunctionMixin (func_mixin.py:wrapped_handler:186) | 插件 What2Eat 功能 DailyLuck 执行失败: Image.__init__() missing 1 required positional argument: 'file'
Traceback (most recent call last):
  File "D:\my_project\QQBot\.venv\Lib\site-packages\ncatbot\plugin_system\builtin_mixin\func_mixin.py", line 181, in wrapped_handler
    return await current_handler(data)
           ^^^^^^^^^^^^^^^^^^^^^^^^^^^
  File "D:\my_project\QQBot\plugins\What2Eat\main.py", line 86, in what2eat
    await msg.reply(text=text)
  File "D:\my_project\QQBot\.venv\Lib\site-packages\ncatbot\core\event\message.py", line 79, in reply
    return await status.global_api.post_group_msg(self.group_id, (" " if space else "") + text, self.user_id if at else None, reply=self.message_id, image=image, rtf=rtf)
           ^^^^^^^^^^^^^^^^^^^^^^^^^^^^^^^^^^^^^^^^^^^^^^^^^^^^^^^^^^^^^^^^^^^^^^^^^^^^^^^^^^^^^^^^^^^^^^^^^^^^^^^^^^^^^^^^^^^^^^^^^^^^^^^^^^^^^^^^^^^^^^^^^^^^^^^^^^^^^^^
  File "D:\my_project\QQBot\.venv\Lib\site-packages\ncatbot\core\api\api_message.py", line 49, in post_group_msg
    msg_array.add_text(text)
    ~~~~~~~~~~~~~~~~~~^^^^^^
  File "D:\my_project\QQBot\.venv\Lib\site-packages\ncatbot\core\event\message_segment\message_array.py", line 179, in add_text
    self.messages.extend(process_item(text))
                         ~~~~~~~~~~~~^^^^^^
  File "D:\my_project\QQBot\.venv\Lib\site-packages\ncatbot\core\event\message_segment\message_array.py", line 139, in process_item
    return process_iterable(item)
  File "D:\my_project\QQBot\.venv\Lib\site-packages\ncatbot\core\event\message_segment\message_array.py", line 114, in process_iterable
    result = result + process_item(item)
                      ~~~~~~~~~~~~^^^^^^
  File "D:\my_project\QQBot\.venv\Lib\site-packages\ncatbot\core\event\message_segment\message_array.py", line 137, in process_item
    return [process_dict(item)]
            ~~~~~~~~~~~~^^^^^^
  File "D:\my_project\QQBot\.venv\Lib\site-packages\ncatbot\core\event\message_segment\message_array.py", line 109, in process_dict
    return get_class_by_name(msg_seg_type).from_dict(msg_data)
           ~~~~~~~~~~~~~~~~~~~~~~~~~~~~~~~~~~~~~~~~~^^^^^^^^^^
  File "D:\my_project\QQBot\.venv\Lib\site-packages\ncatbot\core\event\message_segment\message_segment.py", line 95, in from_dict
    obj = cls(**init_kwargs)
TypeError: Image.__init__() missing 1 required positional argument: 'file'
[2025-10-02 15:21:16,333.333] INFO     [MainThread|MainProcess] Client (client.py:bot_exit:202) | Bot 已经正常退出
[2025-10-02 15:21:19,921.921] DEBUG    [MainThread|MainProcess] logger (logger.py:setup_logging:259) | 日志系统初始化
[2025-10-02 15:21:19,923.923] DEBUG    [MainThread|MainProcess] Config (config.py:load:353) | 从 D:\my_project\QQBot\config.yaml 加载配置
[2025-10-02 15:21:19,924.924] WARNING  [MainThread|MainProcess] Config (config.py:create_from_file:304) | [setting] 未知配置项: bot_id
[2025-10-02 15:21:19,924.924] WARNING  [MainThread|MainProcess] Config (config.py:create_from_file:304) | [setting] 未知配置项: root_id
[2025-10-02 15:21:19,924.924] WARNING  [MainThread|MainProcess] Config (config.py:create_from_file:304) | [setting] 未知配置项: bot_name
[2025-10-02 15:21:19,924.924] WARNING  [MainThread|MainProcess] Config (config.py:create_from_file:304) | [setting] 未知配置项: host
[2025-10-02 15:21:19,924.924] WARNING  [MainThread|MainProcess] Config (config.py:create_from_file:304) | [setting] 未知配置项: user
[2025-10-02 15:21:19,924.924] WARNING  [MainThread|MainProcess] Config (config.py:create_from_file:304) | [setting] 未知配置项: password
[2025-10-02 15:21:19,924.924] WARNING  [MainThread|MainProcess] Config (config.py:create_from_file:304) | [setting] 未知配置项: database
[2025-10-02 15:21:19,924.924] WARNING  [MainThread|MainProcess] Config (config.py:create_from_file:304) | [setting] 未知配置项: gaode_map_key
[2025-10-02 15:21:19,924.924] WARNING  [MainThread|MainProcess] Config (config.py:create_from_file:304) | [setting] 未知配置项: crawl_interval
[2025-10-02 15:21:19,985.985] INFO     [MainThread|MainProcess] Config (config.py:validate_config:339) | [BOTQQ]: 3909177943 | [WSURI]: ws://localhost:3001 | [WS_TOKEN]: NcatBot | [ROOT]: 1633360356 | [WEBUI]: http://localhost:6099 | [WEBUI_TOKEN]: 123NcatBot321!@
[2025-10-02 15:21:20,032.032] INFO     [Thread-4 (runner)|MainProcess] PluginLoader (loader.py:load_builtin_plugins:251) | 已加载内置插件数 [2]
[2025-10-02 15:21:20,032.032] INFO     [Thread-4 (runner)|MainProcess] PluginLoader (loader.py:load_plugins:265) | 从 D:\my_project\QQBot\plugins 导入插件
[2025-10-02 15:21:20,038.038] INFO     [Thread-4 (runner)|MainProcess] PackageHelper (packhelper.py:ensure:32) | 依赖已满足: PyMySQL
[2025-10-02 15:21:20,038.038] INFO     [Thread-4 (runner)|MainProcess] PackageHelper (packhelper.py:ensure:32) | 依赖已满足: pyyaml
[2025-10-02 15:21:20,039.039] INFO     [Thread-4 (runner)|MainProcess] PackageHelper (packhelper.py:ensure:32) | 依赖已满足: requests
[2025-10-02 15:21:20,123.123] INFO     [Thread-4 (runner)|MainProcess] PackageHelper (packhelper.py:ensure:32) | 依赖已满足: PyMySQL
[2025-10-02 15:21:20,307.307] INFO     [Thread-4 (runner)|MainProcess] PackageHelper (packhelper.py:ensure:32) | 依赖已满足: requests
[2025-10-02 15:21:20,307.307] INFO     [Thread-4 (runner)|MainProcess] PackageHelper (packhelper.py:ensure:32) | 依赖已满足: bs4
[2025-10-02 15:21:20,308.308] INFO     [Thread-4 (runner)|MainProcess] PackageHelper (packhelper.py:ensure:32) | 依赖已满足: zhconv
[2025-10-02 15:21:20,308.308] INFO     [Thread-4 (runner)|MainProcess] PackageHelper (packhelper.py:ensure:32) | 依赖已满足: pandas
[2025-10-02 15:21:20,309.309] INFO     [Thread-4 (runner)|MainProcess] PackageHelper (packhelper.py:ensure:32) | 依赖已满足: cryptography
[2025-10-02 15:21:20,314.314] INFO     [Thread-4 (runner)|MainProcess] PackageHelper (packhelper.py:ensure:32) | 依赖已满足: torch
[2025-10-02 15:21:20,316.316] INFO     [Thread-4 (runner)|MainProcess] PackageHelper (packhelper.py:ensure:32) | 依赖已满足: numpy
[2025-10-02 15:21:20,316.316] INFO     [Thread-4 (runner)|MainProcess] PackageHelper (packhelper.py:ensure:32) | 依赖已满足: pyyaml
[2025-10-02 15:21:21,355.355] INFO     [Thread-4 (runner)|MainProcess] PluginLoader (loader.py:_import_single:89) | 成功导入插件文件: __init__
[2025-10-02 15:21:21,355.355] INFO     [Thread-4 (runner)|MainProcess] PluginLoader (loader.py:from_class_load_plugins:217) | 加载插件「CS2CaseSimulator」
[2025-10-02 15:21:21,355.355] INFO     [Thread-4 (runner)|MainProcess] PluginLoader (loader.py:from_class_load_plugins:217) | 加载插件「DailyLuck」
[2025-10-02 15:21:21,356.356] INFO     [Thread-4 (runner)|MainProcess] PluginLoader (loader.py:from_class_load_plugins:217) | 加载插件「DailyMusic」
[2025-10-02 15:21:21,356.356] INFO     [Thread-4 (runner)|MainProcess] PluginLoader (loader.py:from_class_load_plugins:217) | 加载插件「DailyWife」
[2025-10-02 15:21:21,356.356] INFO     [Thread-4 (runner)|MainProcess] PluginLoader (loader.py:from_class_load_plugins:217) | 加载插件「GoBang」
[2025-10-02 15:21:21,357.357] INFO     [Thread-4 (runner)|MainProcess] PluginLoader (loader.py:from_class_load_plugins:217) | 加载插件「HistoryDay」
[2025-10-02 15:21:21,357.357] INFO     [Thread-4 (runner)|MainProcess] PluginLoader (loader.py:from_class_load_plugins:217) | 加载插件「Menu」
[2025-10-02 15:21:21,357.357] INFO     [Thread-4 (runner)|MainProcess] PluginLoader (loader.py:from_class_load_plugins:217) | 加载插件「Poem」
[2025-10-02 15:21:21,358.358] INFO     [Thread-4 (runner)|MainProcess] PluginLoader (loader.py:from_class_load_plugins:217) | 加载插件「UUCrawl」
[2025-10-02 15:21:21,358.358] INFO     [Thread-4 (runner)|MainProcess] PluginLoader (loader.py:from_class_load_plugins:217) | 加载插件「UUCrawlMonitor」
[2025-10-02 15:21:21,359.359] INFO     [Thread-4 (runner)|MainProcess] PluginLoader (loader.py:from_class_load_plugins:217) | 加载插件「What2Eat」
[2025-10-02 15:21:21,375.375] INFO     [Thread-4 (runner)|MainProcess] PluginLoader (loader.py:load_plugins:277) | 已加载插件数 [13]
[2025-10-02 15:21:21,377.377] INFO     [MainThread|MainProcess] ncatbot.core.adapter.nc.launch (launch.py:lanuch_napcat_service:104) | 正在以本地模式运行, 检查中...
[2025-10-02 15:21:21,390.390] INFO     [MainThread|MainProcess] ncatbot.core.adapter.nc.launch (launch.py:check_napcat_service_remote:70) | napcat 服务器 ws://localhost:3001 在线, 正在检查账号状态...
[2025-10-02 15:21:21,390.390] WARNING  [MainThread|MainProcess] ncatbot.core.adapter.nc.launch (launch.py:check_napcat_service_remote:72) | 跳过基于 WebUI 交互的检查, 请自行确保 NapCat 已经登录了正确的 QQ 3909177943
[2025-10-02 15:21:21,392.392] INFO     [MainThread|MainProcess] Adapter (adapter.py:connect_websocket:92) | NapCat WebSocket 连接成功
[2025-10-02 15:21:21,392.392] INFO     [Thread-1 (_worker_loop)|MainProcess] Client (client.py:<lambda>:79) | Bot 3909177943 启动成功
[2025-10-02 15:21:33,256.256] ERROR    [Thread-14 (runner)|MainProcess] FunctionMixin (func_mixin.py:wrapped_handler:186) | 插件 What2Eat 功能 DailyLuck 执行失败: Image.__init__() missing 1 required positional argument: 'file'
Traceback (most recent call last):
  File "D:\my_project\QQBot\.venv\Lib\site-packages\ncatbot\plugin_system\builtin_mixin\func_mixin.py", line 181, in wrapped_handler
    return await current_handler(data)
           ^^^^^^^^^^^^^^^^^^^^^^^^^^^
  File "D:\my_project\QQBot\plugins\What2Eat\main.py", line 87, in what2eat
    await msg.reply(text=text)
  File "D:\my_project\QQBot\.venv\Lib\site-packages\ncatbot\core\event\message.py", line 79, in reply
    return await status.global_api.post_group_msg(self.group_id, (" " if space else "") + text, self.user_id if at else None, reply=self.message_id, image=image, rtf=rtf)
           ^^^^^^^^^^^^^^^^^^^^^^^^^^^^^^^^^^^^^^^^^^^^^^^^^^^^^^^^^^^^^^^^^^^^^^^^^^^^^^^^^^^^^^^^^^^^^^^^^^^^^^^^^^^^^^^^^^^^^^^^^^^^^^^^^^^^^^^^^^^^^^^^^^^^^^^^^^^^^^^
  File "D:\my_project\QQBot\.venv\Lib\site-packages\ncatbot\core\api\api_message.py", line 49, in post_group_msg
    msg_array.add_text(text)
    ~~~~~~~~~~~~~~~~~~^^^^^^
  File "D:\my_project\QQBot\.venv\Lib\site-packages\ncatbot\core\event\message_segment\message_array.py", line 179, in add_text
    self.messages.extend(process_item(text))
                         ~~~~~~~~~~~~^^^^^^
  File "D:\my_project\QQBot\.venv\Lib\site-packages\ncatbot\core\event\message_segment\message_array.py", line 139, in process_item
    return process_iterable(item)
  File "D:\my_project\QQBot\.venv\Lib\site-packages\ncatbot\core\event\message_segment\message_array.py", line 114, in process_iterable
    result = result + process_item(item)
                      ~~~~~~~~~~~~^^^^^^
  File "D:\my_project\QQBot\.venv\Lib\site-packages\ncatbot\core\event\message_segment\message_array.py", line 137, in process_item
    return [process_dict(item)]
            ~~~~~~~~~~~~^^^^^^
  File "D:\my_project\QQBot\.venv\Lib\site-packages\ncatbot\core\event\message_segment\message_array.py", line 109, in process_dict
    return get_class_by_name(msg_seg_type).from_dict(msg_data)
           ~~~~~~~~~~~~~~~~~~~~~~~~~~~~~~~~~~~~~~~~~^^^^^^^^^^
  File "D:\my_project\QQBot\.venv\Lib\site-packages\ncatbot\core\event\message_segment\message_segment.py", line 95, in from_dict
    obj = cls(**init_kwargs)
TypeError: Image.__init__() missing 1 required positional argument: 'file'
[2025-10-02 15:22:26,647.647] DEBUG    [MainThread|MainProcess] logger (logger.py:setup_logging:259) | 日志系统初始化
[2025-10-02 15:22:26,649.649] DEBUG    [MainThread|MainProcess] Config (config.py:load:353) | 从 D:\my_project\QQBot\config.yaml 加载配置
[2025-10-02 15:22:26,650.650] WARNING  [MainThread|MainProcess] Config (config.py:create_from_file:304) | [setting] 未知配置项: bot_id
[2025-10-02 15:22:26,650.650] WARNING  [MainThread|MainProcess] Config (config.py:create_from_file:304) | [setting] 未知配置项: root_id
[2025-10-02 15:22:26,650.650] WARNING  [MainThread|MainProcess] Config (config.py:create_from_file:304) | [setting] 未知配置项: bot_name
[2025-10-02 15:22:26,650.650] WARNING  [MainThread|MainProcess] Config (config.py:create_from_file:304) | [setting] 未知配置项: host
[2025-10-02 15:22:26,650.650] WARNING  [MainThread|MainProcess] Config (config.py:create_from_file:304) | [setting] 未知配置项: user
[2025-10-02 15:22:26,650.650] WARNING  [MainThread|MainProcess] Config (config.py:create_from_file:304) | [setting] 未知配置项: password
[2025-10-02 15:22:26,650.650] WARNING  [MainThread|MainProcess] Config (config.py:create_from_file:304) | [setting] 未知配置项: database
[2025-10-02 15:22:26,650.650] WARNING  [MainThread|MainProcess] Config (config.py:create_from_file:304) | [setting] 未知配置项: gaode_map_key
[2025-10-02 15:22:26,650.650] WARNING  [MainThread|MainProcess] Config (config.py:create_from_file:304) | [setting] 未知配置项: crawl_interval
[2025-10-02 15:22:26,708.708] INFO     [MainThread|MainProcess] Config (config.py:validate_config:339) | [BOTQQ]: 3909177943 | [WSURI]: ws://localhost:3001 | [WS_TOKEN]: NcatBot | [ROOT]: 1633360356 | [WEBUI]: http://localhost:6099 | [WEBUI_TOKEN]: 123NcatBot321!@
[2025-10-02 15:22:26,755.755] INFO     [Thread-4 (runner)|MainProcess] PluginLoader (loader.py:load_builtin_plugins:251) | 已加载内置插件数 [2]
[2025-10-02 15:22:26,755.755] INFO     [Thread-4 (runner)|MainProcess] PluginLoader (loader.py:load_plugins:265) | 从 D:\my_project\QQBot\plugins 导入插件
[2025-10-02 15:22:26,760.760] INFO     [Thread-4 (runner)|MainProcess] PackageHelper (packhelper.py:ensure:32) | 依赖已满足: PyMySQL
[2025-10-02 15:22:26,761.761] INFO     [Thread-4 (runner)|MainProcess] PackageHelper (packhelper.py:ensure:32) | 依赖已满足: pyyaml
[2025-10-02 15:22:26,762.762] INFO     [Thread-4 (runner)|MainProcess] PackageHelper (packhelper.py:ensure:32) | 依赖已满足: requests
[2025-10-02 15:22:26,848.848] INFO     [Thread-4 (runner)|MainProcess] PackageHelper (packhelper.py:ensure:32) | 依赖已满足: PyMySQL
[2025-10-02 15:22:27,035.035] INFO     [Thread-4 (runner)|MainProcess] PackageHelper (packhelper.py:ensure:32) | 依赖已满足: requests
[2025-10-02 15:22:27,035.035] INFO     [Thread-4 (runner)|MainProcess] PackageHelper (packhelper.py:ensure:32) | 依赖已满足: bs4
[2025-10-02 15:22:27,036.036] INFO     [Thread-4 (runner)|MainProcess] PackageHelper (packhelper.py:ensure:32) | 依赖已满足: zhconv
[2025-10-02 15:22:27,036.036] INFO     [Thread-4 (runner)|MainProcess] PackageHelper (packhelper.py:ensure:32) | 依赖已满足: pandas
[2025-10-02 15:22:27,037.037] INFO     [Thread-4 (runner)|MainProcess] PackageHelper (packhelper.py:ensure:32) | 依赖已满足: cryptography
[2025-10-02 15:22:27,042.042] INFO     [Thread-4 (runner)|MainProcess] PackageHelper (packhelper.py:ensure:32) | 依赖已满足: torch
[2025-10-02 15:22:27,044.044] INFO     [Thread-4 (runner)|MainProcess] PackageHelper (packhelper.py:ensure:32) | 依赖已满足: numpy
[2025-10-02 15:22:27,044.044] INFO     [Thread-4 (runner)|MainProcess] PackageHelper (packhelper.py:ensure:32) | 依赖已满足: pyyaml
[2025-10-02 15:22:28,083.083] INFO     [Thread-4 (runner)|MainProcess] PluginLoader (loader.py:_import_single:89) | 成功导入插件文件: __init__
[2025-10-02 15:22:28,084.084] INFO     [Thread-4 (runner)|MainProcess] PluginLoader (loader.py:from_class_load_plugins:217) | 加载插件「CS2CaseSimulator」
[2025-10-02 15:22:28,084.084] INFO     [Thread-4 (runner)|MainProcess] PluginLoader (loader.py:from_class_load_plugins:217) | 加载插件「DailyLuck」
[2025-10-02 15:22:28,084.084] INFO     [Thread-4 (runner)|MainProcess] PluginLoader (loader.py:from_class_load_plugins:217) | 加载插件「DailyMusic」
[2025-10-02 15:22:28,085.085] INFO     [Thread-4 (runner)|MainProcess] PluginLoader (loader.py:from_class_load_plugins:217) | 加载插件「DailyWife」
[2025-10-02 15:22:28,085.085] INFO     [Thread-4 (runner)|MainProcess] PluginLoader (loader.py:from_class_load_plugins:217) | 加载插件「GoBang」
[2025-10-02 15:22:28,085.085] INFO     [Thread-4 (runner)|MainProcess] PluginLoader (loader.py:from_class_load_plugins:217) | 加载插件「HistoryDay」
[2025-10-02 15:22:28,086.086] INFO     [Thread-4 (runner)|MainProcess] PluginLoader (loader.py:from_class_load_plugins:217) | 加载插件「Menu」
[2025-10-02 15:22:28,086.086] INFO     [Thread-4 (runner)|MainProcess] PluginLoader (loader.py:from_class_load_plugins:217) | 加载插件「Poem」
[2025-10-02 15:22:28,086.086] INFO     [Thread-4 (runner)|MainProcess] PluginLoader (loader.py:from_class_load_plugins:217) | 加载插件「UUCrawl」
[2025-10-02 15:22:28,087.087] INFO     [Thread-4 (runner)|MainProcess] PluginLoader (loader.py:from_class_load_plugins:217) | 加载插件「UUCrawlMonitor」
[2025-10-02 15:22:28,087.087] INFO     [Thread-4 (runner)|MainProcess] PluginLoader (loader.py:from_class_load_plugins:217) | 加载插件「What2Eat」
[2025-10-02 15:22:28,103.103] INFO     [Thread-4 (runner)|MainProcess] PluginLoader (loader.py:load_plugins:277) | 已加载插件数 [13]
[2025-10-02 15:22:28,105.105] INFO     [MainThread|MainProcess] ncatbot.core.adapter.nc.launch (launch.py:lanuch_napcat_service:104) | 正在以本地模式运行, 检查中...
[2025-10-02 15:22:28,118.118] INFO     [MainThread|MainProcess] ncatbot.core.adapter.nc.launch (launch.py:check_napcat_service_remote:70) | napcat 服务器 ws://localhost:3001 在线, 正在检查账号状态...
[2025-10-02 15:22:28,118.118] WARNING  [MainThread|MainProcess] ncatbot.core.adapter.nc.launch (launch.py:check_napcat_service_remote:72) | 跳过基于 WebUI 交互的检查, 请自行确保 NapCat 已经登录了正确的 QQ 3909177943
[2025-10-02 15:22:28,120.120] INFO     [MainThread|MainProcess] Adapter (adapter.py:connect_websocket:92) | NapCat WebSocket 连接成功
[2025-10-02 15:22:28,120.120] INFO     [Thread-1 (_worker_loop)|MainProcess] Client (client.py:<lambda>:79) | Bot 3909177943 启动成功
[2025-10-02 15:22:40,436.436] ERROR    [Thread-14 (runner)|MainProcess] FunctionMixin (func_mixin.py:wrapped_handler:186) | 插件 What2Eat 功能 DailyLuck 执行失败: Image.__init__() missing 1 required positional argument: 'file'
Traceback (most recent call last):
  File "D:\my_project\QQBot\.venv\Lib\site-packages\ncatbot\plugin_system\builtin_mixin\func_mixin.py", line 181, in wrapped_handler
    return await current_handler(data)
           ^^^^^^^^^^^^^^^^^^^^^^^^^^^
  File "D:\my_project\QQBot\plugins\What2Eat\main.py", line 87, in what2eat
    await msg.reply(text=text)
  File "D:\my_project\QQBot\.venv\Lib\site-packages\ncatbot\core\event\message.py", line 79, in reply
    return await status.global_api.post_group_msg(self.group_id, (" " if space else "") + text, self.user_id if at else None, reply=self.message_id, image=image, rtf=rtf)
           ^^^^^^^^^^^^^^^^^^^^^^^^^^^^^^^^^^^^^^^^^^^^^^^^^^^^^^^^^^^^^^^^^^^^^^^^^^^^^^^^^^^^^^^^^^^^^^^^^^^^^^^^^^^^^^^^^^^^^^^^^^^^^^^^^^^^^^^^^^^^^^^^^^^^^^^^^^^^^^^
  File "D:\my_project\QQBot\.venv\Lib\site-packages\ncatbot\core\api\api_message.py", line 49, in post_group_msg
    msg_array.add_text(text)
    ~~~~~~~~~~~~~~~~~~^^^^^^
  File "D:\my_project\QQBot\.venv\Lib\site-packages\ncatbot\core\event\message_segment\message_array.py", line 179, in add_text
    self.messages.extend(process_item(text))
                         ~~~~~~~~~~~~^^^^^^
  File "D:\my_project\QQBot\.venv\Lib\site-packages\ncatbot\core\event\message_segment\message_array.py", line 139, in process_item
    return process_iterable(item)
  File "D:\my_project\QQBot\.venv\Lib\site-packages\ncatbot\core\event\message_segment\message_array.py", line 114, in process_iterable
    result = result + process_item(item)
                      ~~~~~~~~~~~~^^^^^^
  File "D:\my_project\QQBot\.venv\Lib\site-packages\ncatbot\core\event\message_segment\message_array.py", line 137, in process_item
    return [process_dict(item)]
            ~~~~~~~~~~~~^^^^^^
  File "D:\my_project\QQBot\.venv\Lib\site-packages\ncatbot\core\event\message_segment\message_array.py", line 109, in process_dict
    return get_class_by_name(msg_seg_type).from_dict(msg_data)
           ~~~~~~~~~~~~~~~~~~~~~~~~~~~~~~~~~~~~~~~~~^^^^^^^^^^
  File "D:\my_project\QQBot\.venv\Lib\site-packages\ncatbot\core\event\message_segment\message_segment.py", line 95, in from_dict
    obj = cls(**init_kwargs)
TypeError: Image.__init__() missing 1 required positional argument: 'file'
[2025-10-02 15:34:21,759.759] INFO     [MainThread|MainProcess] ncatbot.plugin_system (ncatbot_plugin.py:on_close:19) | 插件 SystemManager 卸载成功
[2025-10-02 15:34:21,759.759] INFO     [MainThread|MainProcess] ncatbot.plugin_system (ncatbot_plugin.py:on_close:19) | 插件 UnifiedRegistryPlugin 卸载成功
[2025-10-02 15:34:21,760.760] INFO     [MainThread|MainProcess] ncatbot.plugin_system (ncatbot_plugin.py:on_close:19) | 插件 CS2CaseSimulator 卸载成功
[2025-10-02 15:34:21,760.760] INFO     [MainThread|MainProcess] ncatbot.plugin_system (ncatbot_plugin.py:on_close:19) | 插件 DailyLuck 卸载成功
[2025-10-02 15:34:21,760.760] INFO     [MainThread|MainProcess] ncatbot.plugin_system (ncatbot_plugin.py:on_close:19) | 插件 DailyMusic 卸载成功
[2025-10-02 15:34:21,760.760] INFO     [MainThread|MainProcess] ncatbot.plugin_system (ncatbot_plugin.py:on_close:19) | 插件 DailyWife 卸载成功
[2025-10-02 15:34:21,761.761] INFO     [MainThread|MainProcess] ncatbot.plugin_system (ncatbot_plugin.py:on_close:19) | 插件 GoBang 卸载成功
[2025-10-02 15:34:21,761.761] INFO     [MainThread|MainProcess] ncatbot.plugin_system (ncatbot_plugin.py:on_close:19) | 插件 HistoryDay 卸载成功
[2025-10-02 15:34:21,761.761] INFO     [MainThread|MainProcess] ncatbot.plugin_system (ncatbot_plugin.py:on_close:19) | 插件 Menu 卸载成功
[2025-10-02 15:34:21,761.761] INFO     [MainThread|MainProcess] ncatbot.plugin_system (ncatbot_plugin.py:on_close:19) | 插件 Poem 卸载成功
[2025-10-02 15:34:21,761.761] INFO     [MainThread|MainProcess] ncatbot.plugin_system (ncatbot_plugin.py:on_close:19) | 插件 UUCrawl 卸载成功
[2025-10-02 15:34:21,761.761] INFO     [MainThread|MainProcess] ncatbot.plugin_system (ncatbot_plugin.py:on_close:19) | 插件 UUCrawlMonitor 卸载成功
[2025-10-02 15:34:21,761.761] INFO     [MainThread|MainProcess] ncatbot.plugin_system (ncatbot_plugin.py:on_close:19) | 插件 What2Eat 卸载成功
[2025-10-02 15:34:21,765.765] INFO     [MainThread|MainProcess] Client (client.py:bot_exit:202) | Bot 已经正常退出
[2025-10-02 15:34:27,176.176] DEBUG    [MainThread|MainProcess] logger (logger.py:setup_logging:259) | 日志系统初始化
[2025-10-02 15:34:27,178.178] DEBUG    [MainThread|MainProcess] Config (config.py:load:353) | 从 D:\my_project\QQBot\config.yaml 加载配置
[2025-10-02 15:34:27,179.179] WARNING  [MainThread|MainProcess] Config (config.py:create_from_file:304) | [setting] 未知配置项: bot_id
[2025-10-02 15:34:27,179.179] WARNING  [MainThread|MainProcess] Config (config.py:create_from_file:304) | [setting] 未知配置项: root_id
[2025-10-02 15:34:27,179.179] WARNING  [MainThread|MainProcess] Config (config.py:create_from_file:304) | [setting] 未知配置项: bot_name
[2025-10-02 15:34:27,179.179] WARNING  [MainThread|MainProcess] Config (config.py:create_from_file:304) | [setting] 未知配置项: host
[2025-10-02 15:34:27,179.179] WARNING  [MainThread|MainProcess] Config (config.py:create_from_file:304) | [setting] 未知配置项: user
[2025-10-02 15:34:27,179.179] WARNING  [MainThread|MainProcess] Config (config.py:create_from_file:304) | [setting] 未知配置项: password
[2025-10-02 15:34:27,179.179] WARNING  [MainThread|MainProcess] Config (config.py:create_from_file:304) | [setting] 未知配置项: database
[2025-10-02 15:34:27,179.179] WARNING  [MainThread|MainProcess] Config (config.py:create_from_file:304) | [setting] 未知配置项: gaode_map_key
[2025-10-02 15:34:27,179.179] WARNING  [MainThread|MainProcess] Config (config.py:create_from_file:304) | [setting] 未知配置项: crawl_interval
[2025-10-02 15:34:27,238.238] INFO     [MainThread|MainProcess] Config (config.py:validate_config:339) | [BOTQQ]: 3909177943 | [WSURI]: ws://localhost:3001 | [WS_TOKEN]: NcatBot | [ROOT]: 1633360356 | [WEBUI]: http://localhost:6099 | [WEBUI_TOKEN]: 123NcatBot321!@
[2025-10-02 15:34:27,285.285] INFO     [Thread-4 (runner)|MainProcess] PluginLoader (loader.py:load_builtin_plugins:251) | 已加载内置插件数 [2]
[2025-10-02 15:34:27,285.285] INFO     [Thread-4 (runner)|MainProcess] PluginLoader (loader.py:load_plugins:265) | 从 D:\my_project\QQBot\plugins 导入插件
[2025-10-02 15:34:27,291.291] INFO     [Thread-4 (runner)|MainProcess] PackageHelper (packhelper.py:ensure:32) | 依赖已满足: PyMySQL
[2025-10-02 15:34:27,291.291] INFO     [Thread-4 (runner)|MainProcess] PackageHelper (packhelper.py:ensure:32) | 依赖已满足: pyyaml
[2025-10-02 15:34:27,292.292] INFO     [Thread-4 (runner)|MainProcess] PackageHelper (packhelper.py:ensure:32) | 依赖已满足: requests
[2025-10-02 15:34:27,377.377] INFO     [Thread-4 (runner)|MainProcess] PackageHelper (packhelper.py:ensure:32) | 依赖已满足: PyMySQL
[2025-10-02 15:34:27,563.563] INFO     [Thread-4 (runner)|MainProcess] PackageHelper (packhelper.py:ensure:32) | 依赖已满足: requests
[2025-10-02 15:34:27,563.563] INFO     [Thread-4 (runner)|MainProcess] PackageHelper (packhelper.py:ensure:32) | 依赖已满足: bs4
[2025-10-02 15:34:27,564.564] INFO     [Thread-4 (runner)|MainProcess] PackageHelper (packhelper.py:ensure:32) | 依赖已满足: zhconv
[2025-10-02 15:34:27,565.565] INFO     [Thread-4 (runner)|MainProcess] PackageHelper (packhelper.py:ensure:32) | 依赖已满足: pandas
[2025-10-02 15:34:27,565.565] INFO     [Thread-4 (runner)|MainProcess] PackageHelper (packhelper.py:ensure:32) | 依赖已满足: cryptography
[2025-10-02 15:34:27,570.570] INFO     [Thread-4 (runner)|MainProcess] PackageHelper (packhelper.py:ensure:32) | 依赖已满足: torch
[2025-10-02 15:34:27,572.572] INFO     [Thread-4 (runner)|MainProcess] PackageHelper (packhelper.py:ensure:32) | 依赖已满足: numpy
[2025-10-02 15:34:27,572.572] INFO     [Thread-4 (runner)|MainProcess] PackageHelper (packhelper.py:ensure:32) | 依赖已满足: pyyaml
[2025-10-02 15:34:28,607.607] INFO     [Thread-4 (runner)|MainProcess] PluginLoader (loader.py:_import_single:89) | 成功导入插件文件: __init__
[2025-10-02 15:34:28,607.607] INFO     [Thread-4 (runner)|MainProcess] PluginLoader (loader.py:from_class_load_plugins:217) | 加载插件「CS2CaseSimulator」
[2025-10-02 15:34:28,607.607] INFO     [Thread-4 (runner)|MainProcess] PluginLoader (loader.py:from_class_load_plugins:217) | 加载插件「DailyLuck」
[2025-10-02 15:34:28,608.608] INFO     [Thread-4 (runner)|MainProcess] PluginLoader (loader.py:from_class_load_plugins:217) | 加载插件「DailyMusic」
[2025-10-02 15:34:28,608.608] INFO     [Thread-4 (runner)|MainProcess] PluginLoader (loader.py:from_class_load_plugins:217) | 加载插件「DailyWife」
[2025-10-02 15:34:28,608.608] INFO     [Thread-4 (runner)|MainProcess] PluginLoader (loader.py:from_class_load_plugins:217) | 加载插件「GoBang」
[2025-10-02 15:34:28,609.609] INFO     [Thread-4 (runner)|MainProcess] PluginLoader (loader.py:from_class_load_plugins:217) | 加载插件「HistoryDay」
[2025-10-02 15:34:28,609.609] INFO     [Thread-4 (runner)|MainProcess] PluginLoader (loader.py:from_class_load_plugins:217) | 加载插件「Menu」
[2025-10-02 15:34:28,609.609] INFO     [Thread-4 (runner)|MainProcess] PluginLoader (loader.py:from_class_load_plugins:217) | 加载插件「Poem」
[2025-10-02 15:34:28,610.610] INFO     [Thread-4 (runner)|MainProcess] PluginLoader (loader.py:from_class_load_plugins:217) | 加载插件「UUCrawl」
[2025-10-02 15:34:28,610.610] INFO     [Thread-4 (runner)|MainProcess] PluginLoader (loader.py:from_class_load_plugins:217) | 加载插件「UUCrawlMonitor」
[2025-10-02 15:34:28,611.611] INFO     [Thread-4 (runner)|MainProcess] PluginLoader (loader.py:from_class_load_plugins:217) | 加载插件「What2Eat」
[2025-10-02 15:34:28,627.627] INFO     [Thread-4 (runner)|MainProcess] PluginLoader (loader.py:load_plugins:277) | 已加载插件数 [13]
[2025-10-02 15:34:28,629.629] INFO     [MainThread|MainProcess] ncatbot.core.adapter.nc.launch (launch.py:lanuch_napcat_service:104) | 正在以本地模式运行, 检查中...
[2025-10-02 15:34:28,642.642] INFO     [MainThread|MainProcess] ncatbot.core.adapter.nc.launch (launch.py:check_napcat_service_remote:70) | napcat 服务器 ws://localhost:3001 在线, 正在检查账号状态...
[2025-10-02 15:34:28,643.643] WARNING  [MainThread|MainProcess] ncatbot.core.adapter.nc.launch (launch.py:check_napcat_service_remote:72) | 跳过基于 WebUI 交互的检查, 请自行确保 NapCat 已经登录了正确的 QQ 3909177943
[2025-10-02 15:34:28,644.644] INFO     [MainThread|MainProcess] Adapter (adapter.py:connect_websocket:92) | NapCat WebSocket 连接成功
[2025-10-02 15:34:28,645.645] INFO     [Thread-1 (_worker_loop)|MainProcess] Client (client.py:<lambda>:79) | Bot 3909177943 启动成功
[2025-10-02 15:34:45,239.239] ERROR    [EventBus_Worker|MainProcess] EventBus (event_bus.py:_run_handler:168) | 执行处理程序 DailyLuck 时发生错误: 
[2025-10-02 15:34:45,239.239] INFO     [EventBus_Worker|MainProcess] EventBus (event_bus.py:_run_handler:169) | 错误堆栈: Traceback (most recent call last):
  File "D:\my_project\QQBot\.venv\Lib\site-packages\ncatbot\plugin_system\event\event_bus.py", line 164, in _run_handler
    return run_coroutine(handler, event)
  File "D:\my_project\QQBot\.venv\Lib\site-packages\ncatbot\utils\thread_pool.py", line 30, in run_coroutine
    thread.join()
    ~~~~~~~~~~~^^
  File "C:\Users\yx163\AppData\Local\Programs\Python\Python313\Lib\threading.py", line 1094, in join
    self._handle.join(timeout)
    ~~~~~~~~~~~~~~~~~^^^^^^^^^
TimeoutError

[2025-10-02 15:55:01,587.587] DEBUG    [MainThread|MainProcess] logger (logger.py:setup_logging:259) | 日志系统初始化
[2025-10-02 15:55:01,589.589] DEBUG    [MainThread|MainProcess] Config (config.py:load:353) | 从 D:\my_project\QQBot\config.yaml 加载配置
[2025-10-02 15:55:01,590.590] WARNING  [MainThread|MainProcess] Config (config.py:create_from_file:304) | [setting] 未知配置项: bot_id
[2025-10-02 15:55:01,590.590] WARNING  [MainThread|MainProcess] Config (config.py:create_from_file:304) | [setting] 未知配置项: root_id
[2025-10-02 15:55:01,590.590] WARNING  [MainThread|MainProcess] Config (config.py:create_from_file:304) | [setting] 未知配置项: bot_name
[2025-10-02 15:55:01,590.590] WARNING  [MainThread|MainProcess] Config (config.py:create_from_file:304) | [setting] 未知配置项: host
[2025-10-02 15:55:01,590.590] WARNING  [MainThread|MainProcess] Config (config.py:create_from_file:304) | [setting] 未知配置项: user
[2025-10-02 15:55:01,590.590] WARNING  [MainThread|MainProcess] Config (config.py:create_from_file:304) | [setting] 未知配置项: password
[2025-10-02 15:55:01,590.590] WARNING  [MainThread|MainProcess] Config (config.py:create_from_file:304) | [setting] 未知配置项: database
[2025-10-02 15:55:01,590.590] WARNING  [MainThread|MainProcess] Config (config.py:create_from_file:304) | [setting] 未知配置项: gaode_map_key
[2025-10-02 15:55:01,590.590] WARNING  [MainThread|MainProcess] Config (config.py:create_from_file:304) | [setting] 未知配置项: crawl_interval
[2025-10-02 15:55:01,652.652] INFO     [MainThread|MainProcess] Config (config.py:validate_config:339) | [BOTQQ]: 3909177943 | [WSURI]: ws://localhost:3001 | [WS_TOKEN]: NcatBot | [ROOT]: 1633360356 | [WEBUI]: http://localhost:6099 | [WEBUI_TOKEN]: 123NcatBot321!@
[2025-10-02 15:55:01,697.697] INFO     [Thread-4 (runner)|MainProcess] PluginLoader (loader.py:load_builtin_plugins:251) | 已加载内置插件数 [2]
[2025-10-02 15:55:01,697.697] INFO     [Thread-4 (runner)|MainProcess] PluginLoader (loader.py:load_plugins:265) | 从 D:\my_project\QQBot\plugins 导入插件
[2025-10-02 15:55:01,703.703] INFO     [Thread-4 (runner)|MainProcess] PackageHelper (packhelper.py:ensure:32) | 依赖已满足: PyMySQL
[2025-10-02 15:55:01,703.703] INFO     [Thread-4 (runner)|MainProcess] PackageHelper (packhelper.py:ensure:32) | 依赖已满足: pyyaml
[2025-10-02 15:55:01,704.704] INFO     [Thread-4 (runner)|MainProcess] PackageHelper (packhelper.py:ensure:32) | 依赖已满足: requests
[2025-10-02 15:55:01,792.792] INFO     [Thread-4 (runner)|MainProcess] PackageHelper (packhelper.py:ensure:32) | 依赖已满足: PyMySQL
[2025-10-02 15:55:01,987.987] INFO     [Thread-4 (runner)|MainProcess] PackageHelper (packhelper.py:ensure:32) | 依赖已满足: requests
[2025-10-02 15:55:01,987.987] INFO     [Thread-4 (runner)|MainProcess] PackageHelper (packhelper.py:ensure:32) | 依赖已满足: bs4
[2025-10-02 15:55:01,988.988] INFO     [Thread-4 (runner)|MainProcess] PackageHelper (packhelper.py:ensure:32) | 依赖已满足: zhconv
[2025-10-02 15:55:01,988.988] INFO     [Thread-4 (runner)|MainProcess] PackageHelper (packhelper.py:ensure:32) | 依赖已满足: pandas
[2025-10-02 15:55:01,989.989] INFO     [Thread-4 (runner)|MainProcess] PackageHelper (packhelper.py:ensure:32) | 依赖已满足: cryptography
[2025-10-02 15:55:01,994.994] INFO     [Thread-4 (runner)|MainProcess] PackageHelper (packhelper.py:ensure:32) | 依赖已满足: torch
[2025-10-02 15:55:01,996.996] INFO     [Thread-4 (runner)|MainProcess] PackageHelper (packhelper.py:ensure:32) | 依赖已满足: numpy
[2025-10-02 15:55:01,996.996] INFO     [Thread-4 (runner)|MainProcess] PackageHelper (packhelper.py:ensure:32) | 依赖已满足: pyyaml
[2025-10-02 15:55:03,038.038] INFO     [Thread-4 (runner)|MainProcess] PluginLoader (loader.py:_import_single:89) | 成功导入插件文件: __init__
[2025-10-02 15:55:03,038.038] INFO     [Thread-4 (runner)|MainProcess] PluginLoader (loader.py:from_class_load_plugins:217) | 加载插件「CS2CaseSimulator」
[2025-10-02 15:55:03,038.038] INFO     [Thread-4 (runner)|MainProcess] PluginLoader (loader.py:from_class_load_plugins:217) | 加载插件「DailyLuck」
[2025-10-02 15:55:03,039.039] INFO     [Thread-4 (runner)|MainProcess] PluginLoader (loader.py:from_class_load_plugins:217) | 加载插件「DailyMusic」
[2025-10-02 15:55:03,039.039] INFO     [Thread-4 (runner)|MainProcess] PluginLoader (loader.py:from_class_load_plugins:217) | 加载插件「DailyWife」
[2025-10-02 15:55:03,039.039] INFO     [Thread-4 (runner)|MainProcess] PluginLoader (loader.py:from_class_load_plugins:217) | 加载插件「GoBang」
[2025-10-02 15:55:03,040.040] INFO     [Thread-4 (runner)|MainProcess] PluginLoader (loader.py:from_class_load_plugins:217) | 加载插件「HistoryDay」
[2025-10-02 15:55:03,040.040] INFO     [Thread-4 (runner)|MainProcess] PluginLoader (loader.py:from_class_load_plugins:217) | 加载插件「Menu」
[2025-10-02 15:55:03,041.041] INFO     [Thread-4 (runner)|MainProcess] PluginLoader (loader.py:from_class_load_plugins:217) | 加载插件「Poem」
[2025-10-02 15:55:03,041.041] INFO     [Thread-4 (runner)|MainProcess] PluginLoader (loader.py:from_class_load_plugins:217) | 加载插件「UUCrawl」
[2025-10-02 15:55:03,041.041] INFO     [Thread-4 (runner)|MainProcess] PluginLoader (loader.py:from_class_load_plugins:217) | 加载插件「UUCrawlMonitor」
[2025-10-02 15:55:03,042.042] INFO     [Thread-4 (runner)|MainProcess] PluginLoader (loader.py:from_class_load_plugins:217) | 加载插件「What2Eat」
[2025-10-02 15:55:03,060.060] INFO     [Thread-4 (runner)|MainProcess] PluginLoader (loader.py:load_plugins:277) | 已加载插件数 [13]
[2025-10-02 15:55:03,061.061] INFO     [MainThread|MainProcess] ncatbot.core.adapter.nc.launch (launch.py:lanuch_napcat_service:104) | 正在以本地模式运行, 检查中...
[2025-10-02 15:55:03,077.077] INFO     [MainThread|MainProcess] ncatbot.core.adapter.nc.launch (launch.py:check_napcat_service_remote:70) | napcat 服务器 ws://localhost:3001 在线, 正在检查账号状态...
[2025-10-02 15:55:03,077.077] WARNING  [MainThread|MainProcess] ncatbot.core.adapter.nc.launch (launch.py:check_napcat_service_remote:72) | 跳过基于 WebUI 交互的检查, 请自行确保 NapCat 已经登录了正确的 QQ 3909177943
[2025-10-02 15:55:03,079.079] INFO     [MainThread|MainProcess] Adapter (adapter.py:connect_websocket:92) | NapCat WebSocket 连接成功
[2025-10-02 15:55:03,079.079] INFO     [Thread-1 (_worker_loop)|MainProcess] Client (client.py:<lambda>:79) | Bot 3909177943 启动成功
[2025-10-02 15:55:22,156.156] ERROR    [Thread-26 (runner)|MainProcess] FunctionMixin (func_mixin.py:wrapped_handler:186) | 插件 UUCrawlMonitor 功能 UUCrawlMonitorAdd 执行失败: list indices must be integers or slices, not str
Traceback (most recent call last):
  File "D:\my_project\QQBot\.venv\Lib\site-packages\ncatbot\plugin_system\builtin_mixin\func_mixin.py", line 181, in wrapped_handler
    return await current_handler(data)
           ^^^^^^^^^^^^^^^^^^^^^^^^^^^
  File "D:\my_project\QQBot\plugins\UUCrawlMonitor\main.py", line 87, in add_monitor
    qq_numbers = ",".join(res["qq_numbers"].split(',').append(qq_number))
                          ~~~^^^^^^^^^^^^^^
TypeError: list indices must be integers or slices, not str
[2025-10-02 15:57:03,335.335] INFO     [MainThread|MainProcess] ncatbot.plugin_system (ncatbot_plugin.py:on_close:19) | 插件 SystemManager 卸载成功
[2025-10-02 15:57:03,335.335] INFO     [MainThread|MainProcess] ncatbot.plugin_system (ncatbot_plugin.py:on_close:19) | 插件 UnifiedRegistryPlugin 卸载成功
[2025-10-02 15:57:03,336.336] INFO     [MainThread|MainProcess] ncatbot.plugin_system (ncatbot_plugin.py:on_close:19) | 插件 CS2CaseSimulator 卸载成功
[2025-10-02 15:57:03,336.336] INFO     [MainThread|MainProcess] ncatbot.plugin_system (ncatbot_plugin.py:on_close:19) | 插件 DailyLuck 卸载成功
[2025-10-02 15:57:03,336.336] INFO     [MainThread|MainProcess] ncatbot.plugin_system (ncatbot_plugin.py:on_close:19) | 插件 DailyMusic 卸载成功
[2025-10-02 15:57:03,336.336] INFO     [MainThread|MainProcess] ncatbot.plugin_system (ncatbot_plugin.py:on_close:19) | 插件 DailyWife 卸载成功
[2025-10-02 15:57:03,337.337] INFO     [MainThread|MainProcess] ncatbot.plugin_system (ncatbot_plugin.py:on_close:19) | 插件 GoBang 卸载成功
[2025-10-02 15:57:03,337.337] INFO     [MainThread|MainProcess] ncatbot.plugin_system (ncatbot_plugin.py:on_close:19) | 插件 HistoryDay 卸载成功
[2025-10-02 15:57:03,337.337] INFO     [MainThread|MainProcess] ncatbot.plugin_system (ncatbot_plugin.py:on_close:19) | 插件 Menu 卸载成功
[2025-10-02 15:57:03,337.337] INFO     [MainThread|MainProcess] ncatbot.plugin_system (ncatbot_plugin.py:on_close:19) | 插件 Poem 卸载成功
[2025-10-02 15:57:03,337.337] INFO     [MainThread|MainProcess] ncatbot.plugin_system (ncatbot_plugin.py:on_close:19) | 插件 UUCrawl 卸载成功
[2025-10-02 15:57:03,337.337] INFO     [MainThread|MainProcess] ncatbot.plugin_system (ncatbot_plugin.py:on_close:19) | 插件 UUCrawlMonitor 卸载成功
[2025-10-02 15:57:03,337.337] INFO     [MainThread|MainProcess] ncatbot.plugin_system (ncatbot_plugin.py:on_close:19) | 插件 What2Eat 卸载成功
[2025-10-02 15:57:03,359.359] INFO     [MainThread|MainProcess] Client (client.py:bot_exit:202) | Bot 已经正常退出
[2025-10-02 15:57:22,003.003] DEBUG    [MainThread|MainProcess] logger (logger.py:setup_logging:259) | 日志系统初始化
[2025-10-02 15:57:22,005.005] DEBUG    [MainThread|MainProcess] Config (config.py:load:353) | 从 D:\my_project\QQBot\config.yaml 加载配置
[2025-10-02 15:57:22,006.006] WARNING  [MainThread|MainProcess] Config (config.py:create_from_file:304) | [setting] 未知配置项: bot_id
[2025-10-02 15:57:22,006.006] WARNING  [MainThread|MainProcess] Config (config.py:create_from_file:304) | [setting] 未知配置项: root_id
[2025-10-02 15:57:22,006.006] WARNING  [MainThread|MainProcess] Config (config.py:create_from_file:304) | [setting] 未知配置项: bot_name
[2025-10-02 15:57:22,006.006] WARNING  [MainThread|MainProcess] Config (config.py:create_from_file:304) | [setting] 未知配置项: host
[2025-10-02 15:57:22,006.006] WARNING  [MainThread|MainProcess] Config (config.py:create_from_file:304) | [setting] 未知配置项: user
[2025-10-02 15:57:22,006.006] WARNING  [MainThread|MainProcess] Config (config.py:create_from_file:304) | [setting] 未知配置项: password
[2025-10-02 15:57:22,006.006] WARNING  [MainThread|MainProcess] Config (config.py:create_from_file:304) | [setting] 未知配置项: database
[2025-10-02 15:57:22,006.006] WARNING  [MainThread|MainProcess] Config (config.py:create_from_file:304) | [setting] 未知配置项: gaode_map_key
[2025-10-02 15:57:22,006.006] WARNING  [MainThread|MainProcess] Config (config.py:create_from_file:304) | [setting] 未知配置项: crawl_interval
[2025-10-02 15:57:22,067.067] INFO     [MainThread|MainProcess] Config (config.py:validate_config:339) | [BOTQQ]: 3909177943 | [WSURI]: ws://localhost:3001 | [WS_TOKEN]: NcatBot | [ROOT]: 1633360356 | [WEBUI]: http://localhost:6099 | [WEBUI_TOKEN]: 123NcatBot321!@
[2025-10-02 15:57:22,115.115] INFO     [Thread-4 (runner)|MainProcess] PluginLoader (loader.py:load_builtin_plugins:251) | 已加载内置插件数 [2]
[2025-10-02 15:57:22,115.115] INFO     [Thread-4 (runner)|MainProcess] PluginLoader (loader.py:load_plugins:265) | 从 D:\my_project\QQBot\plugins 导入插件
[2025-10-02 15:57:22,121.121] INFO     [Thread-4 (runner)|MainProcess] PackageHelper (packhelper.py:ensure:32) | 依赖已满足: PyMySQL
[2025-10-02 15:57:22,121.121] INFO     [Thread-4 (runner)|MainProcess] PackageHelper (packhelper.py:ensure:32) | 依赖已满足: pyyaml
[2025-10-02 15:57:22,122.122] INFO     [Thread-4 (runner)|MainProcess] PackageHelper (packhelper.py:ensure:32) | 依赖已满足: requests
[2025-10-02 15:57:22,204.204] INFO     [Thread-4 (runner)|MainProcess] PackageHelper (packhelper.py:ensure:32) | 依赖已满足: PyMySQL
[2025-10-02 15:57:22,384.384] INFO     [Thread-4 (runner)|MainProcess] PackageHelper (packhelper.py:ensure:32) | 依赖已满足: requests
[2025-10-02 15:57:22,385.385] INFO     [Thread-4 (runner)|MainProcess] PackageHelper (packhelper.py:ensure:32) | 依赖已满足: bs4
[2025-10-02 15:57:22,385.385] INFO     [Thread-4 (runner)|MainProcess] PackageHelper (packhelper.py:ensure:32) | 依赖已满足: zhconv
[2025-10-02 15:57:22,386.386] INFO     [Thread-4 (runner)|MainProcess] PackageHelper (packhelper.py:ensure:32) | 依赖已满足: pandas
[2025-10-02 15:57:22,387.387] INFO     [Thread-4 (runner)|MainProcess] PackageHelper (packhelper.py:ensure:32) | 依赖已满足: cryptography
[2025-10-02 15:57:22,391.391] INFO     [Thread-4 (runner)|MainProcess] PackageHelper (packhelper.py:ensure:32) | 依赖已满足: torch
[2025-10-02 15:57:22,393.393] INFO     [Thread-4 (runner)|MainProcess] PackageHelper (packhelper.py:ensure:32) | 依赖已满足: numpy
[2025-10-02 15:57:22,394.394] INFO     [Thread-4 (runner)|MainProcess] PackageHelper (packhelper.py:ensure:32) | 依赖已满足: pyyaml
[2025-10-02 15:57:23,463.463] INFO     [Thread-4 (runner)|MainProcess] PluginLoader (loader.py:_import_single:89) | 成功导入插件文件: __init__
[2025-10-02 15:57:23,463.463] INFO     [Thread-4 (runner)|MainProcess] PluginLoader (loader.py:from_class_load_plugins:217) | 加载插件「CS2CaseSimulator」
[2025-10-02 15:57:23,463.463] INFO     [Thread-4 (runner)|MainProcess] PluginLoader (loader.py:from_class_load_plugins:217) | 加载插件「DailyLuck」
[2025-10-02 15:57:23,464.464] INFO     [Thread-4 (runner)|MainProcess] PluginLoader (loader.py:from_class_load_plugins:217) | 加载插件「DailyMusic」
[2025-10-02 15:57:23,464.464] INFO     [Thread-4 (runner)|MainProcess] PluginLoader (loader.py:from_class_load_plugins:217) | 加载插件「DailyWife」
[2025-10-02 15:57:23,465.465] INFO     [Thread-4 (runner)|MainProcess] PluginLoader (loader.py:from_class_load_plugins:217) | 加载插件「GoBang」
[2025-10-02 15:57:23,465.465] INFO     [Thread-4 (runner)|MainProcess] PluginLoader (loader.py:from_class_load_plugins:217) | 加载插件「HistoryDay」
[2025-10-02 15:57:23,465.465] INFO     [Thread-4 (runner)|MainProcess] PluginLoader (loader.py:from_class_load_plugins:217) | 加载插件「Menu」
[2025-10-02 15:57:23,466.466] INFO     [Thread-4 (runner)|MainProcess] PluginLoader (loader.py:from_class_load_plugins:217) | 加载插件「Poem」
[2025-10-02 15:57:23,466.466] INFO     [Thread-4 (runner)|MainProcess] PluginLoader (loader.py:from_class_load_plugins:217) | 加载插件「UUCrawl」
[2025-10-02 15:57:23,466.466] INFO     [Thread-4 (runner)|MainProcess] PluginLoader (loader.py:from_class_load_plugins:217) | 加载插件「UUCrawlMonitor」
[2025-10-02 15:57:23,467.467] INFO     [Thread-4 (runner)|MainProcess] PluginLoader (loader.py:from_class_load_plugins:217) | 加载插件「What2Eat」
[2025-10-02 15:57:23,484.484] INFO     [Thread-4 (runner)|MainProcess] PluginLoader (loader.py:load_plugins:277) | 已加载插件数 [13]
[2025-10-02 15:57:23,485.485] INFO     [MainThread|MainProcess] ncatbot.core.adapter.nc.launch (launch.py:lanuch_napcat_service:104) | 正在以本地模式运行, 检查中...
[2025-10-02 15:57:23,499.499] INFO     [MainThread|MainProcess] ncatbot.core.adapter.nc.launch (launch.py:check_napcat_service_remote:70) | napcat 服务器 ws://localhost:3001 在线, 正在检查账号状态...
[2025-10-02 15:57:23,499.499] WARNING  [MainThread|MainProcess] ncatbot.core.adapter.nc.launch (launch.py:check_napcat_service_remote:72) | 跳过基于 WebUI 交互的检查, 请自行确保 NapCat 已经登录了正确的 QQ 3909177943
[2025-10-02 15:57:23,500.500] INFO     [MainThread|MainProcess] Adapter (adapter.py:connect_websocket:92) | NapCat WebSocket 连接成功
[2025-10-02 15:57:23,501.501] INFO     [Thread-1 (_worker_loop)|MainProcess] Client (client.py:<lambda>:79) | Bot 3909177943 启动成功
[2025-10-02 15:57:29,960.960] ERROR    [Thread-26 (runner)|MainProcess] FunctionMixin (func_mixin.py:wrapped_handler:186) | 插件 UUCrawlMonitor 功能 UUCrawlMonitorAdd 执行失败: list indices must be integers or slices, not str
Traceback (most recent call last):
  File "D:\my_project\QQBot\.venv\Lib\site-packages\ncatbot\plugin_system\builtin_mixin\func_mixin.py", line 181, in wrapped_handler
    return await current_handler(data)
           ^^^^^^^^^^^^^^^^^^^^^^^^^^^
  File "D:\my_project\QQBot\plugins\UUCrawlMonitor\main.py", line 87, in add_monitor
    qq_numbers = ",".join(res["qq_numbers"].split(',').append(qq_number))
                          ~~~^^^^^^^^^^^^^^
TypeError: list indices must be integers or slices, not str
[2025-10-02 15:57:54,838.838] INFO     [MainThread|MainProcess] ncatbot.plugin_system (ncatbot_plugin.py:on_close:19) | 插件 SystemManager 卸载成功
[2025-10-02 15:57:54,838.838] INFO     [MainThread|MainProcess] ncatbot.plugin_system (ncatbot_plugin.py:on_close:19) | 插件 UnifiedRegistryPlugin 卸载成功
[2025-10-02 15:57:54,838.838] INFO     [MainThread|MainProcess] ncatbot.plugin_system (ncatbot_plugin.py:on_close:19) | 插件 CS2CaseSimulator 卸载成功
[2025-10-02 15:57:54,838.838] INFO     [MainThread|MainProcess] ncatbot.plugin_system (ncatbot_plugin.py:on_close:19) | 插件 DailyLuck 卸载成功
[2025-10-02 15:57:54,839.839] INFO     [MainThread|MainProcess] ncatbot.plugin_system (ncatbot_plugin.py:on_close:19) | 插件 DailyMusic 卸载成功
[2025-10-02 15:57:54,839.839] INFO     [MainThread|MainProcess] ncatbot.plugin_system (ncatbot_plugin.py:on_close:19) | 插件 DailyWife 卸载成功
[2025-10-02 15:57:54,839.839] INFO     [MainThread|MainProcess] ncatbot.plugin_system (ncatbot_plugin.py:on_close:19) | 插件 GoBang 卸载成功
[2025-10-02 15:57:54,839.839] INFO     [MainThread|MainProcess] ncatbot.plugin_system (ncatbot_plugin.py:on_close:19) | 插件 HistoryDay 卸载成功
[2025-10-02 15:57:54,839.839] INFO     [MainThread|MainProcess] ncatbot.plugin_system (ncatbot_plugin.py:on_close:19) | 插件 Menu 卸载成功
[2025-10-02 15:57:54,839.839] INFO     [MainThread|MainProcess] ncatbot.plugin_system (ncatbot_plugin.py:on_close:19) | 插件 Poem 卸载成功
[2025-10-02 15:57:54,839.839] INFO     [MainThread|MainProcess] ncatbot.plugin_system (ncatbot_plugin.py:on_close:19) | 插件 UUCrawl 卸载成功
[2025-10-02 15:57:54,840.840] INFO     [MainThread|MainProcess] ncatbot.plugin_system (ncatbot_plugin.py:on_close:19) | 插件 UUCrawlMonitor 卸载成功
[2025-10-02 15:57:54,840.840] INFO     [MainThread|MainProcess] ncatbot.plugin_system (ncatbot_plugin.py:on_close:19) | 插件 What2Eat 卸载成功
[2025-10-02 15:57:54,844.844] INFO     [MainThread|MainProcess] Client (client.py:bot_exit:202) | Bot 已经正常退出
[2025-10-02 15:57:57,027.027] DEBUG    [MainThread|MainProcess] logger (logger.py:setup_logging:259) | 日志系统初始化
[2025-10-02 15:57:57,028.028] DEBUG    [MainThread|MainProcess] Config (config.py:load:353) | 从 D:\my_project\QQBot\config.yaml 加载配置
[2025-10-02 15:57:57,029.029] WARNING  [MainThread|MainProcess] Config (config.py:create_from_file:304) | [setting] 未知配置项: bot_id
[2025-10-02 15:57:57,029.029] WARNING  [MainThread|MainProcess] Config (config.py:create_from_file:304) | [setting] 未知配置项: root_id
[2025-10-02 15:57:57,029.029] WARNING  [MainThread|MainProcess] Config (config.py:create_from_file:304) | [setting] 未知配置项: bot_name
[2025-10-02 15:57:57,030.030] WARNING  [MainThread|MainProcess] Config (config.py:create_from_file:304) | [setting] 未知配置项: host
[2025-10-02 15:57:57,030.030] WARNING  [MainThread|MainProcess] Config (config.py:create_from_file:304) | [setting] 未知配置项: user
[2025-10-02 15:57:57,030.030] WARNING  [MainThread|MainProcess] Config (config.py:create_from_file:304) | [setting] 未知配置项: password
[2025-10-02 15:57:57,030.030] WARNING  [MainThread|MainProcess] Config (config.py:create_from_file:304) | [setting] 未知配置项: database
[2025-10-02 15:57:57,030.030] WARNING  [MainThread|MainProcess] Config (config.py:create_from_file:304) | [setting] 未知配置项: gaode_map_key
[2025-10-02 15:57:57,030.030] WARNING  [MainThread|MainProcess] Config (config.py:create_from_file:304) | [setting] 未知配置项: crawl_interval
[2025-10-02 15:57:57,089.089] INFO     [MainThread|MainProcess] Config (config.py:validate_config:339) | [BOTQQ]: 3909177943 | [WSURI]: ws://localhost:3001 | [WS_TOKEN]: NcatBot | [ROOT]: 1633360356 | [WEBUI]: http://localhost:6099 | [WEBUI_TOKEN]: 123NcatBot321!@
[2025-10-02 15:57:57,135.135] INFO     [Thread-4 (runner)|MainProcess] PluginLoader (loader.py:load_builtin_plugins:251) | 已加载内置插件数 [2]
[2025-10-02 15:57:57,135.135] INFO     [Thread-4 (runner)|MainProcess] PluginLoader (loader.py:load_plugins:265) | 从 D:\my_project\QQBot\plugins 导入插件
[2025-10-02 15:57:57,141.141] INFO     [Thread-4 (runner)|MainProcess] PackageHelper (packhelper.py:ensure:32) | 依赖已满足: PyMySQL
[2025-10-02 15:57:57,141.141] INFO     [Thread-4 (runner)|MainProcess] PackageHelper (packhelper.py:ensure:32) | 依赖已满足: pyyaml
[2025-10-02 15:57:57,142.142] INFO     [Thread-4 (runner)|MainProcess] PackageHelper (packhelper.py:ensure:32) | 依赖已满足: requests
[2025-10-02 15:57:57,226.226] INFO     [Thread-4 (runner)|MainProcess] PackageHelper (packhelper.py:ensure:32) | 依赖已满足: PyMySQL
[2025-10-02 15:57:57,417.417] INFO     [Thread-4 (runner)|MainProcess] PackageHelper (packhelper.py:ensure:32) | 依赖已满足: requests
[2025-10-02 15:57:57,417.417] INFO     [Thread-4 (runner)|MainProcess] PackageHelper (packhelper.py:ensure:32) | 依赖已满足: bs4
[2025-10-02 15:57:57,418.418] INFO     [Thread-4 (runner)|MainProcess] PackageHelper (packhelper.py:ensure:32) | 依赖已满足: zhconv
[2025-10-02 15:57:57,419.419] INFO     [Thread-4 (runner)|MainProcess] PackageHelper (packhelper.py:ensure:32) | 依赖已满足: pandas
[2025-10-02 15:57:57,419.419] INFO     [Thread-4 (runner)|MainProcess] PackageHelper (packhelper.py:ensure:32) | 依赖已满足: cryptography
[2025-10-02 15:57:57,423.423] INFO     [Thread-4 (runner)|MainProcess] PackageHelper (packhelper.py:ensure:32) | 依赖已满足: torch
[2025-10-02 15:57:57,426.426] INFO     [Thread-4 (runner)|MainProcess] PackageHelper (packhelper.py:ensure:32) | 依赖已满足: numpy
[2025-10-02 15:57:57,426.426] INFO     [Thread-4 (runner)|MainProcess] PackageHelper (packhelper.py:ensure:32) | 依赖已满足: pyyaml
[2025-10-02 15:57:58,472.472] INFO     [Thread-4 (runner)|MainProcess] PluginLoader (loader.py:_import_single:89) | 成功导入插件文件: __init__
[2025-10-02 15:57:58,473.473] INFO     [Thread-4 (runner)|MainProcess] PluginLoader (loader.py:from_class_load_plugins:217) | 加载插件「CS2CaseSimulator」
[2025-10-02 15:57:58,473.473] INFO     [Thread-4 (runner)|MainProcess] PluginLoader (loader.py:from_class_load_plugins:217) | 加载插件「DailyLuck」
[2025-10-02 15:57:58,473.473] INFO     [Thread-4 (runner)|MainProcess] PluginLoader (loader.py:from_class_load_plugins:217) | 加载插件「DailyMusic」
[2025-10-02 15:57:58,474.474] INFO     [Thread-4 (runner)|MainProcess] PluginLoader (loader.py:from_class_load_plugins:217) | 加载插件「DailyWife」
[2025-10-02 15:57:58,474.474] INFO     [Thread-4 (runner)|MainProcess] PluginLoader (loader.py:from_class_load_plugins:217) | 加载插件「GoBang」
[2025-10-02 15:57:58,475.475] INFO     [Thread-4 (runner)|MainProcess] PluginLoader (loader.py:from_class_load_plugins:217) | 加载插件「HistoryDay」
[2025-10-02 15:57:58,475.475] INFO     [Thread-4 (runner)|MainProcess] PluginLoader (loader.py:from_class_load_plugins:217) | 加载插件「Menu」
[2025-10-02 15:57:58,475.475] INFO     [Thread-4 (runner)|MainProcess] PluginLoader (loader.py:from_class_load_plugins:217) | 加载插件「Poem」
[2025-10-02 15:57:58,476.476] INFO     [Thread-4 (runner)|MainProcess] PluginLoader (loader.py:from_class_load_plugins:217) | 加载插件「UUCrawl」
[2025-10-02 15:57:58,476.476] INFO     [Thread-4 (runner)|MainProcess] PluginLoader (loader.py:from_class_load_plugins:217) | 加载插件「UUCrawlMonitor」
[2025-10-02 15:57:58,477.477] INFO     [Thread-4 (runner)|MainProcess] PluginLoader (loader.py:from_class_load_plugins:217) | 加载插件「What2Eat」
[2025-10-02 15:57:58,491.491] INFO     [Thread-4 (runner)|MainProcess] PluginLoader (loader.py:load_plugins:277) | 已加载插件数 [13]
[2025-10-02 15:57:58,493.493] INFO     [MainThread|MainProcess] ncatbot.core.adapter.nc.launch (launch.py:lanuch_napcat_service:104) | 正在以本地模式运行, 检查中...
[2025-10-02 15:57:58,506.506] INFO     [MainThread|MainProcess] ncatbot.core.adapter.nc.launch (launch.py:check_napcat_service_remote:70) | napcat 服务器 ws://localhost:3001 在线, 正在检查账号状态...
[2025-10-02 15:57:58,506.506] WARNING  [MainThread|MainProcess] ncatbot.core.adapter.nc.launch (launch.py:check_napcat_service_remote:72) | 跳过基于 WebUI 交互的检查, 请自行确保 NapCat 已经登录了正确的 QQ 3909177943
[2025-10-02 15:57:58,507.507] INFO     [MainThread|MainProcess] Adapter (adapter.py:connect_websocket:92) | NapCat WebSocket 连接成功
[2025-10-02 15:57:58,508.508] INFO     [Thread-1 (_worker_loop)|MainProcess] Client (client.py:<lambda>:79) | Bot 3909177943 启动成功
[2025-10-02 15:58:06,756.756] ERROR    [Thread-26 (runner)|MainProcess] FunctionMixin (func_mixin.py:wrapped_handler:186) | 插件 UUCrawlMonitor 功能 UUCrawlMonitorAdd 执行失败: list indices must be integers or slices, not str
Traceback (most recent call last):
  File "D:\my_project\QQBot\.venv\Lib\site-packages\ncatbot\plugin_system\builtin_mixin\func_mixin.py", line 181, in wrapped_handler
    return await current_handler(data)
           ^^^^^^^^^^^^^^^^^^^^^^^^^^^
  File "D:\my_project\QQBot\plugins\UUCrawlMonitor\main.py", line 87, in add_monitor
    qq_numbers = ",".join(res["qq_numbers"].split(',').append(qq_number))
                          ~~~^^^^^^^^^^^^^^
TypeError: list indices must be integers or slices, not str
[2025-10-02 15:58:59,756.756] INFO     [MainThread|MainProcess] ncatbot.plugin_system (ncatbot_plugin.py:on_close:19) | 插件 SystemManager 卸载成功
[2025-10-02 15:58:59,756.756] INFO     [MainThread|MainProcess] ncatbot.plugin_system (ncatbot_plugin.py:on_close:19) | 插件 UnifiedRegistryPlugin 卸载成功
[2025-10-02 15:58:59,757.757] INFO     [MainThread|MainProcess] ncatbot.plugin_system (ncatbot_plugin.py:on_close:19) | 插件 CS2CaseSimulator 卸载成功
[2025-10-02 15:58:59,757.757] INFO     [MainThread|MainProcess] ncatbot.plugin_system (ncatbot_plugin.py:on_close:19) | 插件 DailyLuck 卸载成功
[2025-10-02 15:58:59,757.757] INFO     [MainThread|MainProcess] ncatbot.plugin_system (ncatbot_plugin.py:on_close:19) | 插件 DailyMusic 卸载成功
[2025-10-02 15:58:59,757.757] INFO     [MainThread|MainProcess] ncatbot.plugin_system (ncatbot_plugin.py:on_close:19) | 插件 DailyWife 卸载成功
[2025-10-02 15:58:59,758.758] INFO     [MainThread|MainProcess] ncatbot.plugin_system (ncatbot_plugin.py:on_close:19) | 插件 GoBang 卸载成功
[2025-10-02 15:58:59,758.758] INFO     [MainThread|MainProcess] ncatbot.plugin_system (ncatbot_plugin.py:on_close:19) | 插件 HistoryDay 卸载成功
[2025-10-02 15:58:59,758.758] INFO     [MainThread|MainProcess] ncatbot.plugin_system (ncatbot_plugin.py:on_close:19) | 插件 Menu 卸载成功
[2025-10-02 15:58:59,758.758] INFO     [MainThread|MainProcess] ncatbot.plugin_system (ncatbot_plugin.py:on_close:19) | 插件 Poem 卸载成功
[2025-10-02 15:58:59,758.758] INFO     [MainThread|MainProcess] ncatbot.plugin_system (ncatbot_plugin.py:on_close:19) | 插件 UUCrawl 卸载成功
[2025-10-02 15:58:59,758.758] INFO     [MainThread|MainProcess] ncatbot.plugin_system (ncatbot_plugin.py:on_close:19) | 插件 UUCrawlMonitor 卸载成功
[2025-10-02 15:58:59,759.759] INFO     [MainThread|MainProcess] ncatbot.plugin_system (ncatbot_plugin.py:on_close:19) | 插件 What2Eat 卸载成功
[2025-10-02 15:58:59,762.762] INFO     [MainThread|MainProcess] Client (client.py:bot_exit:202) | Bot 已经正常退出
[2025-10-02 15:59:01,048.048] DEBUG    [MainThread|MainProcess] logger (logger.py:setup_logging:259) | 日志系统初始化
[2025-10-02 15:59:01,050.050] DEBUG    [MainThread|MainProcess] Config (config.py:load:353) | 从 D:\my_project\QQBot\config.yaml 加载配置
[2025-10-02 15:59:01,051.051] WARNING  [MainThread|MainProcess] Config (config.py:create_from_file:304) | [setting] 未知配置项: bot_id
[2025-10-02 15:59:01,051.051] WARNING  [MainThread|MainProcess] Config (config.py:create_from_file:304) | [setting] 未知配置项: root_id
[2025-10-02 15:59:01,051.051] WARNING  [MainThread|MainProcess] Config (config.py:create_from_file:304) | [setting] 未知配置项: bot_name
[2025-10-02 15:59:01,051.051] WARNING  [MainThread|MainProcess] Config (config.py:create_from_file:304) | [setting] 未知配置项: host
[2025-10-02 15:59:01,051.051] WARNING  [MainThread|MainProcess] Config (config.py:create_from_file:304) | [setting] 未知配置项: user
[2025-10-02 15:59:01,051.051] WARNING  [MainThread|MainProcess] Config (config.py:create_from_file:304) | [setting] 未知配置项: password
[2025-10-02 15:59:01,051.051] WARNING  [MainThread|MainProcess] Config (config.py:create_from_file:304) | [setting] 未知配置项: database
[2025-10-02 15:59:01,052.052] WARNING  [MainThread|MainProcess] Config (config.py:create_from_file:304) | [setting] 未知配置项: gaode_map_key
[2025-10-02 15:59:01,052.052] WARNING  [MainThread|MainProcess] Config (config.py:create_from_file:304) | [setting] 未知配置项: crawl_interval
[2025-10-02 15:59:01,115.115] INFO     [MainThread|MainProcess] Config (config.py:validate_config:339) | [BOTQQ]: 3909177943 | [WSURI]: ws://localhost:3001 | [WS_TOKEN]: NcatBot | [ROOT]: 1633360356 | [WEBUI]: http://localhost:6099 | [WEBUI_TOKEN]: 123NcatBot321!@
[2025-10-02 15:59:01,164.164] INFO     [Thread-4 (runner)|MainProcess] PluginLoader (loader.py:load_builtin_plugins:251) | 已加载内置插件数 [2]
[2025-10-02 15:59:01,164.164] INFO     [Thread-4 (runner)|MainProcess] PluginLoader (loader.py:load_plugins:265) | 从 D:\my_project\QQBot\plugins 导入插件
[2025-10-02 15:59:01,169.169] INFO     [Thread-4 (runner)|MainProcess] PackageHelper (packhelper.py:ensure:32) | 依赖已满足: PyMySQL
[2025-10-02 15:59:01,170.170] INFO     [Thread-4 (runner)|MainProcess] PackageHelper (packhelper.py:ensure:32) | 依赖已满足: pyyaml
[2025-10-02 15:59:01,170.170] INFO     [Thread-4 (runner)|MainProcess] PackageHelper (packhelper.py:ensure:32) | 依赖已满足: requests
[2025-10-02 15:59:01,253.253] INFO     [Thread-4 (runner)|MainProcess] PackageHelper (packhelper.py:ensure:32) | 依赖已满足: PyMySQL
[2025-10-02 15:59:01,442.442] INFO     [Thread-4 (runner)|MainProcess] PackageHelper (packhelper.py:ensure:32) | 依赖已满足: requests
[2025-10-02 15:59:01,442.442] INFO     [Thread-4 (runner)|MainProcess] PackageHelper (packhelper.py:ensure:32) | 依赖已满足: bs4
[2025-10-02 15:59:01,443.443] INFO     [Thread-4 (runner)|MainProcess] PackageHelper (packhelper.py:ensure:32) | 依赖已满足: zhconv
[2025-10-02 15:59:01,444.444] INFO     [Thread-4 (runner)|MainProcess] PackageHelper (packhelper.py:ensure:32) | 依赖已满足: pandas
[2025-10-02 15:59:01,445.445] INFO     [Thread-4 (runner)|MainProcess] PackageHelper (packhelper.py:ensure:32) | 依赖已满足: cryptography
[2025-10-02 15:59:01,449.449] INFO     [Thread-4 (runner)|MainProcess] PackageHelper (packhelper.py:ensure:32) | 依赖已满足: torch
[2025-10-02 15:59:01,452.452] INFO     [Thread-4 (runner)|MainProcess] PackageHelper (packhelper.py:ensure:32) | 依赖已满足: numpy
[2025-10-02 15:59:01,452.452] INFO     [Thread-4 (runner)|MainProcess] PackageHelper (packhelper.py:ensure:32) | 依赖已满足: pyyaml
[2025-10-02 15:59:02,485.485] INFO     [Thread-4 (runner)|MainProcess] PluginLoader (loader.py:_import_single:89) | 成功导入插件文件: __init__
[2025-10-02 15:59:02,485.485] INFO     [Thread-4 (runner)|MainProcess] PluginLoader (loader.py:from_class_load_plugins:217) | 加载插件「CS2CaseSimulator」
[2025-10-02 15:59:02,485.485] INFO     [Thread-4 (runner)|MainProcess] PluginLoader (loader.py:from_class_load_plugins:217) | 加载插件「DailyLuck」
[2025-10-02 15:59:02,486.486] INFO     [Thread-4 (runner)|MainProcess] PluginLoader (loader.py:from_class_load_plugins:217) | 加载插件「DailyMusic」
[2025-10-02 15:59:02,486.486] INFO     [Thread-4 (runner)|MainProcess] PluginLoader (loader.py:from_class_load_plugins:217) | 加载插件「DailyWife」
[2025-10-02 15:59:02,487.487] INFO     [Thread-4 (runner)|MainProcess] PluginLoader (loader.py:from_class_load_plugins:217) | 加载插件「GoBang」
[2025-10-02 15:59:02,487.487] INFO     [Thread-4 (runner)|MainProcess] PluginLoader (loader.py:from_class_load_plugins:217) | 加载插件「HistoryDay」
[2025-10-02 15:59:02,487.487] INFO     [Thread-4 (runner)|MainProcess] PluginLoader (loader.py:from_class_load_plugins:217) | 加载插件「Menu」
[2025-10-02 15:59:02,488.488] INFO     [Thread-4 (runner)|MainProcess] PluginLoader (loader.py:from_class_load_plugins:217) | 加载插件「Poem」
[2025-10-02 15:59:02,488.488] INFO     [Thread-4 (runner)|MainProcess] PluginLoader (loader.py:from_class_load_plugins:217) | 加载插件「UUCrawl」
[2025-10-02 15:59:02,488.488] INFO     [Thread-4 (runner)|MainProcess] PluginLoader (loader.py:from_class_load_plugins:217) | 加载插件「UUCrawlMonitor」
[2025-10-02 15:59:02,489.489] INFO     [Thread-4 (runner)|MainProcess] PluginLoader (loader.py:from_class_load_plugins:217) | 加载插件「What2Eat」
[2025-10-02 15:59:02,504.504] INFO     [Thread-4 (runner)|MainProcess] PluginLoader (loader.py:load_plugins:277) | 已加载插件数 [13]
[2025-10-02 15:59:02,506.506] INFO     [MainThread|MainProcess] ncatbot.core.adapter.nc.launch (launch.py:lanuch_napcat_service:104) | 正在以本地模式运行, 检查中...
[2025-10-02 15:59:02,518.518] INFO     [MainThread|MainProcess] ncatbot.core.adapter.nc.launch (launch.py:check_napcat_service_remote:70) | napcat 服务器 ws://localhost:3001 在线, 正在检查账号状态...
[2025-10-02 15:59:02,518.518] WARNING  [MainThread|MainProcess] ncatbot.core.adapter.nc.launch (launch.py:check_napcat_service_remote:72) | 跳过基于 WebUI 交互的检查, 请自行确保 NapCat 已经登录了正确的 QQ 3909177943
[2025-10-02 15:59:02,519.519] INFO     [MainThread|MainProcess] Adapter (adapter.py:connect_websocket:92) | NapCat WebSocket 连接成功
[2025-10-02 15:59:02,519.519] INFO     [Thread-1 (_worker_loop)|MainProcess] Client (client.py:<lambda>:79) | Bot 3909177943 启动成功
[2025-10-02 15:59:08,198.198] ERROR    [Thread-26 (runner)|MainProcess] FunctionMixin (func_mixin.py:wrapped_handler:186) | 插件 UUCrawlMonitor 功能 UUCrawlMonitorAdd 执行失败: list indices must be integers or slices, not str
Traceback (most recent call last):
  File "D:\my_project\QQBot\.venv\Lib\site-packages\ncatbot\plugin_system\builtin_mixin\func_mixin.py", line 181, in wrapped_handler
    return await current_handler(data)
           ^^^^^^^^^^^^^^^^^^^^^^^^^^^
  File "D:\my_project\QQBot\plugins\UUCrawlMonitor\main.py", line 87, in add_monitor
    qq_numbers = ",".join(res["qq_numbers"].split(',').append(qq_number))
                          ~~~^^^^^^^^^^^^^^
TypeError: list indices must be integers or slices, not str
[2025-10-02 16:00:45,742.742] INFO     [MainThread|MainProcess] ncatbot.plugin_system (ncatbot_plugin.py:on_close:19) | 插件 SystemManager 卸载成功
[2025-10-02 16:00:45,742.742] INFO     [MainThread|MainProcess] ncatbot.plugin_system (ncatbot_plugin.py:on_close:19) | 插件 UnifiedRegistryPlugin 卸载成功
[2025-10-02 16:00:45,742.742] INFO     [MainThread|MainProcess] ncatbot.plugin_system (ncatbot_plugin.py:on_close:19) | 插件 CS2CaseSimulator 卸载成功
[2025-10-02 16:00:45,742.742] INFO     [MainThread|MainProcess] ncatbot.plugin_system (ncatbot_plugin.py:on_close:19) | 插件 DailyLuck 卸载成功
[2025-10-02 16:00:45,743.743] INFO     [MainThread|MainProcess] ncatbot.plugin_system (ncatbot_plugin.py:on_close:19) | 插件 DailyMusic 卸载成功
[2025-10-02 16:00:45,743.743] INFO     [MainThread|MainProcess] ncatbot.plugin_system (ncatbot_plugin.py:on_close:19) | 插件 DailyWife 卸载成功
[2025-10-02 16:00:45,743.743] INFO     [MainThread|MainProcess] ncatbot.plugin_system (ncatbot_plugin.py:on_close:19) | 插件 GoBang 卸载成功
[2025-10-02 16:00:45,743.743] INFO     [MainThread|MainProcess] ncatbot.plugin_system (ncatbot_plugin.py:on_close:19) | 插件 HistoryDay 卸载成功
[2025-10-02 16:00:45,743.743] INFO     [MainThread|MainProcess] ncatbot.plugin_system (ncatbot_plugin.py:on_close:19) | 插件 Menu 卸载成功
[2025-10-02 16:00:45,743.743] INFO     [MainThread|MainProcess] ncatbot.plugin_system (ncatbot_plugin.py:on_close:19) | 插件 Poem 卸载成功
[2025-10-02 16:00:45,744.744] INFO     [MainThread|MainProcess] ncatbot.plugin_system (ncatbot_plugin.py:on_close:19) | 插件 UUCrawl 卸载成功
[2025-10-02 16:00:45,744.744] INFO     [MainThread|MainProcess] ncatbot.plugin_system (ncatbot_plugin.py:on_close:19) | 插件 UUCrawlMonitor 卸载成功
[2025-10-02 16:00:45,744.744] INFO     [MainThread|MainProcess] ncatbot.plugin_system (ncatbot_plugin.py:on_close:19) | 插件 What2Eat 卸载成功
[2025-10-02 16:00:45,748.748] INFO     [MainThread|MainProcess] Client (client.py:bot_exit:202) | Bot 已经正常退出
[2025-10-02 16:00:46,231.231] DEBUG    [MainThread|MainProcess] logger (logger.py:setup_logging:259) | 日志系统初始化
[2025-10-02 16:00:46,233.233] DEBUG    [MainThread|MainProcess] Config (config.py:load:353) | 从 D:\my_project\QQBot\config.yaml 加载配置
[2025-10-02 16:00:46,234.234] WARNING  [MainThread|MainProcess] Config (config.py:create_from_file:304) | [setting] 未知配置项: bot_id
[2025-10-02 16:00:46,234.234] WARNING  [MainThread|MainProcess] Config (config.py:create_from_file:304) | [setting] 未知配置项: root_id
[2025-10-02 16:00:46,234.234] WARNING  [MainThread|MainProcess] Config (config.py:create_from_file:304) | [setting] 未知配置项: bot_name
[2025-10-02 16:00:46,234.234] WARNING  [MainThread|MainProcess] Config (config.py:create_from_file:304) | [setting] 未知配置项: host
[2025-10-02 16:00:46,234.234] WARNING  [MainThread|MainProcess] Config (config.py:create_from_file:304) | [setting] 未知配置项: user
[2025-10-02 16:00:46,234.234] WARNING  [MainThread|MainProcess] Config (config.py:create_from_file:304) | [setting] 未知配置项: password
[2025-10-02 16:00:46,234.234] WARNING  [MainThread|MainProcess] Config (config.py:create_from_file:304) | [setting] 未知配置项: database
[2025-10-02 16:00:46,234.234] WARNING  [MainThread|MainProcess] Config (config.py:create_from_file:304) | [setting] 未知配置项: gaode_map_key
[2025-10-02 16:00:46,234.234] WARNING  [MainThread|MainProcess] Config (config.py:create_from_file:304) | [setting] 未知配置项: crawl_interval
[2025-10-02 16:00:46,292.292] INFO     [MainThread|MainProcess] Config (config.py:validate_config:339) | [BOTQQ]: 3909177943 | [WSURI]: ws://localhost:3001 | [WS_TOKEN]: NcatBot | [ROOT]: 1633360356 | [WEBUI]: http://localhost:6099 | [WEBUI_TOKEN]: 123NcatBot321!@
[2025-10-02 16:00:46,338.338] INFO     [Thread-4 (runner)|MainProcess] PluginLoader (loader.py:load_builtin_plugins:251) | 已加载内置插件数 [2]
[2025-10-02 16:00:46,339.339] INFO     [Thread-4 (runner)|MainProcess] PluginLoader (loader.py:load_plugins:265) | 从 D:\my_project\QQBot\plugins 导入插件
[2025-10-02 16:00:46,343.343] INFO     [Thread-4 (runner)|MainProcess] PackageHelper (packhelper.py:ensure:32) | 依赖已满足: PyMySQL
[2025-10-02 16:00:46,344.344] INFO     [Thread-4 (runner)|MainProcess] PackageHelper (packhelper.py:ensure:32) | 依赖已满足: pyyaml
[2025-10-02 16:00:46,345.345] INFO     [Thread-4 (runner)|MainProcess] PackageHelper (packhelper.py:ensure:32) | 依赖已满足: requests
[2025-10-02 16:00:46,427.427] INFO     [Thread-4 (runner)|MainProcess] PackageHelper (packhelper.py:ensure:32) | 依赖已满足: PyMySQL
[2025-10-02 16:00:46,610.610] INFO     [Thread-4 (runner)|MainProcess] PackageHelper (packhelper.py:ensure:32) | 依赖已满足: requests
[2025-10-02 16:00:46,611.611] INFO     [Thread-4 (runner)|MainProcess] PackageHelper (packhelper.py:ensure:32) | 依赖已满足: bs4
[2025-10-02 16:00:46,611.611] INFO     [Thread-4 (runner)|MainProcess] PackageHelper (packhelper.py:ensure:32) | 依赖已满足: zhconv
[2025-10-02 16:00:46,612.612] INFO     [Thread-4 (runner)|MainProcess] PackageHelper (packhelper.py:ensure:32) | 依赖已满足: pandas
[2025-10-02 16:00:46,613.613] INFO     [Thread-4 (runner)|MainProcess] PackageHelper (packhelper.py:ensure:32) | 依赖已满足: cryptography
[2025-10-02 16:00:46,617.617] INFO     [Thread-4 (runner)|MainProcess] PackageHelper (packhelper.py:ensure:32) | 依赖已满足: torch
[2025-10-02 16:00:46,619.619] INFO     [Thread-4 (runner)|MainProcess] PackageHelper (packhelper.py:ensure:32) | 依赖已满足: numpy
[2025-10-02 16:00:46,620.620] INFO     [Thread-4 (runner)|MainProcess] PackageHelper (packhelper.py:ensure:32) | 依赖已满足: pyyaml
[2025-10-02 16:00:47,651.651] INFO     [Thread-4 (runner)|MainProcess] PluginLoader (loader.py:_import_single:89) | 成功导入插件文件: __init__
[2025-10-02 16:00:47,651.651] INFO     [Thread-4 (runner)|MainProcess] PluginLoader (loader.py:from_class_load_plugins:217) | 加载插件「CS2CaseSimulator」
[2025-10-02 16:00:47,652.652] INFO     [Thread-4 (runner)|MainProcess] PluginLoader (loader.py:from_class_load_plugins:217) | 加载插件「DailyLuck」
[2025-10-02 16:00:47,652.652] INFO     [Thread-4 (runner)|MainProcess] PluginLoader (loader.py:from_class_load_plugins:217) | 加载插件「DailyMusic」
[2025-10-02 16:00:47,653.653] INFO     [Thread-4 (runner)|MainProcess] PluginLoader (loader.py:from_class_load_plugins:217) | 加载插件「DailyWife」
[2025-10-02 16:00:47,653.653] INFO     [Thread-4 (runner)|MainProcess] PluginLoader (loader.py:from_class_load_plugins:217) | 加载插件「GoBang」
[2025-10-02 16:00:47,653.653] INFO     [Thread-4 (runner)|MainProcess] PluginLoader (loader.py:from_class_load_plugins:217) | 加载插件「HistoryDay」
[2025-10-02 16:00:47,654.654] INFO     [Thread-4 (runner)|MainProcess] PluginLoader (loader.py:from_class_load_plugins:217) | 加载插件「Menu」
[2025-10-02 16:00:47,654.654] INFO     [Thread-4 (runner)|MainProcess] PluginLoader (loader.py:from_class_load_plugins:217) | 加载插件「Poem」
[2025-10-02 16:00:47,654.654] INFO     [Thread-4 (runner)|MainProcess] PluginLoader (loader.py:from_class_load_plugins:217) | 加载插件「UUCrawl」
[2025-10-02 16:00:47,655.655] INFO     [Thread-4 (runner)|MainProcess] PluginLoader (loader.py:from_class_load_plugins:217) | 加载插件「UUCrawlMonitor」
[2025-10-02 16:00:47,655.655] INFO     [Thread-4 (runner)|MainProcess] PluginLoader (loader.py:from_class_load_plugins:217) | 加载插件「What2Eat」
[2025-10-02 16:00:47,671.671] INFO     [Thread-4 (runner)|MainProcess] PluginLoader (loader.py:load_plugins:277) | 已加载插件数 [13]
[2025-10-02 16:00:47,672.672] INFO     [MainThread|MainProcess] ncatbot.core.adapter.nc.launch (launch.py:lanuch_napcat_service:104) | 正在以本地模式运行, 检查中...
[2025-10-02 16:00:47,685.685] INFO     [MainThread|MainProcess] ncatbot.core.adapter.nc.launch (launch.py:check_napcat_service_remote:70) | napcat 服务器 ws://localhost:3001 在线, 正在检查账号状态...
[2025-10-02 16:00:47,685.685] WARNING  [MainThread|MainProcess] ncatbot.core.adapter.nc.launch (launch.py:check_napcat_service_remote:72) | 跳过基于 WebUI 交互的检查, 请自行确保 NapCat 已经登录了正确的 QQ 3909177943
[2025-10-02 16:00:47,687.687] INFO     [MainThread|MainProcess] Adapter (adapter.py:connect_websocket:92) | NapCat WebSocket 连接成功
[2025-10-02 16:00:47,687.687] INFO     [Thread-1 (_worker_loop)|MainProcess] Client (client.py:<lambda>:79) | Bot 3909177943 启动成功
[2025-10-02 16:00:55,073.073] ERROR    [Thread-26 (runner)|MainProcess] FunctionMixin (func_mixin.py:wrapped_handler:186) | 插件 UUCrawlMonitor 功能 UUCrawlMonitorAdd 执行失败: list index out of range
Traceback (most recent call last):
  File "D:\my_project\QQBot\.venv\Lib\site-packages\ncatbot\plugin_system\builtin_mixin\func_mixin.py", line 181, in wrapped_handler
    return await current_handler(data)
           ^^^^^^^^^^^^^^^^^^^^^^^^^^^
  File "D:\my_project\QQBot\plugins\UUCrawlMonitor\main.py", line 87, in add_monitor
    qq_numbers = ",".join(res[0]["qq_numbers"].split(',').append(qq_number))
                          ~~~^^^
IndexError: list index out of range
[2025-10-02 16:01:16,017.017] INFO     [MainThread|MainProcess] ncatbot.plugin_system (ncatbot_plugin.py:on_close:19) | 插件 SystemManager 卸载成功
[2025-10-02 16:01:16,018.018] INFO     [MainThread|MainProcess] ncatbot.plugin_system (ncatbot_plugin.py:on_close:19) | 插件 UnifiedRegistryPlugin 卸载成功
[2025-10-02 16:01:16,018.018] INFO     [MainThread|MainProcess] ncatbot.plugin_system (ncatbot_plugin.py:on_close:19) | 插件 CS2CaseSimulator 卸载成功
[2025-10-02 16:01:16,019.019] INFO     [MainThread|MainProcess] ncatbot.plugin_system (ncatbot_plugin.py:on_close:19) | 插件 DailyLuck 卸载成功
[2025-10-02 16:01:16,019.019] INFO     [MainThread|MainProcess] ncatbot.plugin_system (ncatbot_plugin.py:on_close:19) | 插件 DailyMusic 卸载成功
[2025-10-02 16:01:16,019.019] INFO     [MainThread|MainProcess] ncatbot.plugin_system (ncatbot_plugin.py:on_close:19) | 插件 DailyWife 卸载成功
[2025-10-02 16:01:16,019.019] INFO     [MainThread|MainProcess] ncatbot.plugin_system (ncatbot_plugin.py:on_close:19) | 插件 GoBang 卸载成功
[2025-10-02 16:01:16,019.019] INFO     [MainThread|MainProcess] ncatbot.plugin_system (ncatbot_plugin.py:on_close:19) | 插件 HistoryDay 卸载成功
[2025-10-02 16:01:16,020.020] INFO     [MainThread|MainProcess] ncatbot.plugin_system (ncatbot_plugin.py:on_close:19) | 插件 Menu 卸载成功
[2025-10-02 16:01:16,020.020] INFO     [MainThread|MainProcess] ncatbot.plugin_system (ncatbot_plugin.py:on_close:19) | 插件 Poem 卸载成功
[2025-10-02 16:01:16,020.020] INFO     [MainThread|MainProcess] ncatbot.plugin_system (ncatbot_plugin.py:on_close:19) | 插件 UUCrawl 卸载成功
[2025-10-02 16:01:16,020.020] INFO     [MainThread|MainProcess] ncatbot.plugin_system (ncatbot_plugin.py:on_close:19) | 插件 UUCrawlMonitor 卸载成功
[2025-10-02 16:01:16,020.020] INFO     [MainThread|MainProcess] ncatbot.plugin_system (ncatbot_plugin.py:on_close:19) | 插件 What2Eat 卸载成功
[2025-10-02 16:01:16,037.037] INFO     [MainThread|MainProcess] Client (client.py:bot_exit:202) | Bot 已经正常退出
[2025-10-02 16:01:25,870.870] DEBUG    [MainThread|MainProcess] logger (logger.py:setup_logging:259) | 日志系统初始化
[2025-10-02 16:01:25,872.872] DEBUG    [MainThread|MainProcess] Config (config.py:load:353) | 从 D:\my_project\QQBot\config.yaml 加载配置
[2025-10-02 16:01:25,873.873] WARNING  [MainThread|MainProcess] Config (config.py:create_from_file:304) | [setting] 未知配置项: bot_id
[2025-10-02 16:01:25,873.873] WARNING  [MainThread|MainProcess] Config (config.py:create_from_file:304) | [setting] 未知配置项: root_id
[2025-10-02 16:01:25,873.873] WARNING  [MainThread|MainProcess] Config (config.py:create_from_file:304) | [setting] 未知配置项: bot_name
[2025-10-02 16:01:25,873.873] WARNING  [MainThread|MainProcess] Config (config.py:create_from_file:304) | [setting] 未知配置项: host
[2025-10-02 16:01:25,873.873] WARNING  [MainThread|MainProcess] Config (config.py:create_from_file:304) | [setting] 未知配置项: user
[2025-10-02 16:01:25,873.873] WARNING  [MainThread|MainProcess] Config (config.py:create_from_file:304) | [setting] 未知配置项: password
[2025-10-02 16:01:25,873.873] WARNING  [MainThread|MainProcess] Config (config.py:create_from_file:304) | [setting] 未知配置项: database
[2025-10-02 16:01:25,873.873] WARNING  [MainThread|MainProcess] Config (config.py:create_from_file:304) | [setting] 未知配置项: gaode_map_key
[2025-10-02 16:01:25,873.873] WARNING  [MainThread|MainProcess] Config (config.py:create_from_file:304) | [setting] 未知配置项: crawl_interval
[2025-10-02 16:01:25,931.931] INFO     [MainThread|MainProcess] Config (config.py:validate_config:339) | [BOTQQ]: 3909177943 | [WSURI]: ws://localhost:3001 | [WS_TOKEN]: NcatBot | [ROOT]: 1633360356 | [WEBUI]: http://localhost:6099 | [WEBUI_TOKEN]: 123NcatBot321!@
[2025-10-02 16:01:25,977.977] INFO     [Thread-4 (runner)|MainProcess] PluginLoader (loader.py:load_builtin_plugins:251) | 已加载内置插件数 [2]
[2025-10-02 16:01:25,977.977] INFO     [Thread-4 (runner)|MainProcess] PluginLoader (loader.py:load_plugins:265) | 从 D:\my_project\QQBot\plugins 导入插件
[2025-10-02 16:01:25,982.982] INFO     [Thread-4 (runner)|MainProcess] PackageHelper (packhelper.py:ensure:32) | 依赖已满足: PyMySQL
[2025-10-02 16:01:25,983.983] INFO     [Thread-4 (runner)|MainProcess] PackageHelper (packhelper.py:ensure:32) | 依赖已满足: pyyaml
[2025-10-02 16:01:25,984.984] INFO     [Thread-4 (runner)|MainProcess] PackageHelper (packhelper.py:ensure:32) | 依赖已满足: requests
[2025-10-02 16:01:26,065.065] INFO     [Thread-4 (runner)|MainProcess] PackageHelper (packhelper.py:ensure:32) | 依赖已满足: PyMySQL
[2025-10-02 16:01:26,257.257] INFO     [Thread-4 (runner)|MainProcess] PackageHelper (packhelper.py:ensure:32) | 依赖已满足: requests
[2025-10-02 16:01:26,258.258] INFO     [Thread-4 (runner)|MainProcess] PackageHelper (packhelper.py:ensure:32) | 依赖已满足: bs4
[2025-10-02 16:01:26,258.258] INFO     [Thread-4 (runner)|MainProcess] PackageHelper (packhelper.py:ensure:32) | 依赖已满足: zhconv
[2025-10-02 16:01:26,259.259] INFO     [Thread-4 (runner)|MainProcess] PackageHelper (packhelper.py:ensure:32) | 依赖已满足: pandas
[2025-10-02 16:01:26,260.260] INFO     [Thread-4 (runner)|MainProcess] PackageHelper (packhelper.py:ensure:32) | 依赖已满足: cryptography
[2025-10-02 16:01:26,264.264] INFO     [Thread-4 (runner)|MainProcess] PackageHelper (packhelper.py:ensure:32) | 依赖已满足: torch
[2025-10-02 16:01:26,266.266] INFO     [Thread-4 (runner)|MainProcess] PackageHelper (packhelper.py:ensure:32) | 依赖已满足: numpy
[2025-10-02 16:01:26,267.267] INFO     [Thread-4 (runner)|MainProcess] PackageHelper (packhelper.py:ensure:32) | 依赖已满足: pyyaml
[2025-10-02 16:01:27,281.281] INFO     [Thread-4 (runner)|MainProcess] PluginLoader (loader.py:_import_single:89) | 成功导入插件文件: __init__
[2025-10-02 16:01:27,281.281] INFO     [Thread-4 (runner)|MainProcess] PluginLoader (loader.py:from_class_load_plugins:217) | 加载插件「CS2CaseSimulator」
[2025-10-02 16:01:27,282.282] INFO     [Thread-4 (runner)|MainProcess] PluginLoader (loader.py:from_class_load_plugins:217) | 加载插件「DailyLuck」
[2025-10-02 16:01:27,282.282] INFO     [Thread-4 (runner)|MainProcess] PluginLoader (loader.py:from_class_load_plugins:217) | 加载插件「DailyMusic」
[2025-10-02 16:01:27,282.282] INFO     [Thread-4 (runner)|MainProcess] PluginLoader (loader.py:from_class_load_plugins:217) | 加载插件「DailyWife」
[2025-10-02 16:01:27,283.283] INFO     [Thread-4 (runner)|MainProcess] PluginLoader (loader.py:from_class_load_plugins:217) | 加载插件「GoBang」
[2025-10-02 16:01:27,283.283] INFO     [Thread-4 (runner)|MainProcess] PluginLoader (loader.py:from_class_load_plugins:217) | 加载插件「HistoryDay」
[2025-10-02 16:01:27,283.283] INFO     [Thread-4 (runner)|MainProcess] PluginLoader (loader.py:from_class_load_plugins:217) | 加载插件「Menu」
[2025-10-02 16:01:27,284.284] INFO     [Thread-4 (runner)|MainProcess] PluginLoader (loader.py:from_class_load_plugins:217) | 加载插件「Poem」
[2025-10-02 16:01:27,284.284] INFO     [Thread-4 (runner)|MainProcess] PluginLoader (loader.py:from_class_load_plugins:217) | 加载插件「UUCrawl」
[2025-10-02 16:01:27,284.284] INFO     [Thread-4 (runner)|MainProcess] PluginLoader (loader.py:from_class_load_plugins:217) | 加载插件「UUCrawlMonitor」
[2025-10-02 16:01:27,285.285] INFO     [Thread-4 (runner)|MainProcess] PluginLoader (loader.py:from_class_load_plugins:217) | 加载插件「What2Eat」
[2025-10-02 16:01:27,301.301] INFO     [Thread-4 (runner)|MainProcess] PluginLoader (loader.py:load_plugins:277) | 已加载插件数 [13]
[2025-10-02 16:01:27,302.302] INFO     [MainThread|MainProcess] ncatbot.core.adapter.nc.launch (launch.py:lanuch_napcat_service:104) | 正在以本地模式运行, 检查中...
[2025-10-02 16:01:27,314.314] INFO     [MainThread|MainProcess] ncatbot.core.adapter.nc.launch (launch.py:check_napcat_service_remote:70) | napcat 服务器 ws://localhost:3001 在线, 正在检查账号状态...
[2025-10-02 16:01:27,314.314] WARNING  [MainThread|MainProcess] ncatbot.core.adapter.nc.launch (launch.py:check_napcat_service_remote:72) | 跳过基于 WebUI 交互的检查, 请自行确保 NapCat 已经登录了正确的 QQ 3909177943
[2025-10-02 16:01:27,316.316] INFO     [MainThread|MainProcess] Adapter (adapter.py:connect_websocket:92) | NapCat WebSocket 连接成功
[2025-10-02 16:01:27,316.316] INFO     [Thread-1 (_worker_loop)|MainProcess] Client (client.py:<lambda>:79) | Bot 3909177943 启动成功
[2025-10-02 16:02:31,720.720] ERROR    [Thread-68 (runner)|MainProcess] FunctionMixin (func_mixin.py:wrapped_handler:186) | 插件 UUCrawlMonitor 功能 UUCrawlMonitorAdd 执行失败: list index out of range
Traceback (most recent call last):
  File "D:\my_project\QQBot\.venv\Lib\site-packages\ncatbot\plugin_system\builtin_mixin\func_mixin.py", line 181, in wrapped_handler
    return await current_handler(data)
           ^^^^^^^^^^^^^^^^^^^^^^^^^^^
  File "D:\my_project\QQBot\plugins\UUCrawlMonitor\main.py", line 88, in add_monitor
    qq_numbers = ",".join(res[0]["qq_numbers"].split(',').append(qq_number))
                          ~~~^^^
IndexError: list index out of range
[2025-10-02 16:04:31,971.971] INFO     [MainThread|MainProcess] ncatbot.plugin_system (ncatbot_plugin.py:on_close:19) | 插件 SystemManager 卸载成功
[2025-10-02 16:04:31,972.972] INFO     [MainThread|MainProcess] ncatbot.plugin_system (ncatbot_plugin.py:on_close:19) | 插件 UnifiedRegistryPlugin 卸载成功
[2025-10-02 16:04:31,972.972] INFO     [MainThread|MainProcess] ncatbot.plugin_system (ncatbot_plugin.py:on_close:19) | 插件 CS2CaseSimulator 卸载成功
[2025-10-02 16:04:31,972.972] INFO     [MainThread|MainProcess] ncatbot.plugin_system (ncatbot_plugin.py:on_close:19) | 插件 DailyLuck 卸载成功
[2025-10-02 16:04:31,973.973] INFO     [MainThread|MainProcess] ncatbot.plugin_system (ncatbot_plugin.py:on_close:19) | 插件 DailyMusic 卸载成功
[2025-10-02 16:04:31,973.973] INFO     [MainThread|MainProcess] ncatbot.plugin_system (ncatbot_plugin.py:on_close:19) | 插件 DailyWife 卸载成功
[2025-10-02 16:04:31,973.973] INFO     [MainThread|MainProcess] ncatbot.plugin_system (ncatbot_plugin.py:on_close:19) | 插件 GoBang 卸载成功
[2025-10-02 16:04:31,973.973] INFO     [MainThread|MainProcess] ncatbot.plugin_system (ncatbot_plugin.py:on_close:19) | 插件 HistoryDay 卸载成功
[2025-10-02 16:04:31,973.973] INFO     [MainThread|MainProcess] ncatbot.plugin_system (ncatbot_plugin.py:on_close:19) | 插件 Menu 卸载成功
[2025-10-02 16:04:31,973.973] INFO     [MainThread|MainProcess] ncatbot.plugin_system (ncatbot_plugin.py:on_close:19) | 插件 Poem 卸载成功
[2025-10-02 16:04:31,973.973] INFO     [MainThread|MainProcess] ncatbot.plugin_system (ncatbot_plugin.py:on_close:19) | 插件 UUCrawl 卸载成功
[2025-10-02 16:04:31,974.974] INFO     [MainThread|MainProcess] ncatbot.plugin_system (ncatbot_plugin.py:on_close:19) | 插件 UUCrawlMonitor 卸载成功
[2025-10-02 16:04:31,974.974] INFO     [MainThread|MainProcess] ncatbot.plugin_system (ncatbot_plugin.py:on_close:19) | 插件 What2Eat 卸载成功
[2025-10-02 16:04:31,995.995] INFO     [MainThread|MainProcess] Client (client.py:bot_exit:202) | Bot 已经正常退出
[2025-10-02 16:04:39,761.761] DEBUG    [MainThread|MainProcess] logger (logger.py:setup_logging:259) | 日志系统初始化
[2025-10-02 16:04:39,763.763] DEBUG    [MainThread|MainProcess] Config (config.py:load:353) | 从 D:\my_project\QQBot\config.yaml 加载配置
[2025-10-02 16:04:39,764.764] WARNING  [MainThread|MainProcess] Config (config.py:create_from_file:304) | [setting] 未知配置项: bot_id
[2025-10-02 16:04:39,764.764] WARNING  [MainThread|MainProcess] Config (config.py:create_from_file:304) | [setting] 未知配置项: root_id
[2025-10-02 16:04:39,764.764] WARNING  [MainThread|MainProcess] Config (config.py:create_from_file:304) | [setting] 未知配置项: bot_name
[2025-10-02 16:04:39,764.764] WARNING  [MainThread|MainProcess] Config (config.py:create_from_file:304) | [setting] 未知配置项: host
[2025-10-02 16:04:39,764.764] WARNING  [MainThread|MainProcess] Config (config.py:create_from_file:304) | [setting] 未知配置项: user
[2025-10-02 16:04:39,764.764] WARNING  [MainThread|MainProcess] Config (config.py:create_from_file:304) | [setting] 未知配置项: password
[2025-10-02 16:04:39,764.764] WARNING  [MainThread|MainProcess] Config (config.py:create_from_file:304) | [setting] 未知配置项: database
[2025-10-02 16:04:39,764.764] WARNING  [MainThread|MainProcess] Config (config.py:create_from_file:304) | [setting] 未知配置项: gaode_map_key
[2025-10-02 16:04:39,764.764] WARNING  [MainThread|MainProcess] Config (config.py:create_from_file:304) | [setting] 未知配置项: crawl_interval
[2025-10-02 16:04:39,826.826] INFO     [MainThread|MainProcess] Config (config.py:validate_config:339) | [BOTQQ]: 3909177943 | [WSURI]: ws://localhost:3001 | [WS_TOKEN]: NcatBot | [ROOT]: 1633360356 | [WEBUI]: http://localhost:6099 | [WEBUI_TOKEN]: 123NcatBot321!@
[2025-10-02 16:04:39,873.873] INFO     [Thread-4 (runner)|MainProcess] PluginLoader (loader.py:load_builtin_plugins:251) | 已加载内置插件数 [2]
[2025-10-02 16:04:39,873.873] INFO     [Thread-4 (runner)|MainProcess] PluginLoader (loader.py:load_plugins:265) | 从 D:\my_project\QQBot\plugins 导入插件
[2025-10-02 16:04:39,878.878] INFO     [Thread-4 (runner)|MainProcess] PackageHelper (packhelper.py:ensure:32) | 依赖已满足: PyMySQL
[2025-10-02 16:04:39,879.879] INFO     [Thread-4 (runner)|MainProcess] PackageHelper (packhelper.py:ensure:32) | 依赖已满足: pyyaml
[2025-10-02 16:04:39,880.880] INFO     [Thread-4 (runner)|MainProcess] PackageHelper (packhelper.py:ensure:32) | 依赖已满足: requests
[2025-10-02 16:04:39,966.966] INFO     [Thread-4 (runner)|MainProcess] PackageHelper (packhelper.py:ensure:32) | 依赖已满足: PyMySQL
[2025-10-02 16:04:40,156.156] INFO     [Thread-4 (runner)|MainProcess] PackageHelper (packhelper.py:ensure:32) | 依赖已满足: requests
[2025-10-02 16:04:40,156.156] INFO     [Thread-4 (runner)|MainProcess] PackageHelper (packhelper.py:ensure:32) | 依赖已满足: bs4
[2025-10-02 16:04:40,157.157] INFO     [Thread-4 (runner)|MainProcess] PackageHelper (packhelper.py:ensure:32) | 依赖已满足: zhconv
[2025-10-02 16:04:40,158.158] INFO     [Thread-4 (runner)|MainProcess] PackageHelper (packhelper.py:ensure:32) | 依赖已满足: pandas
[2025-10-02 16:04:40,158.158] INFO     [Thread-4 (runner)|MainProcess] PackageHelper (packhelper.py:ensure:32) | 依赖已满足: cryptography
[2025-10-02 16:04:40,163.163] INFO     [Thread-4 (runner)|MainProcess] PackageHelper (packhelper.py:ensure:32) | 依赖已满足: torch
[2025-10-02 16:04:40,165.165] INFO     [Thread-4 (runner)|MainProcess] PackageHelper (packhelper.py:ensure:32) | 依赖已满足: numpy
[2025-10-02 16:04:40,165.165] INFO     [Thread-4 (runner)|MainProcess] PackageHelper (packhelper.py:ensure:32) | 依赖已满足: pyyaml
[2025-10-02 16:04:41,238.238] INFO     [Thread-4 (runner)|MainProcess] PluginLoader (loader.py:_import_single:89) | 成功导入插件文件: __init__
[2025-10-02 16:04:41,239.239] INFO     [Thread-4 (runner)|MainProcess] PluginLoader (loader.py:from_class_load_plugins:217) | 加载插件「CS2CaseSimulator」
[2025-10-02 16:04:41,239.239] INFO     [Thread-4 (runner)|MainProcess] PluginLoader (loader.py:from_class_load_plugins:217) | 加载插件「DailyLuck」
[2025-10-02 16:04:41,240.240] INFO     [Thread-4 (runner)|MainProcess] PluginLoader (loader.py:from_class_load_plugins:217) | 加载插件「DailyMusic」
[2025-10-02 16:04:41,240.240] INFO     [Thread-4 (runner)|MainProcess] PluginLoader (loader.py:from_class_load_plugins:217) | 加载插件「DailyWife」
[2025-10-02 16:04:41,240.240] INFO     [Thread-4 (runner)|MainProcess] PluginLoader (loader.py:from_class_load_plugins:217) | 加载插件「GoBang」
[2025-10-02 16:04:41,241.241] INFO     [Thread-4 (runner)|MainProcess] PluginLoader (loader.py:from_class_load_plugins:217) | 加载插件「HistoryDay」
[2025-10-02 16:04:41,241.241] INFO     [Thread-4 (runner)|MainProcess] PluginLoader (loader.py:from_class_load_plugins:217) | 加载插件「Menu」
[2025-10-02 16:04:41,242.242] INFO     [Thread-4 (runner)|MainProcess] PluginLoader (loader.py:from_class_load_plugins:217) | 加载插件「Poem」
[2025-10-02 16:04:41,242.242] INFO     [Thread-4 (runner)|MainProcess] PluginLoader (loader.py:from_class_load_plugins:217) | 加载插件「UUCrawl」
[2025-10-02 16:04:41,243.243] INFO     [Thread-4 (runner)|MainProcess] PluginLoader (loader.py:from_class_load_plugins:217) | 加载插件「UUCrawlMonitor」
[2025-10-02 16:04:41,243.243] INFO     [Thread-4 (runner)|MainProcess] PluginLoader (loader.py:from_class_load_plugins:217) | 加载插件「What2Eat」
[2025-10-02 16:04:41,259.259] INFO     [Thread-4 (runner)|MainProcess] PluginLoader (loader.py:load_plugins:277) | 已加载插件数 [13]
[2025-10-02 16:04:41,261.261] INFO     [MainThread|MainProcess] ncatbot.core.adapter.nc.launch (launch.py:lanuch_napcat_service:104) | 正在以本地模式运行, 检查中...
[2025-10-02 16:04:41,274.274] INFO     [MainThread|MainProcess] ncatbot.core.adapter.nc.launch (launch.py:check_napcat_service_remote:70) | napcat 服务器 ws://localhost:3001 在线, 正在检查账号状态...
[2025-10-02 16:04:41,274.274] WARNING  [MainThread|MainProcess] ncatbot.core.adapter.nc.launch (launch.py:check_napcat_service_remote:72) | 跳过基于 WebUI 交互的检查, 请自行确保 NapCat 已经登录了正确的 QQ 3909177943
[2025-10-02 16:04:41,275.275] INFO     [MainThread|MainProcess] Adapter (adapter.py:connect_websocket:92) | NapCat WebSocket 连接成功
[2025-10-02 16:04:41,276.276] INFO     [Thread-1 (_worker_loop)|MainProcess] Client (client.py:<lambda>:79) | Bot 3909177943 启动成功
[2025-10-02 16:06:43,079.079] INFO     [MainThread|MainProcess] ncatbot.plugin_system (ncatbot_plugin.py:on_close:19) | 插件 SystemManager 卸载成功
[2025-10-02 16:06:43,079.079] INFO     [MainThread|MainProcess] ncatbot.plugin_system (ncatbot_plugin.py:on_close:19) | 插件 UnifiedRegistryPlugin 卸载成功
[2025-10-02 16:06:43,079.079] INFO     [MainThread|MainProcess] ncatbot.plugin_system (ncatbot_plugin.py:on_close:19) | 插件 CS2CaseSimulator 卸载成功
[2025-10-02 16:06:43,080.080] INFO     [MainThread|MainProcess] ncatbot.plugin_system (ncatbot_plugin.py:on_close:19) | 插件 DailyLuck 卸载成功
[2025-10-02 16:06:43,080.080] INFO     [MainThread|MainProcess] ncatbot.plugin_system (ncatbot_plugin.py:on_close:19) | 插件 DailyMusic 卸载成功
[2025-10-02 16:06:43,080.080] INFO     [MainThread|MainProcess] ncatbot.plugin_system (ncatbot_plugin.py:on_close:19) | 插件 DailyWife 卸载成功
[2025-10-02 16:06:43,080.080] INFO     [MainThread|MainProcess] ncatbot.plugin_system (ncatbot_plugin.py:on_close:19) | 插件 GoBang 卸载成功
[2025-10-02 16:06:43,080.080] INFO     [MainThread|MainProcess] ncatbot.plugin_system (ncatbot_plugin.py:on_close:19) | 插件 HistoryDay 卸载成功
[2025-10-02 16:06:43,081.081] INFO     [MainThread|MainProcess] ncatbot.plugin_system (ncatbot_plugin.py:on_close:19) | 插件 Menu 卸载成功
[2025-10-02 16:06:43,081.081] INFO     [MainThread|MainProcess] ncatbot.plugin_system (ncatbot_plugin.py:on_close:19) | 插件 Poem 卸载成功
[2025-10-02 16:06:43,081.081] INFO     [MainThread|MainProcess] ncatbot.plugin_system (ncatbot_plugin.py:on_close:19) | 插件 UUCrawl 卸载成功
[2025-10-02 16:06:43,081.081] INFO     [MainThread|MainProcess] ncatbot.plugin_system (ncatbot_plugin.py:on_close:19) | 插件 UUCrawlMonitor 卸载成功
[2025-10-02 16:06:43,081.081] INFO     [MainThread|MainProcess] ncatbot.plugin_system (ncatbot_plugin.py:on_close:19) | 插件 What2Eat 卸载成功
[2025-10-02 16:06:43,096.096] INFO     [MainThread|MainProcess] Client (client.py:bot_exit:202) | Bot 已经正常退出
[2025-10-02 16:07:07,648.648] DEBUG    [MainThread|MainProcess] logger (logger.py:setup_logging:259) | 日志系统初始化
[2025-10-02 16:07:07,649.649] DEBUG    [MainThread|MainProcess] Config (config.py:load:353) | 从 D:\my_project\QQBot\config.yaml 加载配置
[2025-10-02 16:07:07,650.650] WARNING  [MainThread|MainProcess] Config (config.py:create_from_file:304) | [setting] 未知配置项: bot_id
[2025-10-02 16:07:07,651.651] WARNING  [MainThread|MainProcess] Config (config.py:create_from_file:304) | [setting] 未知配置项: root_id
[2025-10-02 16:07:07,651.651] WARNING  [MainThread|MainProcess] Config (config.py:create_from_file:304) | [setting] 未知配置项: bot_name
[2025-10-02 16:07:07,651.651] WARNING  [MainThread|MainProcess] Config (config.py:create_from_file:304) | [setting] 未知配置项: host
[2025-10-02 16:07:07,651.651] WARNING  [MainThread|MainProcess] Config (config.py:create_from_file:304) | [setting] 未知配置项: user
[2025-10-02 16:07:07,651.651] WARNING  [MainThread|MainProcess] Config (config.py:create_from_file:304) | [setting] 未知配置项: password
[2025-10-02 16:07:07,651.651] WARNING  [MainThread|MainProcess] Config (config.py:create_from_file:304) | [setting] 未知配置项: database
[2025-10-02 16:07:07,651.651] WARNING  [MainThread|MainProcess] Config (config.py:create_from_file:304) | [setting] 未知配置项: gaode_map_key
[2025-10-02 16:07:07,651.651] WARNING  [MainThread|MainProcess] Config (config.py:create_from_file:304) | [setting] 未知配置项: crawl_interval
[2025-10-02 16:07:07,714.714] INFO     [MainThread|MainProcess] Config (config.py:validate_config:339) | [BOTQQ]: 3909177943 | [WSURI]: ws://localhost:3001 | [WS_TOKEN]: NcatBot | [ROOT]: 1633360356 | [WEBUI]: http://localhost:6099 | [WEBUI_TOKEN]: 123NcatBot321!@
[2025-10-02 16:07:07,760.760] INFO     [Thread-4 (runner)|MainProcess] PluginLoader (loader.py:load_builtin_plugins:251) | 已加载内置插件数 [2]
[2025-10-02 16:07:07,761.761] INFO     [Thread-4 (runner)|MainProcess] PluginLoader (loader.py:load_plugins:265) | 从 D:\my_project\QQBot\plugins 导入插件
[2025-10-02 16:07:07,766.766] INFO     [Thread-4 (runner)|MainProcess] PackageHelper (packhelper.py:ensure:32) | 依赖已满足: PyMySQL
[2025-10-02 16:07:07,766.766] INFO     [Thread-4 (runner)|MainProcess] PackageHelper (packhelper.py:ensure:32) | 依赖已满足: pyyaml
[2025-10-02 16:07:07,767.767] INFO     [Thread-4 (runner)|MainProcess] PackageHelper (packhelper.py:ensure:32) | 依赖已满足: requests
[2025-10-02 16:07:07,853.853] INFO     [Thread-4 (runner)|MainProcess] PackageHelper (packhelper.py:ensure:32) | 依赖已满足: PyMySQL
[2025-10-02 16:07:08,040.040] INFO     [Thread-4 (runner)|MainProcess] PackageHelper (packhelper.py:ensure:32) | 依赖已满足: requests
[2025-10-02 16:07:08,040.040] INFO     [Thread-4 (runner)|MainProcess] PackageHelper (packhelper.py:ensure:32) | 依赖已满足: bs4
[2025-10-02 16:07:08,041.041] INFO     [Thread-4 (runner)|MainProcess] PackageHelper (packhelper.py:ensure:32) | 依赖已满足: zhconv
[2025-10-02 16:07:08,042.042] INFO     [Thread-4 (runner)|MainProcess] PackageHelper (packhelper.py:ensure:32) | 依赖已满足: pandas
[2025-10-02 16:07:08,042.042] INFO     [Thread-4 (runner)|MainProcess] PackageHelper (packhelper.py:ensure:32) | 依赖已满足: cryptography
[2025-10-02 16:07:08,047.047] INFO     [Thread-4 (runner)|MainProcess] PackageHelper (packhelper.py:ensure:32) | 依赖已满足: torch
[2025-10-02 16:07:08,049.049] INFO     [Thread-4 (runner)|MainProcess] PackageHelper (packhelper.py:ensure:32) | 依赖已满足: numpy
[2025-10-02 16:07:08,049.049] INFO     [Thread-4 (runner)|MainProcess] PackageHelper (packhelper.py:ensure:32) | 依赖已满足: pyyaml
[2025-10-02 16:07:09,084.084] INFO     [Thread-4 (runner)|MainProcess] PluginLoader (loader.py:_import_single:89) | 成功导入插件文件: __init__
[2025-10-02 16:07:09,084.084] INFO     [Thread-4 (runner)|MainProcess] PluginLoader (loader.py:from_class_load_plugins:217) | 加载插件「CS2CaseSimulator」
[2025-10-02 16:07:09,085.085] INFO     [Thread-4 (runner)|MainProcess] PluginLoader (loader.py:from_class_load_plugins:217) | 加载插件「DailyLuck」
[2025-10-02 16:07:09,085.085] INFO     [Thread-4 (runner)|MainProcess] PluginLoader (loader.py:from_class_load_plugins:217) | 加载插件「DailyMusic」
[2025-10-02 16:07:09,085.085] INFO     [Thread-4 (runner)|MainProcess] PluginLoader (loader.py:from_class_load_plugins:217) | 加载插件「DailyWife」
[2025-10-02 16:07:09,086.086] INFO     [Thread-4 (runner)|MainProcess] PluginLoader (loader.py:from_class_load_plugins:217) | 加载插件「GoBang」
[2025-10-02 16:07:09,086.086] INFO     [Thread-4 (runner)|MainProcess] PluginLoader (loader.py:from_class_load_plugins:217) | 加载插件「HistoryDay」
[2025-10-02 16:07:09,086.086] INFO     [Thread-4 (runner)|MainProcess] PluginLoader (loader.py:from_class_load_plugins:217) | 加载插件「Menu」
[2025-10-02 16:07:09,087.087] INFO     [Thread-4 (runner)|MainProcess] PluginLoader (loader.py:from_class_load_plugins:217) | 加载插件「Poem」
[2025-10-02 16:07:09,087.087] INFO     [Thread-4 (runner)|MainProcess] PluginLoader (loader.py:from_class_load_plugins:217) | 加载插件「UUCrawl」
[2025-10-02 16:07:09,087.087] INFO     [Thread-4 (runner)|MainProcess] PluginLoader (loader.py:from_class_load_plugins:217) | 加载插件「UUCrawlMonitor」
[2025-10-02 16:07:09,088.088] INFO     [Thread-4 (runner)|MainProcess] PluginLoader (loader.py:from_class_load_plugins:217) | 加载插件「What2Eat」
[2025-10-02 16:07:09,104.104] INFO     [Thread-4 (runner)|MainProcess] PluginLoader (loader.py:load_plugins:277) | 已加载插件数 [13]
[2025-10-02 16:07:09,105.105] INFO     [MainThread|MainProcess] ncatbot.core.adapter.nc.launch (launch.py:lanuch_napcat_service:104) | 正在以本地模式运行, 检查中...
[2025-10-02 16:07:09,120.120] INFO     [MainThread|MainProcess] ncatbot.core.adapter.nc.launch (launch.py:check_napcat_service_remote:70) | napcat 服务器 ws://localhost:3001 在线, 正在检查账号状态...
[2025-10-02 16:07:09,120.120] WARNING  [MainThread|MainProcess] ncatbot.core.adapter.nc.launch (launch.py:check_napcat_service_remote:72) | 跳过基于 WebUI 交互的检查, 请自行确保 NapCat 已经登录了正确的 QQ 3909177943
[2025-10-02 16:07:09,123.123] INFO     [MainThread|MainProcess] Adapter (adapter.py:connect_websocket:92) | NapCat WebSocket 连接成功
[2025-10-02 16:07:09,123.123] INFO     [Thread-1 (_worker_loop)|MainProcess] Client (client.py:<lambda>:79) | Bot 3909177943 启动成功
[2025-10-02 16:08:23,927.927] INFO     [MainThread|MainProcess] ncatbot.plugin_system (ncatbot_plugin.py:on_close:19) | 插件 SystemManager 卸载成功
[2025-10-02 16:08:23,928.928] INFO     [MainThread|MainProcess] ncatbot.plugin_system (ncatbot_plugin.py:on_close:19) | 插件 UnifiedRegistryPlugin 卸载成功
[2025-10-02 16:08:23,928.928] INFO     [MainThread|MainProcess] ncatbot.plugin_system (ncatbot_plugin.py:on_close:19) | 插件 CS2CaseSimulator 卸载成功
[2025-10-02 16:08:23,928.928] INFO     [MainThread|MainProcess] ncatbot.plugin_system (ncatbot_plugin.py:on_close:19) | 插件 DailyLuck 卸载成功
[2025-10-02 16:08:23,928.928] INFO     [MainThread|MainProcess] ncatbot.plugin_system (ncatbot_plugin.py:on_close:19) | 插件 DailyMusic 卸载成功
[2025-10-02 16:08:23,928.928] INFO     [MainThread|MainProcess] ncatbot.plugin_system (ncatbot_plugin.py:on_close:19) | 插件 DailyWife 卸载成功
[2025-10-02 16:08:23,929.929] INFO     [MainThread|MainProcess] ncatbot.plugin_system (ncatbot_plugin.py:on_close:19) | 插件 GoBang 卸载成功
[2025-10-02 16:08:23,929.929] INFO     [MainThread|MainProcess] ncatbot.plugin_system (ncatbot_plugin.py:on_close:19) | 插件 HistoryDay 卸载成功
[2025-10-02 16:08:23,929.929] INFO     [MainThread|MainProcess] ncatbot.plugin_system (ncatbot_plugin.py:on_close:19) | 插件 Menu 卸载成功
[2025-10-02 16:08:23,929.929] INFO     [MainThread|MainProcess] ncatbot.plugin_system (ncatbot_plugin.py:on_close:19) | 插件 Poem 卸载成功
[2025-10-02 16:08:23,929.929] INFO     [MainThread|MainProcess] ncatbot.plugin_system (ncatbot_plugin.py:on_close:19) | 插件 UUCrawl 卸载成功
[2025-10-02 16:08:23,929.929] INFO     [MainThread|MainProcess] ncatbot.plugin_system (ncatbot_plugin.py:on_close:19) | 插件 UUCrawlMonitor 卸载成功
[2025-10-02 16:08:23,930.930] INFO     [MainThread|MainProcess] ncatbot.plugin_system (ncatbot_plugin.py:on_close:19) | 插件 What2Eat 卸载成功
[2025-10-02 16:08:23,953.953] INFO     [MainThread|MainProcess] Client (client.py:bot_exit:202) | Bot 已经正常退出
[2025-10-02 16:08:26,768.768] DEBUG    [MainThread|MainProcess] logger (logger.py:setup_logging:259) | 日志系统初始化
[2025-10-02 16:08:26,769.769] DEBUG    [MainThread|MainProcess] Config (config.py:load:353) | 从 D:\my_project\QQBot\config.yaml 加载配置
[2025-10-02 16:08:26,770.770] WARNING  [MainThread|MainProcess] Config (config.py:create_from_file:304) | [setting] 未知配置项: bot_id
[2025-10-02 16:08:26,771.771] WARNING  [MainThread|MainProcess] Config (config.py:create_from_file:304) | [setting] 未知配置项: root_id
[2025-10-02 16:08:26,771.771] WARNING  [MainThread|MainProcess] Config (config.py:create_from_file:304) | [setting] 未知配置项: bot_name
[2025-10-02 16:08:26,771.771] WARNING  [MainThread|MainProcess] Config (config.py:create_from_file:304) | [setting] 未知配置项: host
[2025-10-02 16:08:26,771.771] WARNING  [MainThread|MainProcess] Config (config.py:create_from_file:304) | [setting] 未知配置项: user
[2025-10-02 16:08:26,771.771] WARNING  [MainThread|MainProcess] Config (config.py:create_from_file:304) | [setting] 未知配置项: password
[2025-10-02 16:08:26,771.771] WARNING  [MainThread|MainProcess] Config (config.py:create_from_file:304) | [setting] 未知配置项: database
[2025-10-02 16:08:26,771.771] WARNING  [MainThread|MainProcess] Config (config.py:create_from_file:304) | [setting] 未知配置项: gaode_map_key
[2025-10-02 16:08:26,771.771] WARNING  [MainThread|MainProcess] Config (config.py:create_from_file:304) | [setting] 未知配置项: crawl_interval
[2025-10-02 16:08:26,829.829] INFO     [MainThread|MainProcess] Config (config.py:validate_config:339) | [BOTQQ]: 3909177943 | [WSURI]: ws://localhost:3001 | [WS_TOKEN]: NcatBot | [ROOT]: 1633360356 | [WEBUI]: http://localhost:6099 | [WEBUI_TOKEN]: 123NcatBot321!@
[2025-10-02 16:08:26,877.877] INFO     [Thread-4 (runner)|MainProcess] PluginLoader (loader.py:load_builtin_plugins:251) | 已加载内置插件数 [2]
[2025-10-02 16:08:26,877.877] INFO     [Thread-4 (runner)|MainProcess] PluginLoader (loader.py:load_plugins:265) | 从 D:\my_project\QQBot\plugins 导入插件
[2025-10-02 16:08:26,882.882] INFO     [Thread-4 (runner)|MainProcess] PackageHelper (packhelper.py:ensure:32) | 依赖已满足: PyMySQL
[2025-10-02 16:08:26,883.883] INFO     [Thread-4 (runner)|MainProcess] PackageHelper (packhelper.py:ensure:32) | 依赖已满足: pyyaml
[2025-10-02 16:08:26,883.883] INFO     [Thread-4 (runner)|MainProcess] PackageHelper (packhelper.py:ensure:32) | 依赖已满足: requests
[2025-10-02 16:08:26,966.966] INFO     [Thread-4 (runner)|MainProcess] PackageHelper (packhelper.py:ensure:32) | 依赖已满足: PyMySQL
[2025-10-02 16:08:27,151.151] INFO     [Thread-4 (runner)|MainProcess] PackageHelper (packhelper.py:ensure:32) | 依赖已满足: requests
[2025-10-02 16:08:27,151.151] INFO     [Thread-4 (runner)|MainProcess] PackageHelper (packhelper.py:ensure:32) | 依赖已满足: bs4
[2025-10-02 16:08:27,152.152] INFO     [Thread-4 (runner)|MainProcess] PackageHelper (packhelper.py:ensure:32) | 依赖已满足: zhconv
[2025-10-02 16:08:27,153.153] INFO     [Thread-4 (runner)|MainProcess] PackageHelper (packhelper.py:ensure:32) | 依赖已满足: pandas
[2025-10-02 16:08:27,153.153] INFO     [Thread-4 (runner)|MainProcess] PackageHelper (packhelper.py:ensure:32) | 依赖已满足: cryptography
[2025-10-02 16:08:27,158.158] INFO     [Thread-4 (runner)|MainProcess] PackageHelper (packhelper.py:ensure:32) | 依赖已满足: torch
[2025-10-02 16:08:27,160.160] INFO     [Thread-4 (runner)|MainProcess] PackageHelper (packhelper.py:ensure:32) | 依赖已满足: numpy
[2025-10-02 16:08:27,161.161] INFO     [Thread-4 (runner)|MainProcess] PackageHelper (packhelper.py:ensure:32) | 依赖已满足: pyyaml
[2025-10-02 16:08:28,212.212] INFO     [Thread-4 (runner)|MainProcess] PluginLoader (loader.py:_import_single:89) | 成功导入插件文件: __init__
[2025-10-02 16:08:28,212.212] INFO     [Thread-4 (runner)|MainProcess] PluginLoader (loader.py:from_class_load_plugins:217) | 加载插件「CS2CaseSimulator」
[2025-10-02 16:08:28,213.213] INFO     [Thread-4 (runner)|MainProcess] PluginLoader (loader.py:from_class_load_plugins:217) | 加载插件「DailyLuck」
[2025-10-02 16:08:28,213.213] INFO     [Thread-4 (runner)|MainProcess] PluginLoader (loader.py:from_class_load_plugins:217) | 加载插件「DailyMusic」
[2025-10-02 16:08:28,214.214] INFO     [Thread-4 (runner)|MainProcess] PluginLoader (loader.py:from_class_load_plugins:217) | 加载插件「DailyWife」
[2025-10-02 16:08:28,214.214] INFO     [Thread-4 (runner)|MainProcess] PluginLoader (loader.py:from_class_load_plugins:217) | 加载插件「GoBang」
[2025-10-02 16:08:28,214.214] INFO     [Thread-4 (runner)|MainProcess] PluginLoader (loader.py:from_class_load_plugins:217) | 加载插件「HistoryDay」
[2025-10-02 16:08:28,215.215] INFO     [Thread-4 (runner)|MainProcess] PluginLoader (loader.py:from_class_load_plugins:217) | 加载插件「Menu」
[2025-10-02 16:08:28,215.215] INFO     [Thread-4 (runner)|MainProcess] PluginLoader (loader.py:from_class_load_plugins:217) | 加载插件「Poem」
[2025-10-02 16:08:28,215.215] INFO     [Thread-4 (runner)|MainProcess] PluginLoader (loader.py:from_class_load_plugins:217) | 加载插件「UUCrawl」
[2025-10-02 16:08:28,216.216] INFO     [Thread-4 (runner)|MainProcess] PluginLoader (loader.py:from_class_load_plugins:217) | 加载插件「UUCrawlMonitor」
[2025-10-02 16:08:28,216.216] INFO     [Thread-4 (runner)|MainProcess] PluginLoader (loader.py:from_class_load_plugins:217) | 加载插件「What2Eat」
[2025-10-02 16:08:28,233.233] INFO     [Thread-4 (runner)|MainProcess] PluginLoader (loader.py:load_plugins:277) | 已加载插件数 [13]
[2025-10-02 16:08:28,235.235] INFO     [MainThread|MainProcess] ncatbot.core.adapter.nc.launch (launch.py:lanuch_napcat_service:104) | 正在以本地模式运行, 检查中...
[2025-10-02 16:08:28,248.248] INFO     [MainThread|MainProcess] ncatbot.core.adapter.nc.launch (launch.py:check_napcat_service_remote:70) | napcat 服务器 ws://localhost:3001 在线, 正在检查账号状态...
[2025-10-02 16:08:28,249.249] WARNING  [MainThread|MainProcess] ncatbot.core.adapter.nc.launch (launch.py:check_napcat_service_remote:72) | 跳过基于 WebUI 交互的检查, 请自行确保 NapCat 已经登录了正确的 QQ 3909177943
[2025-10-02 16:08:28,250.250] INFO     [MainThread|MainProcess] Adapter (adapter.py:connect_websocket:92) | NapCat WebSocket 连接成功
[2025-10-02 16:08:28,250.250] INFO     [Thread-1 (_worker_loop)|MainProcess] Client (client.py:<lambda>:79) | Bot 3909177943 启动成功
[2025-10-02 16:09:33,813.813] INFO     [MainThread|MainProcess] ncatbot.plugin_system (ncatbot_plugin.py:on_close:19) | 插件 SystemManager 卸载成功
[2025-10-02 16:09:33,814.814] INFO     [MainThread|MainProcess] ncatbot.plugin_system (ncatbot_plugin.py:on_close:19) | 插件 UnifiedRegistryPlugin 卸载成功
[2025-10-02 16:09:33,814.814] INFO     [MainThread|MainProcess] ncatbot.plugin_system (ncatbot_plugin.py:on_close:19) | 插件 CS2CaseSimulator 卸载成功
[2025-10-02 16:09:33,814.814] INFO     [MainThread|MainProcess] ncatbot.plugin_system (ncatbot_plugin.py:on_close:19) | 插件 DailyLuck 卸载成功
[2025-10-02 16:09:33,814.814] INFO     [MainThread|MainProcess] ncatbot.plugin_system (ncatbot_plugin.py:on_close:19) | 插件 DailyMusic 卸载成功
[2025-10-02 16:09:33,815.815] INFO     [MainThread|MainProcess] ncatbot.plugin_system (ncatbot_plugin.py:on_close:19) | 插件 DailyWife 卸载成功
[2025-10-02 16:09:33,815.815] INFO     [MainThread|MainProcess] ncatbot.plugin_system (ncatbot_plugin.py:on_close:19) | 插件 GoBang 卸载成功
[2025-10-02 16:09:33,815.815] INFO     [MainThread|MainProcess] ncatbot.plugin_system (ncatbot_plugin.py:on_close:19) | 插件 HistoryDay 卸载成功
[2025-10-02 16:09:33,815.815] INFO     [MainThread|MainProcess] ncatbot.plugin_system (ncatbot_plugin.py:on_close:19) | 插件 Menu 卸载成功
[2025-10-02 16:09:33,815.815] INFO     [MainThread|MainProcess] ncatbot.plugin_system (ncatbot_plugin.py:on_close:19) | 插件 Poem 卸载成功
[2025-10-02 16:09:33,815.815] INFO     [MainThread|MainProcess] ncatbot.plugin_system (ncatbot_plugin.py:on_close:19) | 插件 UUCrawl 卸载成功
[2025-10-02 16:09:33,816.816] INFO     [MainThread|MainProcess] ncatbot.plugin_system (ncatbot_plugin.py:on_close:19) | 插件 UUCrawlMonitor 卸载成功
[2025-10-02 16:09:33,816.816] INFO     [MainThread|MainProcess] ncatbot.plugin_system (ncatbot_plugin.py:on_close:19) | 插件 What2Eat 卸载成功
[2025-10-02 16:09:33,819.819] INFO     [MainThread|MainProcess] Client (client.py:bot_exit:202) | Bot 已经正常退出
[2025-10-02 16:11:08,199.199] DEBUG    [MainThread|MainProcess] logger (logger.py:setup_logging:259) | 日志系统初始化
[2025-10-02 16:11:08,201.201] DEBUG    [MainThread|MainProcess] Config (config.py:load:353) | 从 D:\my_project\QQBot\config.yaml 加载配置
[2025-10-02 16:11:08,202.202] WARNING  [MainThread|MainProcess] Config (config.py:create_from_file:304) | [setting] 未知配置项: bot_id
[2025-10-02 16:11:08,202.202] WARNING  [MainThread|MainProcess] Config (config.py:create_from_file:304) | [setting] 未知配置项: root_id
[2025-10-02 16:11:08,202.202] WARNING  [MainThread|MainProcess] Config (config.py:create_from_file:304) | [setting] 未知配置项: bot_name
[2025-10-02 16:11:08,202.202] WARNING  [MainThread|MainProcess] Config (config.py:create_from_file:304) | [setting] 未知配置项: host
[2025-10-02 16:11:08,202.202] WARNING  [MainThread|MainProcess] Config (config.py:create_from_file:304) | [setting] 未知配置项: user
[2025-10-02 16:11:08,202.202] WARNING  [MainThread|MainProcess] Config (config.py:create_from_file:304) | [setting] 未知配置项: password
[2025-10-02 16:11:08,202.202] WARNING  [MainThread|MainProcess] Config (config.py:create_from_file:304) | [setting] 未知配置项: database
[2025-10-02 16:11:08,202.202] WARNING  [MainThread|MainProcess] Config (config.py:create_from_file:304) | [setting] 未知配置项: gaode_map_key
[2025-10-02 16:11:08,202.202] WARNING  [MainThread|MainProcess] Config (config.py:create_from_file:304) | [setting] 未知配置项: crawl_interval
[2025-10-02 16:11:08,265.265] INFO     [MainThread|MainProcess] Config (config.py:validate_config:339) | [BOTQQ]: 3909177943 | [WSURI]: ws://localhost:3001 | [WS_TOKEN]: NcatBot | [ROOT]: 1633360356 | [WEBUI]: http://localhost:6099 | [WEBUI_TOKEN]: 123NcatBot321!@
[2025-10-02 16:11:08,314.314] INFO     [Thread-4 (runner)|MainProcess] PluginLoader (loader.py:load_builtin_plugins:251) | 已加载内置插件数 [2]
[2025-10-02 16:11:08,314.314] INFO     [Thread-4 (runner)|MainProcess] PluginLoader (loader.py:load_plugins:265) | 从 D:\my_project\QQBot\plugins 导入插件
[2025-10-02 16:11:08,320.320] INFO     [Thread-4 (runner)|MainProcess] PackageHelper (packhelper.py:ensure:32) | 依赖已满足: PyMySQL
[2025-10-02 16:11:08,321.321] INFO     [Thread-4 (runner)|MainProcess] PackageHelper (packhelper.py:ensure:32) | 依赖已满足: pyyaml
[2025-10-02 16:11:08,322.322] INFO     [Thread-4 (runner)|MainProcess] PackageHelper (packhelper.py:ensure:32) | 依赖已满足: requests
[2025-10-02 16:11:08,407.407] INFO     [Thread-4 (runner)|MainProcess] PackageHelper (packhelper.py:ensure:32) | 依赖已满足: PyMySQL
[2025-10-02 16:11:08,591.591] INFO     [Thread-4 (runner)|MainProcess] PackageHelper (packhelper.py:ensure:32) | 依赖已满足: requests
[2025-10-02 16:11:08,592.592] INFO     [Thread-4 (runner)|MainProcess] PackageHelper (packhelper.py:ensure:32) | 依赖已满足: bs4
[2025-10-02 16:11:08,592.592] INFO     [Thread-4 (runner)|MainProcess] PackageHelper (packhelper.py:ensure:32) | 依赖已满足: zhconv
[2025-10-02 16:11:08,593.593] INFO     [Thread-4 (runner)|MainProcess] PackageHelper (packhelper.py:ensure:32) | 依赖已满足: pandas
[2025-10-02 16:11:08,594.594] INFO     [Thread-4 (runner)|MainProcess] PackageHelper (packhelper.py:ensure:32) | 依赖已满足: cryptography
[2025-10-02 16:11:08,598.598] INFO     [Thread-4 (runner)|MainProcess] PackageHelper (packhelper.py:ensure:32) | 依赖已满足: torch
[2025-10-02 16:11:08,600.600] INFO     [Thread-4 (runner)|MainProcess] PackageHelper (packhelper.py:ensure:32) | 依赖已满足: numpy
[2025-10-02 16:11:08,601.601] INFO     [Thread-4 (runner)|MainProcess] PackageHelper (packhelper.py:ensure:32) | 依赖已满足: pyyaml
[2025-10-02 16:11:09,676.676] INFO     [Thread-4 (runner)|MainProcess] PluginLoader (loader.py:_import_single:89) | 成功导入插件文件: __init__
[2025-10-02 16:11:09,676.676] INFO     [Thread-4 (runner)|MainProcess] PluginLoader (loader.py:from_class_load_plugins:217) | 加载插件「CS2CaseSimulator」
[2025-10-02 16:11:09,677.677] INFO     [Thread-4 (runner)|MainProcess] PluginLoader (loader.py:from_class_load_plugins:217) | 加载插件「DailyLuck」
[2025-10-02 16:11:09,677.677] INFO     [Thread-4 (runner)|MainProcess] PluginLoader (loader.py:from_class_load_plugins:217) | 加载插件「DailyMusic」
[2025-10-02 16:11:09,678.678] INFO     [Thread-4 (runner)|MainProcess] PluginLoader (loader.py:from_class_load_plugins:217) | 加载插件「DailyWife」
[2025-10-02 16:11:09,678.678] INFO     [Thread-4 (runner)|MainProcess] PluginLoader (loader.py:from_class_load_plugins:217) | 加载插件「GoBang」
[2025-10-02 16:11:09,678.678] INFO     [Thread-4 (runner)|MainProcess] PluginLoader (loader.py:from_class_load_plugins:217) | 加载插件「HistoryDay」
[2025-10-02 16:11:09,679.679] INFO     [Thread-4 (runner)|MainProcess] PluginLoader (loader.py:from_class_load_plugins:217) | 加载插件「Menu」
[2025-10-02 16:11:09,679.679] INFO     [Thread-4 (runner)|MainProcess] PluginLoader (loader.py:from_class_load_plugins:217) | 加载插件「Poem」
[2025-10-02 16:11:09,680.680] INFO     [Thread-4 (runner)|MainProcess] PluginLoader (loader.py:from_class_load_plugins:217) | 加载插件「UUCrawl」
[2025-10-02 16:11:09,680.680] INFO     [Thread-4 (runner)|MainProcess] PluginLoader (loader.py:from_class_load_plugins:217) | 加载插件「UUCrawlMonitor」
[2025-10-02 16:11:09,680.680] INFO     [Thread-4 (runner)|MainProcess] PluginLoader (loader.py:from_class_load_plugins:217) | 加载插件「What2Eat」
[2025-10-02 16:11:09,698.698] INFO     [Thread-4 (runner)|MainProcess] PluginLoader (loader.py:load_plugins:277) | 已加载插件数 [13]
[2025-10-02 16:11:09,700.700] INFO     [MainThread|MainProcess] ncatbot.core.adapter.nc.launch (launch.py:lanuch_napcat_service:104) | 正在以本地模式运行, 检查中...
[2025-10-02 16:11:09,713.713] INFO     [MainThread|MainProcess] ncatbot.core.adapter.nc.launch (launch.py:check_napcat_service_remote:70) | napcat 服务器 ws://localhost:3001 在线, 正在检查账号状态...
[2025-10-02 16:11:09,713.713] WARNING  [MainThread|MainProcess] ncatbot.core.adapter.nc.launch (launch.py:check_napcat_service_remote:72) | 跳过基于 WebUI 交互的检查, 请自行确保 NapCat 已经登录了正确的 QQ 3909177943
[2025-10-02 16:11:09,714.714] INFO     [MainThread|MainProcess] Adapter (adapter.py:connect_websocket:92) | NapCat WebSocket 连接成功
[2025-10-02 16:11:09,715.715] INFO     [Thread-1 (_worker_loop)|MainProcess] Client (client.py:<lambda>:79) | Bot 3909177943 启动成功
[2025-10-02 16:12:18,800.800] INFO     [MainThread|MainProcess] ncatbot.plugin_system (ncatbot_plugin.py:on_close:19) | 插件 SystemManager 卸载成功
[2025-10-02 16:12:18,800.800] INFO     [MainThread|MainProcess] ncatbot.plugin_system (ncatbot_plugin.py:on_close:19) | 插件 UnifiedRegistryPlugin 卸载成功
[2025-10-02 16:12:18,800.800] INFO     [MainThread|MainProcess] ncatbot.plugin_system (ncatbot_plugin.py:on_close:19) | 插件 CS2CaseSimulator 卸载成功
[2025-10-02 16:12:18,800.800] INFO     [MainThread|MainProcess] ncatbot.plugin_system (ncatbot_plugin.py:on_close:19) | 插件 DailyLuck 卸载成功
[2025-10-02 16:12:18,801.801] INFO     [MainThread|MainProcess] ncatbot.plugin_system (ncatbot_plugin.py:on_close:19) | 插件 DailyMusic 卸载成功
[2025-10-02 16:12:18,801.801] INFO     [MainThread|MainProcess] ncatbot.plugin_system (ncatbot_plugin.py:on_close:19) | 插件 DailyWife 卸载成功
[2025-10-02 16:12:18,801.801] INFO     [MainThread|MainProcess] ncatbot.plugin_system (ncatbot_plugin.py:on_close:19) | 插件 GoBang 卸载成功
[2025-10-02 16:12:18,802.802] INFO     [MainThread|MainProcess] ncatbot.plugin_system (ncatbot_plugin.py:on_close:19) | 插件 HistoryDay 卸载成功
[2025-10-02 16:12:18,802.802] INFO     [MainThread|MainProcess] ncatbot.plugin_system (ncatbot_plugin.py:on_close:19) | 插件 Menu 卸载成功
[2025-10-02 16:12:18,802.802] INFO     [MainThread|MainProcess] ncatbot.plugin_system (ncatbot_plugin.py:on_close:19) | 插件 Poem 卸载成功
[2025-10-02 16:12:18,802.802] INFO     [MainThread|MainProcess] ncatbot.plugin_system (ncatbot_plugin.py:on_close:19) | 插件 UUCrawl 卸载成功
[2025-10-02 16:12:18,802.802] INFO     [MainThread|MainProcess] ncatbot.plugin_system (ncatbot_plugin.py:on_close:19) | 插件 UUCrawlMonitor 卸载成功
[2025-10-02 16:12:18,803.803] INFO     [MainThread|MainProcess] ncatbot.plugin_system (ncatbot_plugin.py:on_close:19) | 插件 What2Eat 卸载成功
[2025-10-02 16:12:18,807.807] INFO     [MainThread|MainProcess] Client (client.py:bot_exit:202) | Bot 已经正常退出
[2025-10-02 16:12:59,898.898] DEBUG    [MainThread|MainProcess] logger (logger.py:setup_logging:259) | 日志系统初始化
[2025-10-02 16:12:59,900.900] DEBUG    [MainThread|MainProcess] Config (config.py:load:353) | 从 D:\my_project\QQBot\config.yaml 加载配置
[2025-10-02 16:12:59,901.901] WARNING  [MainThread|MainProcess] Config (config.py:create_from_file:304) | [setting] 未知配置项: bot_id
[2025-10-02 16:12:59,901.901] WARNING  [MainThread|MainProcess] Config (config.py:create_from_file:304) | [setting] 未知配置项: root_id
[2025-10-02 16:12:59,901.901] WARNING  [MainThread|MainProcess] Config (config.py:create_from_file:304) | [setting] 未知配置项: bot_name
[2025-10-02 16:12:59,901.901] WARNING  [MainThread|MainProcess] Config (config.py:create_from_file:304) | [setting] 未知配置项: host
[2025-10-02 16:12:59,901.901] WARNING  [MainThread|MainProcess] Config (config.py:create_from_file:304) | [setting] 未知配置项: user
[2025-10-02 16:12:59,901.901] WARNING  [MainThread|MainProcess] Config (config.py:create_from_file:304) | [setting] 未知配置项: password
[2025-10-02 16:12:59,901.901] WARNING  [MainThread|MainProcess] Config (config.py:create_from_file:304) | [setting] 未知配置项: database
[2025-10-02 16:12:59,901.901] WARNING  [MainThread|MainProcess] Config (config.py:create_from_file:304) | [setting] 未知配置项: gaode_map_key
[2025-10-02 16:12:59,901.901] WARNING  [MainThread|MainProcess] Config (config.py:create_from_file:304) | [setting] 未知配置项: crawl_interval
[2025-10-02 16:12:59,959.959] INFO     [MainThread|MainProcess] Config (config.py:validate_config:339) | [BOTQQ]: 3909177943 | [WSURI]: ws://localhost:3001 | [WS_TOKEN]: NcatBot | [ROOT]: 1633360356 | [WEBUI]: http://localhost:6099 | [WEBUI_TOKEN]: 123NcatBot321!@
[2025-10-02 16:13:00,009.009] INFO     [Thread-4 (runner)|MainProcess] PluginLoader (loader.py:load_builtin_plugins:251) | 已加载内置插件数 [2]
[2025-10-02 16:13:00,009.009] INFO     [Thread-4 (runner)|MainProcess] PluginLoader (loader.py:load_plugins:265) | 从 D:\my_project\QQBot\plugins 导入插件
[2025-10-02 16:13:00,014.014] INFO     [Thread-4 (runner)|MainProcess] PackageHelper (packhelper.py:ensure:32) | 依赖已满足: PyMySQL
[2025-10-02 16:13:00,015.015] INFO     [Thread-4 (runner)|MainProcess] PackageHelper (packhelper.py:ensure:32) | 依赖已满足: pyyaml
[2025-10-02 16:13:00,015.015] INFO     [Thread-4 (runner)|MainProcess] PackageHelper (packhelper.py:ensure:32) | 依赖已满足: requests
[2025-10-02 16:13:00,101.101] INFO     [Thread-4 (runner)|MainProcess] PackageHelper (packhelper.py:ensure:32) | 依赖已满足: PyMySQL
[2025-10-02 16:13:00,294.294] INFO     [Thread-4 (runner)|MainProcess] PackageHelper (packhelper.py:ensure:32) | 依赖已满足: requests
[2025-10-02 16:13:00,295.295] INFO     [Thread-4 (runner)|MainProcess] PackageHelper (packhelper.py:ensure:32) | 依赖已满足: bs4
[2025-10-02 16:13:00,295.295] INFO     [Thread-4 (runner)|MainProcess] PackageHelper (packhelper.py:ensure:32) | 依赖已满足: zhconv
[2025-10-02 16:13:00,296.296] INFO     [Thread-4 (runner)|MainProcess] PackageHelper (packhelper.py:ensure:32) | 依赖已满足: pandas
[2025-10-02 16:13:00,297.297] INFO     [Thread-4 (runner)|MainProcess] PackageHelper (packhelper.py:ensure:32) | 依赖已满足: cryptography
[2025-10-02 16:13:00,301.301] INFO     [Thread-4 (runner)|MainProcess] PackageHelper (packhelper.py:ensure:32) | 依赖已满足: torch
[2025-10-02 16:13:00,303.303] INFO     [Thread-4 (runner)|MainProcess] PackageHelper (packhelper.py:ensure:32) | 依赖已满足: numpy
[2025-10-02 16:13:00,304.304] INFO     [Thread-4 (runner)|MainProcess] PackageHelper (packhelper.py:ensure:32) | 依赖已满足: pyyaml
[2025-10-02 16:13:01,343.343] INFO     [Thread-4 (runner)|MainProcess] PluginLoader (loader.py:_import_single:89) | 成功导入插件文件: __init__
[2025-10-02 16:13:01,343.343] INFO     [Thread-4 (runner)|MainProcess] PluginLoader (loader.py:from_class_load_plugins:217) | 加载插件「CS2CaseSimulator」
[2025-10-02 16:13:01,344.344] INFO     [Thread-4 (runner)|MainProcess] PluginLoader (loader.py:from_class_load_plugins:217) | 加载插件「DailyLuck」
[2025-10-02 16:13:01,344.344] INFO     [Thread-4 (runner)|MainProcess] PluginLoader (loader.py:from_class_load_plugins:217) | 加载插件「DailyMusic」
[2025-10-02 16:13:01,344.344] INFO     [Thread-4 (runner)|MainProcess] PluginLoader (loader.py:from_class_load_plugins:217) | 加载插件「DailyWife」
[2025-10-02 16:13:01,345.345] INFO     [Thread-4 (runner)|MainProcess] PluginLoader (loader.py:from_class_load_plugins:217) | 加载插件「GoBang」
[2025-10-02 16:13:01,345.345] INFO     [Thread-4 (runner)|MainProcess] PluginLoader (loader.py:from_class_load_plugins:217) | 加载插件「HistoryDay」
[2025-10-02 16:13:01,346.346] INFO     [Thread-4 (runner)|MainProcess] PluginLoader (loader.py:from_class_load_plugins:217) | 加载插件「Menu」
[2025-10-02 16:13:01,346.346] INFO     [Thread-4 (runner)|MainProcess] PluginLoader (loader.py:from_class_load_plugins:217) | 加载插件「Poem」
[2025-10-02 16:13:01,346.346] INFO     [Thread-4 (runner)|MainProcess] PluginLoader (loader.py:from_class_load_plugins:217) | 加载插件「UUCrawl」
[2025-10-02 16:13:01,347.347] INFO     [Thread-4 (runner)|MainProcess] PluginLoader (loader.py:from_class_load_plugins:217) | 加载插件「UUCrawlMonitor」
[2025-10-02 16:13:01,347.347] INFO     [Thread-4 (runner)|MainProcess] PluginLoader (loader.py:from_class_load_plugins:217) | 加载插件「What2Eat」
[2025-10-02 16:13:01,363.363] INFO     [Thread-4 (runner)|MainProcess] PluginLoader (loader.py:load_plugins:277) | 已加载插件数 [13]
[2025-10-02 16:13:01,365.365] INFO     [MainThread|MainProcess] ncatbot.core.adapter.nc.launch (launch.py:lanuch_napcat_service:104) | 正在以本地模式运行, 检查中...
[2025-10-02 16:13:01,377.377] INFO     [MainThread|MainProcess] ncatbot.core.adapter.nc.launch (launch.py:check_napcat_service_remote:70) | napcat 服务器 ws://localhost:3001 在线, 正在检查账号状态...
[2025-10-02 16:13:01,377.377] WARNING  [MainThread|MainProcess] ncatbot.core.adapter.nc.launch (launch.py:check_napcat_service_remote:72) | 跳过基于 WebUI 交互的检查, 请自行确保 NapCat 已经登录了正确的 QQ 3909177943
[2025-10-02 16:13:01,379.379] INFO     [MainThread|MainProcess] Adapter (adapter.py:connect_websocket:92) | NapCat WebSocket 连接成功
[2025-10-02 16:13:01,379.379] INFO     [Thread-1 (_worker_loop)|MainProcess] Client (client.py:<lambda>:79) | Bot 3909177943 启动成功
[2025-10-02 16:13:14,032.032] INFO     [MainThread|MainProcess] ncatbot.plugin_system (ncatbot_plugin.py:on_close:19) | 插件 SystemManager 卸载成功
[2025-10-02 16:13:14,032.032] INFO     [MainThread|MainProcess] ncatbot.plugin_system (ncatbot_plugin.py:on_close:19) | 插件 UnifiedRegistryPlugin 卸载成功
[2025-10-02 16:13:14,033.033] INFO     [MainThread|MainProcess] ncatbot.plugin_system (ncatbot_plugin.py:on_close:19) | 插件 CS2CaseSimulator 卸载成功
[2025-10-02 16:13:14,033.033] INFO     [MainThread|MainProcess] ncatbot.plugin_system (ncatbot_plugin.py:on_close:19) | 插件 DailyLuck 卸载成功
[2025-10-02 16:13:14,034.034] INFO     [MainThread|MainProcess] ncatbot.plugin_system (ncatbot_plugin.py:on_close:19) | 插件 DailyMusic 卸载成功
[2025-10-02 16:13:14,034.034] INFO     [MainThread|MainProcess] ncatbot.plugin_system (ncatbot_plugin.py:on_close:19) | 插件 DailyWife 卸载成功
[2025-10-02 16:13:14,034.034] INFO     [MainThread|MainProcess] ncatbot.plugin_system (ncatbot_plugin.py:on_close:19) | 插件 GoBang 卸载成功
[2025-10-02 16:13:14,034.034] INFO     [MainThread|MainProcess] ncatbot.plugin_system (ncatbot_plugin.py:on_close:19) | 插件 HistoryDay 卸载成功
[2025-10-02 16:13:14,034.034] INFO     [MainThread|MainProcess] ncatbot.plugin_system (ncatbot_plugin.py:on_close:19) | 插件 Menu 卸载成功
[2025-10-02 16:13:14,034.034] INFO     [MainThread|MainProcess] ncatbot.plugin_system (ncatbot_plugin.py:on_close:19) | 插件 Poem 卸载成功
[2025-10-02 16:13:14,035.035] INFO     [MainThread|MainProcess] ncatbot.plugin_system (ncatbot_plugin.py:on_close:19) | 插件 UUCrawl 卸载成功
[2025-10-02 16:13:14,035.035] INFO     [MainThread|MainProcess] ncatbot.plugin_system (ncatbot_plugin.py:on_close:19) | 插件 UUCrawlMonitor 卸载成功
[2025-10-02 16:13:14,035.035] INFO     [MainThread|MainProcess] ncatbot.plugin_system (ncatbot_plugin.py:on_close:19) | 插件 What2Eat 卸载成功
[2025-10-02 16:13:14,042.042] INFO     [MainThread|MainProcess] Client (client.py:bot_exit:202) | Bot 已经正常退出
[2025-10-02 16:13:53,868.868] DEBUG    [MainThread|MainProcess] logger (logger.py:setup_logging:259) | 日志系统初始化
[2025-10-02 16:13:53,870.870] DEBUG    [MainThread|MainProcess] Config (config.py:load:353) | 从 D:\my_project\QQBot\config.yaml 加载配置
[2025-10-02 16:13:53,871.871] WARNING  [MainThread|MainProcess] Config (config.py:create_from_file:304) | [setting] 未知配置项: bot_id
[2025-10-02 16:13:53,871.871] WARNING  [MainThread|MainProcess] Config (config.py:create_from_file:304) | [setting] 未知配置项: root_id
[2025-10-02 16:13:53,871.871] WARNING  [MainThread|MainProcess] Config (config.py:create_from_file:304) | [setting] 未知配置项: bot_name
[2025-10-02 16:13:53,871.871] WARNING  [MainThread|MainProcess] Config (config.py:create_from_file:304) | [setting] 未知配置项: host
[2025-10-02 16:13:53,871.871] WARNING  [MainThread|MainProcess] Config (config.py:create_from_file:304) | [setting] 未知配置项: user
[2025-10-02 16:13:53,872.872] WARNING  [MainThread|MainProcess] Config (config.py:create_from_file:304) | [setting] 未知配置项: password
[2025-10-02 16:13:53,872.872] WARNING  [MainThread|MainProcess] Config (config.py:create_from_file:304) | [setting] 未知配置项: database
[2025-10-02 16:13:53,872.872] WARNING  [MainThread|MainProcess] Config (config.py:create_from_file:304) | [setting] 未知配置项: gaode_map_key
[2025-10-02 16:13:53,872.872] WARNING  [MainThread|MainProcess] Config (config.py:create_from_file:304) | [setting] 未知配置项: crawl_interval
[2025-10-02 16:13:53,931.931] INFO     [MainThread|MainProcess] Config (config.py:validate_config:339) | [BOTQQ]: 3909177943 | [WSURI]: ws://localhost:3001 | [WS_TOKEN]: NcatBot | [ROOT]: 1633360356 | [WEBUI]: http://localhost:6099 | [WEBUI_TOKEN]: 123NcatBot321!@
[2025-10-02 16:13:53,976.976] INFO     [Thread-4 (runner)|MainProcess] PluginLoader (loader.py:load_builtin_plugins:251) | 已加载内置插件数 [2]
[2025-10-02 16:13:53,977.977] INFO     [Thread-4 (runner)|MainProcess] PluginLoader (loader.py:load_plugins:265) | 从 D:\my_project\QQBot\plugins 导入插件
[2025-10-02 16:13:53,981.981] INFO     [Thread-4 (runner)|MainProcess] PackageHelper (packhelper.py:ensure:32) | 依赖已满足: PyMySQL
[2025-10-02 16:13:53,982.982] INFO     [Thread-4 (runner)|MainProcess] PackageHelper (packhelper.py:ensure:32) | 依赖已满足: pyyaml
[2025-10-02 16:13:53,983.983] INFO     [Thread-4 (runner)|MainProcess] PackageHelper (packhelper.py:ensure:32) | 依赖已满足: requests
[2025-10-02 16:13:54,064.064] INFO     [Thread-4 (runner)|MainProcess] PackageHelper (packhelper.py:ensure:32) | 依赖已满足: PyMySQL
[2025-10-02 16:13:54,248.248] INFO     [Thread-4 (runner)|MainProcess] PackageHelper (packhelper.py:ensure:32) | 依赖已满足: requests
[2025-10-02 16:13:54,248.248] INFO     [Thread-4 (runner)|MainProcess] PackageHelper (packhelper.py:ensure:32) | 依赖已满足: bs4
[2025-10-02 16:13:54,249.249] INFO     [Thread-4 (runner)|MainProcess] PackageHelper (packhelper.py:ensure:32) | 依赖已满足: zhconv
[2025-10-02 16:13:54,250.250] INFO     [Thread-4 (runner)|MainProcess] PackageHelper (packhelper.py:ensure:32) | 依赖已满足: pandas
[2025-10-02 16:13:54,250.250] INFO     [Thread-4 (runner)|MainProcess] PackageHelper (packhelper.py:ensure:32) | 依赖已满足: cryptography
[2025-10-02 16:13:54,255.255] INFO     [Thread-4 (runner)|MainProcess] PackageHelper (packhelper.py:ensure:32) | 依赖已满足: torch
[2025-10-02 16:13:54,257.257] INFO     [Thread-4 (runner)|MainProcess] PackageHelper (packhelper.py:ensure:32) | 依赖已满足: numpy
[2025-10-02 16:13:54,257.257] INFO     [Thread-4 (runner)|MainProcess] PackageHelper (packhelper.py:ensure:32) | 依赖已满足: pyyaml
[2025-10-02 16:13:55,247.247] INFO     [Thread-4 (runner)|MainProcess] PluginLoader (loader.py:_import_single:89) | 成功导入插件文件: __init__
[2025-10-02 16:13:55,247.247] INFO     [Thread-4 (runner)|MainProcess] PluginLoader (loader.py:from_class_load_plugins:217) | 加载插件「CS2CaseSimulator」
[2025-10-02 16:13:55,247.247] INFO     [Thread-4 (runner)|MainProcess] PluginLoader (loader.py:from_class_load_plugins:217) | 加载插件「DailyLuck」
[2025-10-02 16:13:55,248.248] INFO     [Thread-4 (runner)|MainProcess] PluginLoader (loader.py:from_class_load_plugins:217) | 加载插件「DailyMusic」
[2025-10-02 16:13:55,248.248] INFO     [Thread-4 (runner)|MainProcess] PluginLoader (loader.py:from_class_load_plugins:217) | 加载插件「DailyWife」
[2025-10-02 16:13:55,248.248] INFO     [Thread-4 (runner)|MainProcess] PluginLoader (loader.py:from_class_load_plugins:217) | 加载插件「GoBang」
[2025-10-02 16:13:55,249.249] INFO     [Thread-4 (runner)|MainProcess] PluginLoader (loader.py:from_class_load_plugins:217) | 加载插件「HistoryDay」
[2025-10-02 16:13:55,249.249] INFO     [Thread-4 (runner)|MainProcess] PluginLoader (loader.py:from_class_load_plugins:217) | 加载插件「Menu」
[2025-10-02 16:13:55,249.249] INFO     [Thread-4 (runner)|MainProcess] PluginLoader (loader.py:from_class_load_plugins:217) | 加载插件「Poem」
[2025-10-02 16:13:55,250.250] INFO     [Thread-4 (runner)|MainProcess] PluginLoader (loader.py:from_class_load_plugins:217) | 加载插件「UUCrawl」
[2025-10-02 16:13:55,250.250] INFO     [Thread-4 (runner)|MainProcess] PluginLoader (loader.py:from_class_load_plugins:217) | 加载插件「UUCrawlMonitor」
[2025-10-02 16:13:55,250.250] INFO     [Thread-4 (runner)|MainProcess] PluginLoader (loader.py:from_class_load_plugins:217) | 加载插件「What2Eat」
[2025-10-02 16:13:55,266.266] INFO     [Thread-4 (runner)|MainProcess] PluginLoader (loader.py:load_plugins:277) | 已加载插件数 [13]
[2025-10-02 16:13:55,267.267] INFO     [MainThread|MainProcess] ncatbot.core.adapter.nc.launch (launch.py:lanuch_napcat_service:104) | 正在以本地模式运行, 检查中...
[2025-10-02 16:13:55,279.279] INFO     [MainThread|MainProcess] ncatbot.core.adapter.nc.launch (launch.py:check_napcat_service_remote:70) | napcat 服务器 ws://localhost:3001 在线, 正在检查账号状态...
[2025-10-02 16:13:55,279.279] WARNING  [MainThread|MainProcess] ncatbot.core.adapter.nc.launch (launch.py:check_napcat_service_remote:72) | 跳过基于 WebUI 交互的检查, 请自行确保 NapCat 已经登录了正确的 QQ 3909177943
[2025-10-02 16:13:55,281.281] INFO     [MainThread|MainProcess] Adapter (adapter.py:connect_websocket:92) | NapCat WebSocket 连接成功
[2025-10-02 16:13:55,281.281] INFO     [Thread-1 (_worker_loop)|MainProcess] Client (client.py:<lambda>:79) | Bot 3909177943 启动成功
[2025-10-02 16:14:06,124.124] INFO     [MainThread|MainProcess] ncatbot.plugin_system (ncatbot_plugin.py:on_close:19) | 插件 SystemManager 卸载成功
[2025-10-02 16:14:06,124.124] INFO     [MainThread|MainProcess] ncatbot.plugin_system (ncatbot_plugin.py:on_close:19) | 插件 UnifiedRegistryPlugin 卸载成功
[2025-10-02 16:14:06,125.125] INFO     [MainThread|MainProcess] ncatbot.plugin_system (ncatbot_plugin.py:on_close:19) | 插件 CS2CaseSimulator 卸载成功
[2025-10-02 16:14:06,125.125] INFO     [MainThread|MainProcess] ncatbot.plugin_system (ncatbot_plugin.py:on_close:19) | 插件 DailyLuck 卸载成功
[2025-10-02 16:14:06,125.125] INFO     [MainThread|MainProcess] ncatbot.plugin_system (ncatbot_plugin.py:on_close:19) | 插件 DailyMusic 卸载成功
[2025-10-02 16:14:06,126.126] INFO     [MainThread|MainProcess] ncatbot.plugin_system (ncatbot_plugin.py:on_close:19) | 插件 DailyWife 卸载成功
[2025-10-02 16:14:06,126.126] INFO     [MainThread|MainProcess] ncatbot.plugin_system (ncatbot_plugin.py:on_close:19) | 插件 GoBang 卸载成功
[2025-10-02 16:14:06,126.126] INFO     [MainThread|MainProcess] ncatbot.plugin_system (ncatbot_plugin.py:on_close:19) | 插件 HistoryDay 卸载成功
[2025-10-02 16:14:06,126.126] INFO     [MainThread|MainProcess] ncatbot.plugin_system (ncatbot_plugin.py:on_close:19) | 插件 Menu 卸载成功
[2025-10-02 16:14:06,126.126] INFO     [MainThread|MainProcess] ncatbot.plugin_system (ncatbot_plugin.py:on_close:19) | 插件 Poem 卸载成功
[2025-10-02 16:14:06,126.126] INFO     [MainThread|MainProcess] ncatbot.plugin_system (ncatbot_plugin.py:on_close:19) | 插件 UUCrawl 卸载成功
[2025-10-02 16:14:06,127.127] INFO     [MainThread|MainProcess] ncatbot.plugin_system (ncatbot_plugin.py:on_close:19) | 插件 UUCrawlMonitor 卸载成功
[2025-10-02 16:14:06,127.127] INFO     [MainThread|MainProcess] ncatbot.plugin_system (ncatbot_plugin.py:on_close:19) | 插件 What2Eat 卸载成功
[2025-10-02 16:14:06,130.130] INFO     [MainThread|MainProcess] Client (client.py:bot_exit:202) | Bot 已经正常退出
[2025-10-02 16:14:45,983.983] DEBUG    [MainThread|MainProcess] logger (logger.py:setup_logging:259) | 日志系统初始化
[2025-10-02 16:14:45,984.984] DEBUG    [MainThread|MainProcess] Config (config.py:load:353) | 从 D:\my_project\QQBot\config.yaml 加载配置
[2025-10-02 16:14:45,985.985] WARNING  [MainThread|MainProcess] Config (config.py:create_from_file:304) | [setting] 未知配置项: bot_id
[2025-10-02 16:14:45,985.985] WARNING  [MainThread|MainProcess] Config (config.py:create_from_file:304) | [setting] 未知配置项: root_id
[2025-10-02 16:14:45,985.985] WARNING  [MainThread|MainProcess] Config (config.py:create_from_file:304) | [setting] 未知配置项: bot_name
[2025-10-02 16:14:45,986.986] WARNING  [MainThread|MainProcess] Config (config.py:create_from_file:304) | [setting] 未知配置项: host
[2025-10-02 16:14:45,986.986] WARNING  [MainThread|MainProcess] Config (config.py:create_from_file:304) | [setting] 未知配置项: user
[2025-10-02 16:14:45,986.986] WARNING  [MainThread|MainProcess] Config (config.py:create_from_file:304) | [setting] 未知配置项: password
[2025-10-02 16:14:45,986.986] WARNING  [MainThread|MainProcess] Config (config.py:create_from_file:304) | [setting] 未知配置项: database
[2025-10-02 16:14:45,986.986] WARNING  [MainThread|MainProcess] Config (config.py:create_from_file:304) | [setting] 未知配置项: gaode_map_key
[2025-10-02 16:14:45,986.986] WARNING  [MainThread|MainProcess] Config (config.py:create_from_file:304) | [setting] 未知配置项: crawl_interval
[2025-10-02 16:14:46,044.044] INFO     [MainThread|MainProcess] Config (config.py:validate_config:339) | [BOTQQ]: 3909177943 | [WSURI]: ws://localhost:3001 | [WS_TOKEN]: NcatBot | [ROOT]: 1633360356 | [WEBUI]: http://localhost:6099 | [WEBUI_TOKEN]: 123NcatBot321!@
[2025-10-02 16:14:46,112.112] INFO     [Thread-4 (runner)|MainProcess] PluginLoader (loader.py:load_builtin_plugins:251) | 已加载内置插件数 [2]
[2025-10-02 16:14:46,112.112] INFO     [Thread-4 (runner)|MainProcess] PluginLoader (loader.py:load_plugins:265) | 从 D:\my_project\QQBot\plugins 导入插件
[2025-10-02 16:14:46,118.118] INFO     [Thread-4 (runner)|MainProcess] PackageHelper (packhelper.py:ensure:32) | 依赖已满足: PyMySQL
[2025-10-02 16:14:46,118.118] INFO     [Thread-4 (runner)|MainProcess] PackageHelper (packhelper.py:ensure:32) | 依赖已满足: pyyaml
[2025-10-02 16:14:46,119.119] INFO     [Thread-4 (runner)|MainProcess] PackageHelper (packhelper.py:ensure:32) | 依赖已满足: requests
[2025-10-02 16:14:46,204.204] INFO     [Thread-4 (runner)|MainProcess] PackageHelper (packhelper.py:ensure:32) | 依赖已满足: PyMySQL
[2025-10-02 16:14:46,390.390] INFO     [Thread-4 (runner)|MainProcess] PackageHelper (packhelper.py:ensure:32) | 依赖已满足: requests
[2025-10-02 16:14:46,391.391] INFO     [Thread-4 (runner)|MainProcess] PackageHelper (packhelper.py:ensure:32) | 依赖已满足: bs4
[2025-10-02 16:14:46,391.391] INFO     [Thread-4 (runner)|MainProcess] PackageHelper (packhelper.py:ensure:32) | 依赖已满足: zhconv
[2025-10-02 16:14:46,392.392] INFO     [Thread-4 (runner)|MainProcess] PackageHelper (packhelper.py:ensure:32) | 依赖已满足: pandas
[2025-10-02 16:14:46,393.393] INFO     [Thread-4 (runner)|MainProcess] PackageHelper (packhelper.py:ensure:32) | 依赖已满足: cryptography
[2025-10-02 16:14:46,397.397] INFO     [Thread-4 (runner)|MainProcess] PackageHelper (packhelper.py:ensure:32) | 依赖已满足: torch
[2025-10-02 16:14:46,400.400] INFO     [Thread-4 (runner)|MainProcess] PackageHelper (packhelper.py:ensure:32) | 依赖已满足: numpy
[2025-10-02 16:14:46,400.400] INFO     [Thread-4 (runner)|MainProcess] PackageHelper (packhelper.py:ensure:32) | 依赖已满足: pyyaml
[2025-10-02 16:14:47,442.442] INFO     [Thread-4 (runner)|MainProcess] PluginLoader (loader.py:_import_single:89) | 成功导入插件文件: __init__
[2025-10-02 16:14:47,443.443] INFO     [Thread-4 (runner)|MainProcess] PluginLoader (loader.py:from_class_load_plugins:217) | 加载插件「CS2CaseSimulator」
[2025-10-02 16:14:47,443.443] INFO     [Thread-4 (runner)|MainProcess] PluginLoader (loader.py:from_class_load_plugins:217) | 加载插件「DailyLuck」
[2025-10-02 16:14:47,443.443] INFO     [Thread-4 (runner)|MainProcess] PluginLoader (loader.py:from_class_load_plugins:217) | 加载插件「DailyMusic」
[2025-10-02 16:14:47,444.444] INFO     [Thread-4 (runner)|MainProcess] PluginLoader (loader.py:from_class_load_plugins:217) | 加载插件「DailyWife」
[2025-10-02 16:14:47,444.444] INFO     [Thread-4 (runner)|MainProcess] PluginLoader (loader.py:from_class_load_plugins:217) | 加载插件「GoBang」
[2025-10-02 16:14:47,444.444] INFO     [Thread-4 (runner)|MainProcess] PluginLoader (loader.py:from_class_load_plugins:217) | 加载插件「HistoryDay」
[2025-10-02 16:14:47,445.445] INFO     [Thread-4 (runner)|MainProcess] PluginLoader (loader.py:from_class_load_plugins:217) | 加载插件「Menu」
[2025-10-02 16:14:47,445.445] INFO     [Thread-4 (runner)|MainProcess] PluginLoader (loader.py:from_class_load_plugins:217) | 加载插件「Poem」
[2025-10-02 16:14:47,445.445] INFO     [Thread-4 (runner)|MainProcess] PluginLoader (loader.py:from_class_load_plugins:217) | 加载插件「UUCrawl」
[2025-10-02 16:14:47,446.446] INFO     [Thread-4 (runner)|MainProcess] PluginLoader (loader.py:from_class_load_plugins:217) | 加载插件「UUCrawlMonitor」
[2025-10-02 16:14:47,446.446] INFO     [Thread-4 (runner)|MainProcess] PluginLoader (loader.py:from_class_load_plugins:217) | 加载插件「What2Eat」
[2025-10-02 16:14:47,463.463] INFO     [Thread-4 (runner)|MainProcess] PluginLoader (loader.py:load_plugins:277) | 已加载插件数 [13]
[2025-10-02 16:14:47,464.464] INFO     [MainThread|MainProcess] ncatbot.core.adapter.nc.launch (launch.py:lanuch_napcat_service:104) | 正在以本地模式运行, 检查中...
[2025-10-02 16:14:47,477.477] INFO     [MainThread|MainProcess] ncatbot.core.adapter.nc.launch (launch.py:check_napcat_service_remote:70) | napcat 服务器 ws://localhost:3001 在线, 正在检查账号状态...
[2025-10-02 16:14:47,477.477] WARNING  [MainThread|MainProcess] ncatbot.core.adapter.nc.launch (launch.py:check_napcat_service_remote:72) | 跳过基于 WebUI 交互的检查, 请自行确保 NapCat 已经登录了正确的 QQ 3909177943
[2025-10-02 16:14:47,479.479] INFO     [MainThread|MainProcess] Adapter (adapter.py:connect_websocket:92) | NapCat WebSocket 连接成功
[2025-10-02 16:14:47,479.479] INFO     [Thread-1 (_worker_loop)|MainProcess] Client (client.py:<lambda>:79) | Bot 3909177943 启动成功
[2025-10-02 16:14:58,951.951] INFO     [MainThread|MainProcess] ncatbot.plugin_system (ncatbot_plugin.py:on_close:19) | 插件 SystemManager 卸载成功
[2025-10-02 16:14:58,951.951] INFO     [MainThread|MainProcess] ncatbot.plugin_system (ncatbot_plugin.py:on_close:19) | 插件 UnifiedRegistryPlugin 卸载成功
[2025-10-02 16:14:58,952.952] INFO     [MainThread|MainProcess] ncatbot.plugin_system (ncatbot_plugin.py:on_close:19) | 插件 CS2CaseSimulator 卸载成功
[2025-10-02 16:14:58,952.952] INFO     [MainThread|MainProcess] ncatbot.plugin_system (ncatbot_plugin.py:on_close:19) | 插件 DailyLuck 卸载成功
[2025-10-02 16:14:58,952.952] INFO     [MainThread|MainProcess] ncatbot.plugin_system (ncatbot_plugin.py:on_close:19) | 插件 DailyMusic 卸载成功
[2025-10-02 16:14:58,953.953] INFO     [MainThread|MainProcess] ncatbot.plugin_system (ncatbot_plugin.py:on_close:19) | 插件 DailyWife 卸载成功
[2025-10-02 16:14:58,953.953] INFO     [MainThread|MainProcess] ncatbot.plugin_system (ncatbot_plugin.py:on_close:19) | 插件 GoBang 卸载成功
[2025-10-02 16:14:58,953.953] INFO     [MainThread|MainProcess] ncatbot.plugin_system (ncatbot_plugin.py:on_close:19) | 插件 HistoryDay 卸载成功
[2025-10-02 16:14:58,953.953] INFO     [MainThread|MainProcess] ncatbot.plugin_system (ncatbot_plugin.py:on_close:19) | 插件 Menu 卸载成功
[2025-10-02 16:14:58,953.953] INFO     [MainThread|MainProcess] ncatbot.plugin_system (ncatbot_plugin.py:on_close:19) | 插件 Poem 卸载成功
[2025-10-02 16:14:58,954.954] INFO     [MainThread|MainProcess] ncatbot.plugin_system (ncatbot_plugin.py:on_close:19) | 插件 UUCrawl 卸载成功
[2025-10-02 16:14:58,954.954] INFO     [MainThread|MainProcess] ncatbot.plugin_system (ncatbot_plugin.py:on_close:19) | 插件 UUCrawlMonitor 卸载成功
[2025-10-02 16:14:58,954.954] INFO     [MainThread|MainProcess] ncatbot.plugin_system (ncatbot_plugin.py:on_close:19) | 插件 What2Eat 卸载成功
[2025-10-02 16:14:58,958.958] INFO     [MainThread|MainProcess] Client (client.py:bot_exit:202) | Bot 已经正常退出
[2025-10-02 16:16:01,348.348] DEBUG    [MainThread|MainProcess] logger (logger.py:setup_logging:259) | 日志系统初始化
[2025-10-02 16:16:01,350.350] DEBUG    [MainThread|MainProcess] Config (config.py:load:353) | 从 D:\my_project\QQBot\config.yaml 加载配置
[2025-10-02 16:16:01,351.351] WARNING  [MainThread|MainProcess] Config (config.py:create_from_file:304) | [setting] 未知配置项: bot_id
[2025-10-02 16:16:01,351.351] WARNING  [MainThread|MainProcess] Config (config.py:create_from_file:304) | [setting] 未知配置项: root_id
[2025-10-02 16:16:01,351.351] WARNING  [MainThread|MainProcess] Config (config.py:create_from_file:304) | [setting] 未知配置项: bot_name
[2025-10-02 16:16:01,351.351] WARNING  [MainThread|MainProcess] Config (config.py:create_from_file:304) | [setting] 未知配置项: host
[2025-10-02 16:16:01,351.351] WARNING  [MainThread|MainProcess] Config (config.py:create_from_file:304) | [setting] 未知配置项: user
[2025-10-02 16:16:01,351.351] WARNING  [MainThread|MainProcess] Config (config.py:create_from_file:304) | [setting] 未知配置项: password
[2025-10-02 16:16:01,351.351] WARNING  [MainThread|MainProcess] Config (config.py:create_from_file:304) | [setting] 未知配置项: database
[2025-10-02 16:16:01,351.351] WARNING  [MainThread|MainProcess] Config (config.py:create_from_file:304) | [setting] 未知配置项: gaode_map_key
[2025-10-02 16:16:01,351.351] WARNING  [MainThread|MainProcess] Config (config.py:create_from_file:304) | [setting] 未知配置项: crawl_interval
[2025-10-02 16:16:01,409.409] INFO     [MainThread|MainProcess] Config (config.py:validate_config:339) | [BOTQQ]: 3909177943 | [WSURI]: ws://localhost:3001 | [WS_TOKEN]: NcatBot | [ROOT]: 1633360356 | [WEBUI]: http://localhost:6099 | [WEBUI_TOKEN]: 123NcatBot321!@
[2025-10-02 16:16:01,456.456] INFO     [Thread-4 (runner)|MainProcess] PluginLoader (loader.py:load_builtin_plugins:251) | 已加载内置插件数 [2]
[2025-10-02 16:16:01,456.456] INFO     [Thread-4 (runner)|MainProcess] PluginLoader (loader.py:load_plugins:265) | 从 D:\my_project\QQBot\plugins 导入插件
[2025-10-02 16:16:01,462.462] INFO     [Thread-4 (runner)|MainProcess] PackageHelper (packhelper.py:ensure:32) | 依赖已满足: PyMySQL
[2025-10-02 16:16:01,462.462] INFO     [Thread-4 (runner)|MainProcess] PackageHelper (packhelper.py:ensure:32) | 依赖已满足: pyyaml
[2025-10-02 16:16:01,463.463] INFO     [Thread-4 (runner)|MainProcess] PackageHelper (packhelper.py:ensure:32) | 依赖已满足: requests
[2025-10-02 16:16:01,548.548] INFO     [Thread-4 (runner)|MainProcess] PackageHelper (packhelper.py:ensure:32) | 依赖已满足: PyMySQL
[2025-10-02 16:16:01,745.745] INFO     [Thread-4 (runner)|MainProcess] PackageHelper (packhelper.py:ensure:32) | 依赖已满足: requests
[2025-10-02 16:16:01,745.745] INFO     [Thread-4 (runner)|MainProcess] PackageHelper (packhelper.py:ensure:32) | 依赖已满足: bs4
[2025-10-02 16:16:01,746.746] INFO     [Thread-4 (runner)|MainProcess] PackageHelper (packhelper.py:ensure:32) | 依赖已满足: zhconv
[2025-10-02 16:16:01,747.747] INFO     [Thread-4 (runner)|MainProcess] PackageHelper (packhelper.py:ensure:32) | 依赖已满足: pandas
[2025-10-02 16:16:01,747.747] INFO     [Thread-4 (runner)|MainProcess] PackageHelper (packhelper.py:ensure:32) | 依赖已满足: cryptography
[2025-10-02 16:16:01,752.752] INFO     [Thread-4 (runner)|MainProcess] PackageHelper (packhelper.py:ensure:32) | 依赖已满足: torch
[2025-10-02 16:16:01,755.755] INFO     [Thread-4 (runner)|MainProcess] PackageHelper (packhelper.py:ensure:32) | 依赖已满足: numpy
[2025-10-02 16:16:01,755.755] INFO     [Thread-4 (runner)|MainProcess] PackageHelper (packhelper.py:ensure:32) | 依赖已满足: pyyaml
[2025-10-02 16:16:02,801.801] INFO     [Thread-4 (runner)|MainProcess] PluginLoader (loader.py:_import_single:89) | 成功导入插件文件: __init__
[2025-10-02 16:16:02,801.801] INFO     [Thread-4 (runner)|MainProcess] PluginLoader (loader.py:from_class_load_plugins:217) | 加载插件「CS2CaseSimulator」
[2025-10-02 16:16:02,801.801] INFO     [Thread-4 (runner)|MainProcess] PluginLoader (loader.py:from_class_load_plugins:217) | 加载插件「DailyLuck」
[2025-10-02 16:16:02,802.802] INFO     [Thread-4 (runner)|MainProcess] PluginLoader (loader.py:from_class_load_plugins:217) | 加载插件「DailyMusic」
[2025-10-02 16:16:02,802.802] INFO     [Thread-4 (runner)|MainProcess] PluginLoader (loader.py:from_class_load_plugins:217) | 加载插件「DailyWife」
[2025-10-02 16:16:02,802.802] INFO     [Thread-4 (runner)|MainProcess] PluginLoader (loader.py:from_class_load_plugins:217) | 加载插件「GoBang」
[2025-10-02 16:16:02,803.803] INFO     [Thread-4 (runner)|MainProcess] PluginLoader (loader.py:from_class_load_plugins:217) | 加载插件「HistoryDay」
[2025-10-02 16:16:02,803.803] INFO     [Thread-4 (runner)|MainProcess] PluginLoader (loader.py:from_class_load_plugins:217) | 加载插件「Menu」
[2025-10-02 16:16:02,803.803] INFO     [Thread-4 (runner)|MainProcess] PluginLoader (loader.py:from_class_load_plugins:217) | 加载插件「Poem」
[2025-10-02 16:16:02,804.804] INFO     [Thread-4 (runner)|MainProcess] PluginLoader (loader.py:from_class_load_plugins:217) | 加载插件「UUCrawl」
[2025-10-02 16:16:02,804.804] INFO     [Thread-4 (runner)|MainProcess] PluginLoader (loader.py:from_class_load_plugins:217) | 加载插件「UUCrawlMonitor」
[2025-10-02 16:16:02,804.804] INFO     [Thread-4 (runner)|MainProcess] PluginLoader (loader.py:from_class_load_plugins:217) | 加载插件「What2Eat」
[2025-10-02 16:16:02,820.820] INFO     [Thread-4 (runner)|MainProcess] PluginLoader (loader.py:load_plugins:277) | 已加载插件数 [13]
[2025-10-02 16:16:02,822.822] INFO     [MainThread|MainProcess] ncatbot.core.adapter.nc.launch (launch.py:lanuch_napcat_service:104) | 正在以本地模式运行, 检查中...
[2025-10-02 16:16:02,834.834] INFO     [MainThread|MainProcess] ncatbot.core.adapter.nc.launch (launch.py:check_napcat_service_remote:70) | napcat 服务器 ws://localhost:3001 在线, 正在检查账号状态...
[2025-10-02 16:16:02,834.834] WARNING  [MainThread|MainProcess] ncatbot.core.adapter.nc.launch (launch.py:check_napcat_service_remote:72) | 跳过基于 WebUI 交互的检查, 请自行确保 NapCat 已经登录了正确的 QQ 3909177943
[2025-10-02 16:16:02,836.836] INFO     [MainThread|MainProcess] Adapter (adapter.py:connect_websocket:92) | NapCat WebSocket 连接成功
[2025-10-02 16:16:02,836.836] INFO     [Thread-1 (_worker_loop)|MainProcess] Client (client.py:<lambda>:79) | Bot 3909177943 启动成功
[2025-10-02 16:16:13,573.573] INFO     [MainThread|MainProcess] ncatbot.plugin_system (ncatbot_plugin.py:on_close:19) | 插件 SystemManager 卸载成功
[2025-10-02 16:16:13,574.574] INFO     [MainThread|MainProcess] ncatbot.plugin_system (ncatbot_plugin.py:on_close:19) | 插件 UnifiedRegistryPlugin 卸载成功
[2025-10-02 16:16:13,574.574] INFO     [MainThread|MainProcess] ncatbot.plugin_system (ncatbot_plugin.py:on_close:19) | 插件 CS2CaseSimulator 卸载成功
[2025-10-02 16:16:13,575.575] INFO     [MainThread|MainProcess] ncatbot.plugin_system (ncatbot_plugin.py:on_close:19) | 插件 DailyLuck 卸载成功
[2025-10-02 16:16:13,575.575] INFO     [MainThread|MainProcess] ncatbot.plugin_system (ncatbot_plugin.py:on_close:19) | 插件 DailyMusic 卸载成功
[2025-10-02 16:16:13,575.575] INFO     [MainThread|MainProcess] ncatbot.plugin_system (ncatbot_plugin.py:on_close:19) | 插件 DailyWife 卸载成功
[2025-10-02 16:16:13,575.575] INFO     [MainThread|MainProcess] ncatbot.plugin_system (ncatbot_plugin.py:on_close:19) | 插件 GoBang 卸载成功
[2025-10-02 16:16:13,576.576] INFO     [MainThread|MainProcess] ncatbot.plugin_system (ncatbot_plugin.py:on_close:19) | 插件 HistoryDay 卸载成功
[2025-10-02 16:16:13,576.576] INFO     [MainThread|MainProcess] ncatbot.plugin_system (ncatbot_plugin.py:on_close:19) | 插件 Menu 卸载成功
[2025-10-02 16:16:13,576.576] INFO     [MainThread|MainProcess] ncatbot.plugin_system (ncatbot_plugin.py:on_close:19) | 插件 Poem 卸载成功
[2025-10-02 16:16:13,576.576] INFO     [MainThread|MainProcess] ncatbot.plugin_system (ncatbot_plugin.py:on_close:19) | 插件 UUCrawl 卸载成功
[2025-10-02 16:16:13,577.577] INFO     [MainThread|MainProcess] ncatbot.plugin_system (ncatbot_plugin.py:on_close:19) | 插件 UUCrawlMonitor 卸载成功
[2025-10-02 16:16:13,577.577] INFO     [MainThread|MainProcess] ncatbot.plugin_system (ncatbot_plugin.py:on_close:19) | 插件 What2Eat 卸载成功
[2025-10-02 16:16:13,581.581] INFO     [MainThread|MainProcess] Client (client.py:bot_exit:202) | Bot 已经正常退出
[2025-10-02 16:16:56,603.603] DEBUG    [MainThread|MainProcess] logger (logger.py:setup_logging:259) | 日志系统初始化
[2025-10-02 16:16:56,605.605] DEBUG    [MainThread|MainProcess] Config (config.py:load:353) | 从 D:\my_project\QQBot\config.yaml 加载配置
[2025-10-02 16:16:56,606.606] WARNING  [MainThread|MainProcess] Config (config.py:create_from_file:304) | [setting] 未知配置项: bot_id
[2025-10-02 16:16:56,606.606] WARNING  [MainThread|MainProcess] Config (config.py:create_from_file:304) | [setting] 未知配置项: root_id
[2025-10-02 16:16:56,606.606] WARNING  [MainThread|MainProcess] Config (config.py:create_from_file:304) | [setting] 未知配置项: bot_name
[2025-10-02 16:16:56,606.606] WARNING  [MainThread|MainProcess] Config (config.py:create_from_file:304) | [setting] 未知配置项: host
[2025-10-02 16:16:56,606.606] WARNING  [MainThread|MainProcess] Config (config.py:create_from_file:304) | [setting] 未知配置项: user
[2025-10-02 16:16:56,606.606] WARNING  [MainThread|MainProcess] Config (config.py:create_from_file:304) | [setting] 未知配置项: password
[2025-10-02 16:16:56,606.606] WARNING  [MainThread|MainProcess] Config (config.py:create_from_file:304) | [setting] 未知配置项: database
[2025-10-02 16:16:56,606.606] WARNING  [MainThread|MainProcess] Config (config.py:create_from_file:304) | [setting] 未知配置项: gaode_map_key
[2025-10-02 16:16:56,606.606] WARNING  [MainThread|MainProcess] Config (config.py:create_from_file:304) | [setting] 未知配置项: crawl_interval
[2025-10-02 16:16:56,665.665] INFO     [MainThread|MainProcess] Config (config.py:validate_config:339) | [BOTQQ]: 3909177943 | [WSURI]: ws://localhost:3001 | [WS_TOKEN]: NcatBot | [ROOT]: 1633360356 | [WEBUI]: http://localhost:6099 | [WEBUI_TOKEN]: 123NcatBot321!@
[2025-10-02 16:16:56,710.710] INFO     [Thread-4 (runner)|MainProcess] PluginLoader (loader.py:load_builtin_plugins:251) | 已加载内置插件数 [2]
[2025-10-02 16:16:56,711.711] INFO     [Thread-4 (runner)|MainProcess] PluginLoader (loader.py:load_plugins:265) | 从 D:\my_project\QQBot\plugins 导入插件
[2025-10-02 16:16:56,716.716] INFO     [Thread-4 (runner)|MainProcess] PackageHelper (packhelper.py:ensure:32) | 依赖已满足: PyMySQL
[2025-10-02 16:16:56,717.717] INFO     [Thread-4 (runner)|MainProcess] PackageHelper (packhelper.py:ensure:32) | 依赖已满足: pyyaml
[2025-10-02 16:16:56,717.717] INFO     [Thread-4 (runner)|MainProcess] PackageHelper (packhelper.py:ensure:32) | 依赖已满足: requests
[2025-10-02 16:16:56,802.802] INFO     [Thread-4 (runner)|MainProcess] PackageHelper (packhelper.py:ensure:32) | 依赖已满足: PyMySQL
[2025-10-02 16:16:56,995.995] INFO     [Thread-4 (runner)|MainProcess] PackageHelper (packhelper.py:ensure:32) | 依赖已满足: requests
[2025-10-02 16:16:56,996.996] INFO     [Thread-4 (runner)|MainProcess] PackageHelper (packhelper.py:ensure:32) | 依赖已满足: bs4
[2025-10-02 16:16:56,997.997] INFO     [Thread-4 (runner)|MainProcess] PackageHelper (packhelper.py:ensure:32) | 依赖已满足: zhconv
[2025-10-02 16:16:56,997.997] INFO     [Thread-4 (runner)|MainProcess] PackageHelper (packhelper.py:ensure:32) | 依赖已满足: pandas
[2025-10-02 16:16:56,998.998] INFO     [Thread-4 (runner)|MainProcess] PackageHelper (packhelper.py:ensure:32) | 依赖已满足: cryptography
[2025-10-02 16:16:57,003.003] INFO     [Thread-4 (runner)|MainProcess] PackageHelper (packhelper.py:ensure:32) | 依赖已满足: torch
[2025-10-02 16:16:57,005.005] INFO     [Thread-4 (runner)|MainProcess] PackageHelper (packhelper.py:ensure:32) | 依赖已满足: numpy
[2025-10-02 16:16:57,005.005] INFO     [Thread-4 (runner)|MainProcess] PackageHelper (packhelper.py:ensure:32) | 依赖已满足: pyyaml
[2025-10-02 16:16:58,044.044] INFO     [Thread-4 (runner)|MainProcess] PluginLoader (loader.py:_import_single:89) | 成功导入插件文件: __init__
[2025-10-02 16:16:58,044.044] INFO     [Thread-4 (runner)|MainProcess] PluginLoader (loader.py:from_class_load_plugins:217) | 加载插件「CS2CaseSimulator」
[2025-10-02 16:16:58,045.045] INFO     [Thread-4 (runner)|MainProcess] PluginLoader (loader.py:from_class_load_plugins:217) | 加载插件「DailyLuck」
[2025-10-02 16:16:58,045.045] INFO     [Thread-4 (runner)|MainProcess] PluginLoader (loader.py:from_class_load_plugins:217) | 加载插件「DailyMusic」
[2025-10-02 16:16:58,046.046] INFO     [Thread-4 (runner)|MainProcess] PluginLoader (loader.py:from_class_load_plugins:217) | 加载插件「DailyWife」
[2025-10-02 16:16:58,046.046] INFO     [Thread-4 (runner)|MainProcess] PluginLoader (loader.py:from_class_load_plugins:217) | 加载插件「GoBang」
[2025-10-02 16:16:58,046.046] INFO     [Thread-4 (runner)|MainProcess] PluginLoader (loader.py:from_class_load_plugins:217) | 加载插件「HistoryDay」
[2025-10-02 16:16:58,047.047] INFO     [Thread-4 (runner)|MainProcess] PluginLoader (loader.py:from_class_load_plugins:217) | 加载插件「Menu」
[2025-10-02 16:16:58,047.047] INFO     [Thread-4 (runner)|MainProcess] PluginLoader (loader.py:from_class_load_plugins:217) | 加载插件「Poem」
[2025-10-02 16:16:58,048.048] INFO     [Thread-4 (runner)|MainProcess] PluginLoader (loader.py:from_class_load_plugins:217) | 加载插件「UUCrawl」
[2025-10-02 16:16:58,048.048] INFO     [Thread-4 (runner)|MainProcess] PluginLoader (loader.py:from_class_load_plugins:217) | 加载插件「UUCrawlMonitor」
[2025-10-02 16:16:58,048.048] INFO     [Thread-4 (runner)|MainProcess] PluginLoader (loader.py:from_class_load_plugins:217) | 加载插件「What2Eat」
[2025-10-02 16:16:58,067.067] INFO     [Thread-4 (runner)|MainProcess] PluginLoader (loader.py:load_plugins:277) | 已加载插件数 [13]
[2025-10-02 16:16:58,069.069] INFO     [MainThread|MainProcess] ncatbot.core.adapter.nc.launch (launch.py:lanuch_napcat_service:104) | 正在以本地模式运行, 检查中...
[2025-10-02 16:16:58,082.082] INFO     [MainThread|MainProcess] ncatbot.core.adapter.nc.launch (launch.py:check_napcat_service_remote:70) | napcat 服务器 ws://localhost:3001 在线, 正在检查账号状态...
[2025-10-02 16:16:58,082.082] WARNING  [MainThread|MainProcess] ncatbot.core.adapter.nc.launch (launch.py:check_napcat_service_remote:72) | 跳过基于 WebUI 交互的检查, 请自行确保 NapCat 已经登录了正确的 QQ 3909177943
[2025-10-02 16:16:58,084.084] INFO     [MainThread|MainProcess] Adapter (adapter.py:connect_websocket:92) | NapCat WebSocket 连接成功
[2025-10-02 16:16:58,084.084] INFO     [Thread-1 (_worker_loop)|MainProcess] Client (client.py:<lambda>:79) | Bot 3909177943 启动成功
[2025-10-02 16:17:08,649.649] INFO     [MainThread|MainProcess] ncatbot.plugin_system (ncatbot_plugin.py:on_close:19) | 插件 SystemManager 卸载成功
[2025-10-02 16:17:08,649.649] INFO     [MainThread|MainProcess] ncatbot.plugin_system (ncatbot_plugin.py:on_close:19) | 插件 UnifiedRegistryPlugin 卸载成功
[2025-10-02 16:17:08,649.649] INFO     [MainThread|MainProcess] ncatbot.plugin_system (ncatbot_plugin.py:on_close:19) | 插件 CS2CaseSimulator 卸载成功
[2025-10-02 16:17:08,650.650] INFO     [MainThread|MainProcess] ncatbot.plugin_system (ncatbot_plugin.py:on_close:19) | 插件 DailyLuck 卸载成功
[2025-10-02 16:17:08,650.650] INFO     [MainThread|MainProcess] ncatbot.plugin_system (ncatbot_plugin.py:on_close:19) | 插件 DailyMusic 卸载成功
[2025-10-02 16:17:08,651.651] INFO     [MainThread|MainProcess] ncatbot.plugin_system (ncatbot_plugin.py:on_close:19) | 插件 DailyWife 卸载成功
[2025-10-02 16:17:08,651.651] INFO     [MainThread|MainProcess] ncatbot.plugin_system (ncatbot_plugin.py:on_close:19) | 插件 GoBang 卸载成功
[2025-10-02 16:17:08,651.651] INFO     [MainThread|MainProcess] ncatbot.plugin_system (ncatbot_plugin.py:on_close:19) | 插件 HistoryDay 卸载成功
[2025-10-02 16:17:08,651.651] INFO     [MainThread|MainProcess] ncatbot.plugin_system (ncatbot_plugin.py:on_close:19) | 插件 Menu 卸载成功
[2025-10-02 16:17:08,651.651] INFO     [MainThread|MainProcess] ncatbot.plugin_system (ncatbot_plugin.py:on_close:19) | 插件 Poem 卸载成功
[2025-10-02 16:17:08,652.652] INFO     [MainThread|MainProcess] ncatbot.plugin_system (ncatbot_plugin.py:on_close:19) | 插件 UUCrawl 卸载成功
[2025-10-02 16:17:08,652.652] INFO     [MainThread|MainProcess] ncatbot.plugin_system (ncatbot_plugin.py:on_close:19) | 插件 UUCrawlMonitor 卸载成功
[2025-10-02 16:17:08,652.652] INFO     [MainThread|MainProcess] ncatbot.plugin_system (ncatbot_plugin.py:on_close:19) | 插件 What2Eat 卸载成功
[2025-10-02 16:17:08,656.656] INFO     [MainThread|MainProcess] Client (client.py:bot_exit:202) | Bot 已经正常退出
[2025-10-02 16:18:06,333.333] DEBUG    [MainThread|MainProcess] logger (logger.py:setup_logging:259) | 日志系统初始化
[2025-10-02 16:18:06,334.334] DEBUG    [MainThread|MainProcess] Config (config.py:load:353) | 从 D:\my_project\QQBot\config.yaml 加载配置
[2025-10-02 16:18:06,336.336] WARNING  [MainThread|MainProcess] Config (config.py:create_from_file:304) | [setting] 未知配置项: bot_id
[2025-10-02 16:18:06,336.336] WARNING  [MainThread|MainProcess] Config (config.py:create_from_file:304) | [setting] 未知配置项: root_id
[2025-10-02 16:18:06,336.336] WARNING  [MainThread|MainProcess] Config (config.py:create_from_file:304) | [setting] 未知配置项: bot_name
[2025-10-02 16:18:06,336.336] WARNING  [MainThread|MainProcess] Config (config.py:create_from_file:304) | [setting] 未知配置项: host
[2025-10-02 16:18:06,336.336] WARNING  [MainThread|MainProcess] Config (config.py:create_from_file:304) | [setting] 未知配置项: user
[2025-10-02 16:18:06,336.336] WARNING  [MainThread|MainProcess] Config (config.py:create_from_file:304) | [setting] 未知配置项: password
[2025-10-02 16:18:06,336.336] WARNING  [MainThread|MainProcess] Config (config.py:create_from_file:304) | [setting] 未知配置项: database
[2025-10-02 16:18:06,336.336] WARNING  [MainThread|MainProcess] Config (config.py:create_from_file:304) | [setting] 未知配置项: gaode_map_key
[2025-10-02 16:18:06,336.336] WARNING  [MainThread|MainProcess] Config (config.py:create_from_file:304) | [setting] 未知配置项: crawl_interval
[2025-10-02 16:18:06,397.397] INFO     [MainThread|MainProcess] Config (config.py:validate_config:339) | [BOTQQ]: 3909177943 | [WSURI]: ws://localhost:3001 | [WS_TOKEN]: NcatBot | [ROOT]: 1633360356 | [WEBUI]: http://localhost:6099 | [WEBUI_TOKEN]: 123NcatBot321!@
[2025-10-02 16:18:06,445.445] INFO     [Thread-4 (runner)|MainProcess] PluginLoader (loader.py:load_builtin_plugins:251) | 已加载内置插件数 [2]
[2025-10-02 16:18:06,445.445] INFO     [Thread-4 (runner)|MainProcess] PluginLoader (loader.py:load_plugins:265) | 从 D:\my_project\QQBot\plugins 导入插件
[2025-10-02 16:18:06,450.450] INFO     [Thread-4 (runner)|MainProcess] PackageHelper (packhelper.py:ensure:32) | 依赖已满足: PyMySQL
[2025-10-02 16:18:06,451.451] INFO     [Thread-4 (runner)|MainProcess] PackageHelper (packhelper.py:ensure:32) | 依赖已满足: pyyaml
[2025-10-02 16:18:06,451.451] INFO     [Thread-4 (runner)|MainProcess] PackageHelper (packhelper.py:ensure:32) | 依赖已满足: requests
[2025-10-02 16:18:06,535.535] INFO     [Thread-4 (runner)|MainProcess] PackageHelper (packhelper.py:ensure:32) | 依赖已满足: PyMySQL
[2025-10-02 16:18:06,716.716] INFO     [Thread-4 (runner)|MainProcess] PackageHelper (packhelper.py:ensure:32) | 依赖已满足: requests
[2025-10-02 16:18:06,717.717] INFO     [Thread-4 (runner)|MainProcess] PackageHelper (packhelper.py:ensure:32) | 依赖已满足: bs4
[2025-10-02 16:18:06,717.717] INFO     [Thread-4 (runner)|MainProcess] PackageHelper (packhelper.py:ensure:32) | 依赖已满足: zhconv
[2025-10-02 16:18:06,718.718] INFO     [Thread-4 (runner)|MainProcess] PackageHelper (packhelper.py:ensure:32) | 依赖已满足: pandas
[2025-10-02 16:18:06,719.719] INFO     [Thread-4 (runner)|MainProcess] PackageHelper (packhelper.py:ensure:32) | 依赖已满足: cryptography
[2025-10-02 16:18:06,723.723] INFO     [Thread-4 (runner)|MainProcess] PackageHelper (packhelper.py:ensure:32) | 依赖已满足: torch
[2025-10-02 16:18:06,726.726] INFO     [Thread-4 (runner)|MainProcess] PackageHelper (packhelper.py:ensure:32) | 依赖已满足: numpy
[2025-10-02 16:18:06,726.726] INFO     [Thread-4 (runner)|MainProcess] PackageHelper (packhelper.py:ensure:32) | 依赖已满足: pyyaml
[2025-10-02 16:18:07,788.788] INFO     [Thread-4 (runner)|MainProcess] PluginLoader (loader.py:_import_single:89) | 成功导入插件文件: __init__
[2025-10-02 16:18:07,788.788] INFO     [Thread-4 (runner)|MainProcess] PluginLoader (loader.py:from_class_load_plugins:217) | 加载插件「CS2CaseSimulator」
[2025-10-02 16:18:07,789.789] INFO     [Thread-4 (runner)|MainProcess] PluginLoader (loader.py:from_class_load_plugins:217) | 加载插件「DailyLuck」
[2025-10-02 16:18:07,789.789] INFO     [Thread-4 (runner)|MainProcess] PluginLoader (loader.py:from_class_load_plugins:217) | 加载插件「DailyMusic」
[2025-10-02 16:18:07,789.789] INFO     [Thread-4 (runner)|MainProcess] PluginLoader (loader.py:from_class_load_plugins:217) | 加载插件「DailyWife」
[2025-10-02 16:18:07,790.790] INFO     [Thread-4 (runner)|MainProcess] PluginLoader (loader.py:from_class_load_plugins:217) | 加载插件「GoBang」
[2025-10-02 16:18:07,790.790] INFO     [Thread-4 (runner)|MainProcess] PluginLoader (loader.py:from_class_load_plugins:217) | 加载插件「HistoryDay」
[2025-10-02 16:18:07,790.790] INFO     [Thread-4 (runner)|MainProcess] PluginLoader (loader.py:from_class_load_plugins:217) | 加载插件「Menu」
[2025-10-02 16:18:07,791.791] INFO     [Thread-4 (runner)|MainProcess] PluginLoader (loader.py:from_class_load_plugins:217) | 加载插件「Poem」
[2025-10-02 16:18:07,791.791] INFO     [Thread-4 (runner)|MainProcess] PluginLoader (loader.py:from_class_load_plugins:217) | 加载插件「UUCrawl」
[2025-10-02 16:18:07,791.791] INFO     [Thread-4 (runner)|MainProcess] PluginLoader (loader.py:from_class_load_plugins:217) | 加载插件「UUCrawlMonitor」
[2025-10-02 16:18:07,792.792] INFO     [Thread-4 (runner)|MainProcess] PluginLoader (loader.py:from_class_load_plugins:217) | 加载插件「What2Eat」
[2025-10-02 16:18:07,808.808] INFO     [Thread-4 (runner)|MainProcess] PluginLoader (loader.py:load_plugins:277) | 已加载插件数 [13]
[2025-10-02 16:18:07,810.810] INFO     [MainThread|MainProcess] ncatbot.core.adapter.nc.launch (launch.py:lanuch_napcat_service:104) | 正在以本地模式运行, 检查中...
[2025-10-02 16:18:07,823.823] INFO     [MainThread|MainProcess] ncatbot.core.adapter.nc.launch (launch.py:check_napcat_service_remote:70) | napcat 服务器 ws://localhost:3001 在线, 正在检查账号状态...
[2025-10-02 16:18:07,823.823] WARNING  [MainThread|MainProcess] ncatbot.core.adapter.nc.launch (launch.py:check_napcat_service_remote:72) | 跳过基于 WebUI 交互的检查, 请自行确保 NapCat 已经登录了正确的 QQ 3909177943
[2025-10-02 16:18:07,825.825] INFO     [MainThread|MainProcess] Adapter (adapter.py:connect_websocket:92) | NapCat WebSocket 连接成功
[2025-10-02 16:18:07,825.825] INFO     [Thread-1 (_worker_loop)|MainProcess] Client (client.py:<lambda>:79) | Bot 3909177943 启动成功
[2025-10-02 16:18:21,750.750] INFO     [MainThread|MainProcess] ncatbot.plugin_system (ncatbot_plugin.py:on_close:19) | 插件 SystemManager 卸载成功
[2025-10-02 16:18:21,750.750] INFO     [MainThread|MainProcess] ncatbot.plugin_system (ncatbot_plugin.py:on_close:19) | 插件 UnifiedRegistryPlugin 卸载成功
[2025-10-02 16:18:21,750.750] INFO     [MainThread|MainProcess] ncatbot.plugin_system (ncatbot_plugin.py:on_close:19) | 插件 CS2CaseSimulator 卸载成功
[2025-10-02 16:18:21,751.751] INFO     [MainThread|MainProcess] ncatbot.plugin_system (ncatbot_plugin.py:on_close:19) | 插件 DailyLuck 卸载成功
[2025-10-02 16:18:21,751.751] INFO     [MainThread|MainProcess] ncatbot.plugin_system (ncatbot_plugin.py:on_close:19) | 插件 DailyMusic 卸载成功
[2025-10-02 16:18:21,751.751] INFO     [MainThread|MainProcess] ncatbot.plugin_system (ncatbot_plugin.py:on_close:19) | 插件 DailyWife 卸载成功
[2025-10-02 16:18:21,751.751] INFO     [MainThread|MainProcess] ncatbot.plugin_system (ncatbot_plugin.py:on_close:19) | 插件 GoBang 卸载成功
[2025-10-02 16:18:21,752.752] INFO     [MainThread|MainProcess] ncatbot.plugin_system (ncatbot_plugin.py:on_close:19) | 插件 HistoryDay 卸载成功
[2025-10-02 16:18:21,752.752] INFO     [MainThread|MainProcess] ncatbot.plugin_system (ncatbot_plugin.py:on_close:19) | 插件 Menu 卸载成功
[2025-10-02 16:18:21,752.752] INFO     [MainThread|MainProcess] ncatbot.plugin_system (ncatbot_plugin.py:on_close:19) | 插件 Poem 卸载成功
[2025-10-02 16:18:21,752.752] INFO     [MainThread|MainProcess] ncatbot.plugin_system (ncatbot_plugin.py:on_close:19) | 插件 UUCrawl 卸载成功
[2025-10-02 16:18:21,752.752] INFO     [MainThread|MainProcess] ncatbot.plugin_system (ncatbot_plugin.py:on_close:19) | 插件 UUCrawlMonitor 卸载成功
[2025-10-02 16:18:21,752.752] INFO     [MainThread|MainProcess] ncatbot.plugin_system (ncatbot_plugin.py:on_close:19) | 插件 What2Eat 卸载成功
[2025-10-02 16:18:21,756.756] INFO     [MainThread|MainProcess] Client (client.py:bot_exit:202) | Bot 已经正常退出
[2025-10-02 16:19:40,253.253] DEBUG    [MainThread|MainProcess] logger (logger.py:setup_logging:259) | 日志系统初始化
[2025-10-02 16:19:40,255.255] DEBUG    [MainThread|MainProcess] Config (config.py:load:353) | 从 D:\my_project\QQBot\config.yaml 加载配置
[2025-10-02 16:19:40,256.256] WARNING  [MainThread|MainProcess] Config (config.py:create_from_file:304) | [setting] 未知配置项: bot_id
[2025-10-02 16:19:40,256.256] WARNING  [MainThread|MainProcess] Config (config.py:create_from_file:304) | [setting] 未知配置项: root_id
[2025-10-02 16:19:40,256.256] WARNING  [MainThread|MainProcess] Config (config.py:create_from_file:304) | [setting] 未知配置项: bot_name
[2025-10-02 16:19:40,256.256] WARNING  [MainThread|MainProcess] Config (config.py:create_from_file:304) | [setting] 未知配置项: host
[2025-10-02 16:19:40,256.256] WARNING  [MainThread|MainProcess] Config (config.py:create_from_file:304) | [setting] 未知配置项: user
[2025-10-02 16:19:40,256.256] WARNING  [MainThread|MainProcess] Config (config.py:create_from_file:304) | [setting] 未知配置项: password
[2025-10-02 16:19:40,256.256] WARNING  [MainThread|MainProcess] Config (config.py:create_from_file:304) | [setting] 未知配置项: database
[2025-10-02 16:19:40,256.256] WARNING  [MainThread|MainProcess] Config (config.py:create_from_file:304) | [setting] 未知配置项: gaode_map_key
[2025-10-02 16:19:40,256.256] WARNING  [MainThread|MainProcess] Config (config.py:create_from_file:304) | [setting] 未知配置项: crawl_interval
[2025-10-02 16:19:40,314.314] INFO     [MainThread|MainProcess] Config (config.py:validate_config:339) | [BOTQQ]: 3909177943 | [WSURI]: ws://localhost:3001 | [WS_TOKEN]: NcatBot | [ROOT]: 1633360356 | [WEBUI]: http://localhost:6099 | [WEBUI_TOKEN]: 123NcatBot321!@
[2025-10-02 16:19:40,361.361] INFO     [Thread-4 (runner)|MainProcess] PluginLoader (loader.py:load_builtin_plugins:251) | 已加载内置插件数 [2]
[2025-10-02 16:19:40,361.361] INFO     [Thread-4 (runner)|MainProcess] PluginLoader (loader.py:load_plugins:265) | 从 D:\my_project\QQBot\plugins 导入插件
[2025-10-02 16:19:40,366.366] INFO     [Thread-4 (runner)|MainProcess] PackageHelper (packhelper.py:ensure:32) | 依赖已满足: PyMySQL
[2025-10-02 16:19:40,367.367] INFO     [Thread-4 (runner)|MainProcess] PackageHelper (packhelper.py:ensure:32) | 依赖已满足: pyyaml
[2025-10-02 16:19:40,367.367] INFO     [Thread-4 (runner)|MainProcess] PackageHelper (packhelper.py:ensure:32) | 依赖已满足: requests
[2025-10-02 16:19:40,455.455] INFO     [Thread-4 (runner)|MainProcess] PackageHelper (packhelper.py:ensure:32) | 依赖已满足: PyMySQL
[2025-10-02 16:19:40,649.649] INFO     [Thread-4 (runner)|MainProcess] PackageHelper (packhelper.py:ensure:32) | 依赖已满足: requests
[2025-10-02 16:19:40,649.649] INFO     [Thread-4 (runner)|MainProcess] PackageHelper (packhelper.py:ensure:32) | 依赖已满足: bs4
[2025-10-02 16:19:40,650.650] INFO     [Thread-4 (runner)|MainProcess] PackageHelper (packhelper.py:ensure:32) | 依赖已满足: zhconv
[2025-10-02 16:19:40,650.650] INFO     [Thread-4 (runner)|MainProcess] PackageHelper (packhelper.py:ensure:32) | 依赖已满足: pandas
[2025-10-02 16:19:40,651.651] INFO     [Thread-4 (runner)|MainProcess] PackageHelper (packhelper.py:ensure:32) | 依赖已满足: cryptography
[2025-10-02 16:19:40,656.656] INFO     [Thread-4 (runner)|MainProcess] PackageHelper (packhelper.py:ensure:32) | 依赖已满足: torch
[2025-10-02 16:19:40,658.658] INFO     [Thread-4 (runner)|MainProcess] PackageHelper (packhelper.py:ensure:32) | 依赖已满足: numpy
[2025-10-02 16:19:40,659.659] INFO     [Thread-4 (runner)|MainProcess] PackageHelper (packhelper.py:ensure:32) | 依赖已满足: pyyaml
[2025-10-02 16:19:41,682.682] INFO     [Thread-4 (runner)|MainProcess] PluginLoader (loader.py:_import_single:89) | 成功导入插件文件: __init__
[2025-10-02 16:19:41,683.683] INFO     [Thread-4 (runner)|MainProcess] PluginLoader (loader.py:from_class_load_plugins:217) | 加载插件「CS2CaseSimulator」
[2025-10-02 16:19:41,683.683] INFO     [Thread-4 (runner)|MainProcess] PluginLoader (loader.py:from_class_load_plugins:217) | 加载插件「DailyLuck」
[2025-10-02 16:19:41,683.683] INFO     [Thread-4 (runner)|MainProcess] PluginLoader (loader.py:from_class_load_plugins:217) | 加载插件「DailyMusic」
[2025-10-02 16:19:41,684.684] INFO     [Thread-4 (runner)|MainProcess] PluginLoader (loader.py:from_class_load_plugins:217) | 加载插件「DailyWife」
[2025-10-02 16:19:41,684.684] INFO     [Thread-4 (runner)|MainProcess] PluginLoader (loader.py:from_class_load_plugins:217) | 加载插件「GoBang」
[2025-10-02 16:19:41,684.684] INFO     [Thread-4 (runner)|MainProcess] PluginLoader (loader.py:from_class_load_plugins:217) | 加载插件「HistoryDay」
[2025-10-02 16:19:41,685.685] INFO     [Thread-4 (runner)|MainProcess] PluginLoader (loader.py:from_class_load_plugins:217) | 加载插件「Menu」
[2025-10-02 16:19:41,685.685] INFO     [Thread-4 (runner)|MainProcess] PluginLoader (loader.py:from_class_load_plugins:217) | 加载插件「Poem」
[2025-10-02 16:19:41,685.685] INFO     [Thread-4 (runner)|MainProcess] PluginLoader (loader.py:from_class_load_plugins:217) | 加载插件「UUCrawl」
[2025-10-02 16:19:41,686.686] INFO     [Thread-4 (runner)|MainProcess] PluginLoader (loader.py:from_class_load_plugins:217) | 加载插件「UUCrawlMonitor」
[2025-10-02 16:19:41,686.686] INFO     [Thread-4 (runner)|MainProcess] PluginLoader (loader.py:from_class_load_plugins:217) | 加载插件「What2Eat」
[2025-10-02 16:19:41,703.703] INFO     [Thread-4 (runner)|MainProcess] PluginLoader (loader.py:load_plugins:277) | 已加载插件数 [13]
[2025-10-02 16:19:41,704.704] INFO     [MainThread|MainProcess] ncatbot.core.adapter.nc.launch (launch.py:lanuch_napcat_service:104) | 正在以本地模式运行, 检查中...
[2025-10-02 16:19:41,717.717] INFO     [MainThread|MainProcess] ncatbot.core.adapter.nc.launch (launch.py:check_napcat_service_remote:70) | napcat 服务器 ws://localhost:3001 在线, 正在检查账号状态...
[2025-10-02 16:19:41,717.717] WARNING  [MainThread|MainProcess] ncatbot.core.adapter.nc.launch (launch.py:check_napcat_service_remote:72) | 跳过基于 WebUI 交互的检查, 请自行确保 NapCat 已经登录了正确的 QQ 3909177943
[2025-10-02 16:19:41,719.719] INFO     [MainThread|MainProcess] Adapter (adapter.py:connect_websocket:92) | NapCat WebSocket 连接成功
[2025-10-02 16:19:41,719.719] INFO     [Thread-1 (_worker_loop)|MainProcess] Client (client.py:<lambda>:79) | Bot 3909177943 启动成功
[2025-10-02 16:19:50,479.479] INFO     [MainThread|MainProcess] ncatbot.plugin_system (ncatbot_plugin.py:on_close:19) | 插件 SystemManager 卸载成功
[2025-10-02 16:19:50,480.480] INFO     [MainThread|MainProcess] ncatbot.plugin_system (ncatbot_plugin.py:on_close:19) | 插件 UnifiedRegistryPlugin 卸载成功
[2025-10-02 16:19:50,480.480] INFO     [MainThread|MainProcess] ncatbot.plugin_system (ncatbot_plugin.py:on_close:19) | 插件 CS2CaseSimulator 卸载成功
[2025-10-02 16:19:50,481.481] INFO     [MainThread|MainProcess] ncatbot.plugin_system (ncatbot_plugin.py:on_close:19) | 插件 DailyLuck 卸载成功
[2025-10-02 16:19:50,481.481] INFO     [MainThread|MainProcess] ncatbot.plugin_system (ncatbot_plugin.py:on_close:19) | 插件 DailyMusic 卸载成功
[2025-10-02 16:19:50,481.481] INFO     [MainThread|MainProcess] ncatbot.plugin_system (ncatbot_plugin.py:on_close:19) | 插件 DailyWife 卸载成功
[2025-10-02 16:19:50,481.481] INFO     [MainThread|MainProcess] ncatbot.plugin_system (ncatbot_plugin.py:on_close:19) | 插件 GoBang 卸载成功
[2025-10-02 16:19:50,481.481] INFO     [MainThread|MainProcess] ncatbot.plugin_system (ncatbot_plugin.py:on_close:19) | 插件 HistoryDay 卸载成功
[2025-10-02 16:19:50,481.481] INFO     [MainThread|MainProcess] ncatbot.plugin_system (ncatbot_plugin.py:on_close:19) | 插件 Menu 卸载成功
[2025-10-02 16:19:50,482.482] INFO     [MainThread|MainProcess] ncatbot.plugin_system (ncatbot_plugin.py:on_close:19) | 插件 Poem 卸载成功
[2025-10-02 16:19:50,482.482] INFO     [MainThread|MainProcess] ncatbot.plugin_system (ncatbot_plugin.py:on_close:19) | 插件 UUCrawl 卸载成功
[2025-10-02 16:19:50,482.482] INFO     [MainThread|MainProcess] ncatbot.plugin_system (ncatbot_plugin.py:on_close:19) | 插件 UUCrawlMonitor 卸载成功
[2025-10-02 16:19:50,482.482] INFO     [MainThread|MainProcess] ncatbot.plugin_system (ncatbot_plugin.py:on_close:19) | 插件 What2Eat 卸载成功
[2025-10-02 16:19:50,486.486] INFO     [MainThread|MainProcess] Client (client.py:bot_exit:202) | Bot 已经正常退出
[2025-10-02 16:20:28,340.340] DEBUG    [MainThread|MainProcess] logger (logger.py:setup_logging:259) | 日志系统初始化
[2025-10-02 16:20:28,341.341] DEBUG    [MainThread|MainProcess] Config (config.py:load:353) | 从 D:\my_project\QQBot\config.yaml 加载配置
[2025-10-02 16:20:28,342.342] WARNING  [MainThread|MainProcess] Config (config.py:create_from_file:304) | [setting] 未知配置项: bot_id
[2025-10-02 16:20:28,342.342] WARNING  [MainThread|MainProcess] Config (config.py:create_from_file:304) | [setting] 未知配置项: root_id
[2025-10-02 16:20:28,342.342] WARNING  [MainThread|MainProcess] Config (config.py:create_from_file:304) | [setting] 未知配置项: bot_name
[2025-10-02 16:20:28,342.342] WARNING  [MainThread|MainProcess] Config (config.py:create_from_file:304) | [setting] 未知配置项: host
[2025-10-02 16:20:28,342.342] WARNING  [MainThread|MainProcess] Config (config.py:create_from_file:304) | [setting] 未知配置项: user
[2025-10-02 16:20:28,342.342] WARNING  [MainThread|MainProcess] Config (config.py:create_from_file:304) | [setting] 未知配置项: password
[2025-10-02 16:20:28,343.343] WARNING  [MainThread|MainProcess] Config (config.py:create_from_file:304) | [setting] 未知配置项: database
[2025-10-02 16:20:28,343.343] WARNING  [MainThread|MainProcess] Config (config.py:create_from_file:304) | [setting] 未知配置项: gaode_map_key
[2025-10-02 16:20:28,343.343] WARNING  [MainThread|MainProcess] Config (config.py:create_from_file:304) | [setting] 未知配置项: crawl_interval
[2025-10-02 16:20:28,402.402] INFO     [MainThread|MainProcess] Config (config.py:validate_config:339) | [BOTQQ]: 3909177943 | [WSURI]: ws://localhost:3001 | [WS_TOKEN]: NcatBot | [ROOT]: 1633360356 | [WEBUI]: http://localhost:6099 | [WEBUI_TOKEN]: 123NcatBot321!@
[2025-10-02 16:20:28,450.450] INFO     [Thread-4 (runner)|MainProcess] PluginLoader (loader.py:load_builtin_plugins:251) | 已加载内置插件数 [2]
[2025-10-02 16:20:28,451.451] INFO     [Thread-4 (runner)|MainProcess] PluginLoader (loader.py:load_plugins:265) | 从 D:\my_project\QQBot\plugins 导入插件
[2025-10-02 16:20:28,456.456] INFO     [Thread-4 (runner)|MainProcess] PackageHelper (packhelper.py:ensure:32) | 依赖已满足: PyMySQL
[2025-10-02 16:20:28,457.457] INFO     [Thread-4 (runner)|MainProcess] PackageHelper (packhelper.py:ensure:32) | 依赖已满足: pyyaml
[2025-10-02 16:20:28,457.457] INFO     [Thread-4 (runner)|MainProcess] PackageHelper (packhelper.py:ensure:32) | 依赖已满足: requests
[2025-10-02 16:20:28,541.541] INFO     [Thread-4 (runner)|MainProcess] PackageHelper (packhelper.py:ensure:32) | 依赖已满足: PyMySQL
[2025-10-02 16:20:28,726.726] INFO     [Thread-4 (runner)|MainProcess] PackageHelper (packhelper.py:ensure:32) | 依赖已满足: requests
[2025-10-02 16:20:28,726.726] INFO     [Thread-4 (runner)|MainProcess] PackageHelper (packhelper.py:ensure:32) | 依赖已满足: bs4
[2025-10-02 16:20:28,727.727] INFO     [Thread-4 (runner)|MainProcess] PackageHelper (packhelper.py:ensure:32) | 依赖已满足: zhconv
[2025-10-02 16:20:28,728.728] INFO     [Thread-4 (runner)|MainProcess] PackageHelper (packhelper.py:ensure:32) | 依赖已满足: pandas
[2025-10-02 16:20:28,728.728] INFO     [Thread-4 (runner)|MainProcess] PackageHelper (packhelper.py:ensure:32) | 依赖已满足: cryptography
[2025-10-02 16:20:28,733.733] INFO     [Thread-4 (runner)|MainProcess] PackageHelper (packhelper.py:ensure:32) | 依赖已满足: torch
[2025-10-02 16:20:28,735.735] INFO     [Thread-4 (runner)|MainProcess] PackageHelper (packhelper.py:ensure:32) | 依赖已满足: numpy
[2025-10-02 16:20:28,735.735] INFO     [Thread-4 (runner)|MainProcess] PackageHelper (packhelper.py:ensure:32) | 依赖已满足: pyyaml
[2025-10-02 16:20:29,772.772] INFO     [Thread-4 (runner)|MainProcess] PluginLoader (loader.py:_import_single:89) | 成功导入插件文件: __init__
[2025-10-02 16:20:29,773.773] INFO     [Thread-4 (runner)|MainProcess] PluginLoader (loader.py:from_class_load_plugins:217) | 加载插件「CS2CaseSimulator」
[2025-10-02 16:20:29,773.773] INFO     [Thread-4 (runner)|MainProcess] PluginLoader (loader.py:from_class_load_plugins:217) | 加载插件「DailyLuck」
[2025-10-02 16:20:29,773.773] INFO     [Thread-4 (runner)|MainProcess] PluginLoader (loader.py:from_class_load_plugins:217) | 加载插件「DailyMusic」
[2025-10-02 16:20:29,774.774] INFO     [Thread-4 (runner)|MainProcess] PluginLoader (loader.py:from_class_load_plugins:217) | 加载插件「DailyWife」
[2025-10-02 16:20:29,774.774] INFO     [Thread-4 (runner)|MainProcess] PluginLoader (loader.py:from_class_load_plugins:217) | 加载插件「GoBang」
[2025-10-02 16:20:29,774.774] INFO     [Thread-4 (runner)|MainProcess] PluginLoader (loader.py:from_class_load_plugins:217) | 加载插件「HistoryDay」
[2025-10-02 16:20:29,775.775] INFO     [Thread-4 (runner)|MainProcess] PluginLoader (loader.py:from_class_load_plugins:217) | 加载插件「Menu」
[2025-10-02 16:20:29,775.775] INFO     [Thread-4 (runner)|MainProcess] PluginLoader (loader.py:from_class_load_plugins:217) | 加载插件「Poem」
[2025-10-02 16:20:29,775.775] INFO     [Thread-4 (runner)|MainProcess] PluginLoader (loader.py:from_class_load_plugins:217) | 加载插件「UUCrawl」
[2025-10-02 16:20:29,776.776] INFO     [Thread-4 (runner)|MainProcess] PluginLoader (loader.py:from_class_load_plugins:217) | 加载插件「UUCrawlMonitor」
[2025-10-02 16:20:29,776.776] INFO     [Thread-4 (runner)|MainProcess] PluginLoader (loader.py:from_class_load_plugins:217) | 加载插件「What2Eat」
[2025-10-02 16:20:29,792.792] INFO     [Thread-4 (runner)|MainProcess] PluginLoader (loader.py:load_plugins:277) | 已加载插件数 [13]
[2025-10-02 16:20:29,793.793] INFO     [MainThread|MainProcess] ncatbot.core.adapter.nc.launch (launch.py:lanuch_napcat_service:104) | 正在以本地模式运行, 检查中...
[2025-10-02 16:20:29,807.807] INFO     [MainThread|MainProcess] ncatbot.core.adapter.nc.launch (launch.py:check_napcat_service_remote:70) | napcat 服务器 ws://localhost:3001 在线, 正在检查账号状态...
[2025-10-02 16:20:29,807.807] WARNING  [MainThread|MainProcess] ncatbot.core.adapter.nc.launch (launch.py:check_napcat_service_remote:72) | 跳过基于 WebUI 交互的检查, 请自行确保 NapCat 已经登录了正确的 QQ 3909177943
[2025-10-02 16:20:29,809.809] INFO     [MainThread|MainProcess] Adapter (adapter.py:connect_websocket:92) | NapCat WebSocket 连接成功
[2025-10-02 16:20:29,809.809] INFO     [Thread-1 (_worker_loop)|MainProcess] Client (client.py:<lambda>:79) | Bot 3909177943 启动成功
[2025-10-02 16:20:40,868.868] INFO     [MainThread|MainProcess] ncatbot.plugin_system (ncatbot_plugin.py:on_close:19) | 插件 SystemManager 卸载成功
[2025-10-02 16:20:40,868.868] INFO     [MainThread|MainProcess] ncatbot.plugin_system (ncatbot_plugin.py:on_close:19) | 插件 UnifiedRegistryPlugin 卸载成功
[2025-10-02 16:20:40,869.869] INFO     [MainThread|MainProcess] ncatbot.plugin_system (ncatbot_plugin.py:on_close:19) | 插件 CS2CaseSimulator 卸载成功
[2025-10-02 16:20:40,869.869] INFO     [MainThread|MainProcess] ncatbot.plugin_system (ncatbot_plugin.py:on_close:19) | 插件 DailyLuck 卸载成功
[2025-10-02 16:20:40,869.869] INFO     [MainThread|MainProcess] ncatbot.plugin_system (ncatbot_plugin.py:on_close:19) | 插件 DailyMusic 卸载成功
[2025-10-02 16:20:40,869.869] INFO     [MainThread|MainProcess] ncatbot.plugin_system (ncatbot_plugin.py:on_close:19) | 插件 DailyWife 卸载成功
[2025-10-02 16:20:40,869.869] INFO     [MainThread|MainProcess] ncatbot.plugin_system (ncatbot_plugin.py:on_close:19) | 插件 GoBang 卸载成功
[2025-10-02 16:20:40,869.869] INFO     [MainThread|MainProcess] ncatbot.plugin_system (ncatbot_plugin.py:on_close:19) | 插件 HistoryDay 卸载成功
[2025-10-02 16:20:40,870.870] INFO     [MainThread|MainProcess] ncatbot.plugin_system (ncatbot_plugin.py:on_close:19) | 插件 Menu 卸载成功
[2025-10-02 16:20:40,870.870] INFO     [MainThread|MainProcess] ncatbot.plugin_system (ncatbot_plugin.py:on_close:19) | 插件 Poem 卸载成功
[2025-10-02 16:20:40,870.870] INFO     [MainThread|MainProcess] ncatbot.plugin_system (ncatbot_plugin.py:on_close:19) | 插件 UUCrawl 卸载成功
[2025-10-02 16:20:40,870.870] INFO     [MainThread|MainProcess] ncatbot.plugin_system (ncatbot_plugin.py:on_close:19) | 插件 UUCrawlMonitor 卸载成功
[2025-10-02 16:20:40,870.870] INFO     [MainThread|MainProcess] ncatbot.plugin_system (ncatbot_plugin.py:on_close:19) | 插件 What2Eat 卸载成功
[2025-10-02 16:20:40,874.874] INFO     [MainThread|MainProcess] Client (client.py:bot_exit:202) | Bot 已经正常退出
[2025-10-02 16:21:59,647.647] DEBUG    [MainThread|MainProcess] logger (logger.py:setup_logging:259) | 日志系统初始化
[2025-10-02 16:21:59,649.649] DEBUG    [MainThread|MainProcess] Config (config.py:load:353) | 从 D:\my_project\QQBot\config.yaml 加载配置
[2025-10-02 16:21:59,650.650] WARNING  [MainThread|MainProcess] Config (config.py:create_from_file:304) | [setting] 未知配置项: bot_id
[2025-10-02 16:21:59,650.650] WARNING  [MainThread|MainProcess] Config (config.py:create_from_file:304) | [setting] 未知配置项: root_id
[2025-10-02 16:21:59,650.650] WARNING  [MainThread|MainProcess] Config (config.py:create_from_file:304) | [setting] 未知配置项: bot_name
[2025-10-02 16:21:59,650.650] WARNING  [MainThread|MainProcess] Config (config.py:create_from_file:304) | [setting] 未知配置项: host
[2025-10-02 16:21:59,650.650] WARNING  [MainThread|MainProcess] Config (config.py:create_from_file:304) | [setting] 未知配置项: user
[2025-10-02 16:21:59,650.650] WARNING  [MainThread|MainProcess] Config (config.py:create_from_file:304) | [setting] 未知配置项: password
[2025-10-02 16:21:59,650.650] WARNING  [MainThread|MainProcess] Config (config.py:create_from_file:304) | [setting] 未知配置项: database
[2025-10-02 16:21:59,650.650] WARNING  [MainThread|MainProcess] Config (config.py:create_from_file:304) | [setting] 未知配置项: gaode_map_key
[2025-10-02 16:21:59,650.650] WARNING  [MainThread|MainProcess] Config (config.py:create_from_file:304) | [setting] 未知配置项: crawl_interval
[2025-10-02 16:21:59,711.711] INFO     [MainThread|MainProcess] Config (config.py:validate_config:339) | [BOTQQ]: 3909177943 | [WSURI]: ws://localhost:3001 | [WS_TOKEN]: NcatBot | [ROOT]: 1633360356 | [WEBUI]: http://localhost:6099 | [WEBUI_TOKEN]: 123NcatBot321!@
[2025-10-02 16:21:59,758.758] INFO     [Thread-4 (runner)|MainProcess] PluginLoader (loader.py:load_builtin_plugins:251) | 已加载内置插件数 [2]
[2025-10-02 16:21:59,759.759] INFO     [Thread-4 (runner)|MainProcess] PluginLoader (loader.py:load_plugins:265) | 从 D:\my_project\QQBot\plugins 导入插件
[2025-10-02 16:21:59,764.764] INFO     [Thread-4 (runner)|MainProcess] PackageHelper (packhelper.py:ensure:32) | 依赖已满足: PyMySQL
[2025-10-02 16:21:59,764.764] INFO     [Thread-4 (runner)|MainProcess] PackageHelper (packhelper.py:ensure:32) | 依赖已满足: pyyaml
[2025-10-02 16:21:59,765.765] INFO     [Thread-4 (runner)|MainProcess] PackageHelper (packhelper.py:ensure:32) | 依赖已满足: requests
[2025-10-02 16:21:59,847.847] INFO     [Thread-4 (runner)|MainProcess] PackageHelper (packhelper.py:ensure:32) | 依赖已满足: PyMySQL
[2025-10-02 16:22:00,042.042] INFO     [Thread-4 (runner)|MainProcess] PackageHelper (packhelper.py:ensure:32) | 依赖已满足: requests
[2025-10-02 16:22:00,043.043] INFO     [Thread-4 (runner)|MainProcess] PackageHelper (packhelper.py:ensure:32) | 依赖已满足: bs4
[2025-10-02 16:22:00,043.043] INFO     [Thread-4 (runner)|MainProcess] PackageHelper (packhelper.py:ensure:32) | 依赖已满足: zhconv
[2025-10-02 16:22:00,044.044] INFO     [Thread-4 (runner)|MainProcess] PackageHelper (packhelper.py:ensure:32) | 依赖已满足: pandas
[2025-10-02 16:22:00,045.045] INFO     [Thread-4 (runner)|MainProcess] PackageHelper (packhelper.py:ensure:32) | 依赖已满足: cryptography
[2025-10-02 16:22:00,050.050] INFO     [Thread-4 (runner)|MainProcess] PackageHelper (packhelper.py:ensure:32) | 依赖已满足: torch
[2025-10-02 16:22:00,052.052] INFO     [Thread-4 (runner)|MainProcess] PackageHelper (packhelper.py:ensure:32) | 依赖已满足: numpy
[2025-10-02 16:22:00,052.052] INFO     [Thread-4 (runner)|MainProcess] PackageHelper (packhelper.py:ensure:32) | 依赖已满足: pyyaml
[2025-10-02 16:22:01,082.082] INFO     [Thread-4 (runner)|MainProcess] PluginLoader (loader.py:_import_single:89) | 成功导入插件文件: __init__
[2025-10-02 16:22:01,083.083] INFO     [Thread-4 (runner)|MainProcess] PluginLoader (loader.py:from_class_load_plugins:217) | 加载插件「CS2CaseSimulator」
[2025-10-02 16:22:01,083.083] INFO     [Thread-4 (runner)|MainProcess] PluginLoader (loader.py:from_class_load_plugins:217) | 加载插件「DailyLuck」
[2025-10-02 16:22:01,083.083] INFO     [Thread-4 (runner)|MainProcess] PluginLoader (loader.py:from_class_load_plugins:217) | 加载插件「DailyMusic」
[2025-10-02 16:22:01,084.084] INFO     [Thread-4 (runner)|MainProcess] PluginLoader (loader.py:from_class_load_plugins:217) | 加载插件「DailyWife」
[2025-10-02 16:22:01,084.084] INFO     [Thread-4 (runner)|MainProcess] PluginLoader (loader.py:from_class_load_plugins:217) | 加载插件「GoBang」
[2025-10-02 16:22:01,085.085] INFO     [Thread-4 (runner)|MainProcess] PluginLoader (loader.py:from_class_load_plugins:217) | 加载插件「HistoryDay」
[2025-10-02 16:22:01,085.085] INFO     [Thread-4 (runner)|MainProcess] PluginLoader (loader.py:from_class_load_plugins:217) | 加载插件「Menu」
[2025-10-02 16:22:01,086.086] INFO     [Thread-4 (runner)|MainProcess] PluginLoader (loader.py:from_class_load_plugins:217) | 加载插件「Poem」
[2025-10-02 16:22:01,086.086] INFO     [Thread-4 (runner)|MainProcess] PluginLoader (loader.py:from_class_load_plugins:217) | 加载插件「UUCrawl」
[2025-10-02 16:22:01,086.086] INFO     [Thread-4 (runner)|MainProcess] PluginLoader (loader.py:from_class_load_plugins:217) | 加载插件「UUCrawlMonitor」
[2025-10-02 16:22:01,087.087] INFO     [Thread-4 (runner)|MainProcess] PluginLoader (loader.py:from_class_load_plugins:217) | 加载插件「What2Eat」
[2025-10-02 16:22:01,103.103] INFO     [Thread-4 (runner)|MainProcess] PluginLoader (loader.py:load_plugins:277) | 已加载插件数 [13]
[2025-10-02 16:22:01,104.104] INFO     [MainThread|MainProcess] ncatbot.core.adapter.nc.launch (launch.py:lanuch_napcat_service:104) | 正在以本地模式运行, 检查中...
[2025-10-02 16:22:01,117.117] INFO     [MainThread|MainProcess] ncatbot.core.adapter.nc.launch (launch.py:check_napcat_service_remote:70) | napcat 服务器 ws://localhost:3001 在线, 正在检查账号状态...
[2025-10-02 16:22:01,117.117] WARNING  [MainThread|MainProcess] ncatbot.core.adapter.nc.launch (launch.py:check_napcat_service_remote:72) | 跳过基于 WebUI 交互的检查, 请自行确保 NapCat 已经登录了正确的 QQ 3909177943
[2025-10-02 16:22:01,119.119] INFO     [MainThread|MainProcess] Adapter (adapter.py:connect_websocket:92) | NapCat WebSocket 连接成功
[2025-10-02 16:22:01,119.119] INFO     [Thread-1 (_worker_loop)|MainProcess] Client (client.py:<lambda>:79) | Bot 3909177943 启动成功
[2025-10-02 16:22:11,546.546] INFO     [MainThread|MainProcess] ncatbot.plugin_system (ncatbot_plugin.py:on_close:19) | 插件 SystemManager 卸载成功
[2025-10-02 16:22:11,547.547] INFO     [MainThread|MainProcess] ncatbot.plugin_system (ncatbot_plugin.py:on_close:19) | 插件 UnifiedRegistryPlugin 卸载成功
[2025-10-02 16:22:11,547.547] INFO     [MainThread|MainProcess] ncatbot.plugin_system (ncatbot_plugin.py:on_close:19) | 插件 CS2CaseSimulator 卸载成功
[2025-10-02 16:22:11,547.547] INFO     [MainThread|MainProcess] ncatbot.plugin_system (ncatbot_plugin.py:on_close:19) | 插件 DailyLuck 卸载成功
[2025-10-02 16:22:11,548.548] INFO     [MainThread|MainProcess] ncatbot.plugin_system (ncatbot_plugin.py:on_close:19) | 插件 DailyMusic 卸载成功
[2025-10-02 16:22:11,548.548] INFO     [MainThread|MainProcess] ncatbot.plugin_system (ncatbot_plugin.py:on_close:19) | 插件 DailyWife 卸载成功
[2025-10-02 16:22:11,548.548] INFO     [MainThread|MainProcess] ncatbot.plugin_system (ncatbot_plugin.py:on_close:19) | 插件 GoBang 卸载成功
[2025-10-02 16:22:11,548.548] INFO     [MainThread|MainProcess] ncatbot.plugin_system (ncatbot_plugin.py:on_close:19) | 插件 HistoryDay 卸载成功
[2025-10-02 16:22:11,549.549] INFO     [MainThread|MainProcess] ncatbot.plugin_system (ncatbot_plugin.py:on_close:19) | 插件 Menu 卸载成功
[2025-10-02 16:22:11,549.549] INFO     [MainThread|MainProcess] ncatbot.plugin_system (ncatbot_plugin.py:on_close:19) | 插件 Poem 卸载成功
[2025-10-02 16:22:11,549.549] INFO     [MainThread|MainProcess] ncatbot.plugin_system (ncatbot_plugin.py:on_close:19) | 插件 UUCrawl 卸载成功
[2025-10-02 16:22:11,549.549] INFO     [MainThread|MainProcess] ncatbot.plugin_system (ncatbot_plugin.py:on_close:19) | 插件 UUCrawlMonitor 卸载成功
[2025-10-02 16:22:11,549.549] INFO     [MainThread|MainProcess] ncatbot.plugin_system (ncatbot_plugin.py:on_close:19) | 插件 What2Eat 卸载成功
[2025-10-02 16:22:11,553.553] INFO     [MainThread|MainProcess] Client (client.py:bot_exit:202) | Bot 已经正常退出
[2025-10-02 16:22:32,610.610] DEBUG    [MainThread|MainProcess] logger (logger.py:setup_logging:259) | 日志系统初始化
[2025-10-02 16:22:32,612.612] DEBUG    [MainThread|MainProcess] Config (config.py:load:353) | 从 D:\my_project\QQBot\config.yaml 加载配置
[2025-10-02 16:22:32,613.613] WARNING  [MainThread|MainProcess] Config (config.py:create_from_file:304) | [setting] 未知配置项: bot_id
[2025-10-02 16:22:32,613.613] WARNING  [MainThread|MainProcess] Config (config.py:create_from_file:304) | [setting] 未知配置项: root_id
[2025-10-02 16:22:32,613.613] WARNING  [MainThread|MainProcess] Config (config.py:create_from_file:304) | [setting] 未知配置项: bot_name
[2025-10-02 16:22:32,614.614] WARNING  [MainThread|MainProcess] Config (config.py:create_from_file:304) | [setting] 未知配置项: host
[2025-10-02 16:22:32,614.614] WARNING  [MainThread|MainProcess] Config (config.py:create_from_file:304) | [setting] 未知配置项: user
[2025-10-02 16:22:32,614.614] WARNING  [MainThread|MainProcess] Config (config.py:create_from_file:304) | [setting] 未知配置项: password
[2025-10-02 16:22:32,614.614] WARNING  [MainThread|MainProcess] Config (config.py:create_from_file:304) | [setting] 未知配置项: database
[2025-10-02 16:22:32,614.614] WARNING  [MainThread|MainProcess] Config (config.py:create_from_file:304) | [setting] 未知配置项: gaode_map_key
[2025-10-02 16:22:32,614.614] WARNING  [MainThread|MainProcess] Config (config.py:create_from_file:304) | [setting] 未知配置项: crawl_interval
[2025-10-02 16:22:32,676.676] INFO     [MainThread|MainProcess] Config (config.py:validate_config:339) | [BOTQQ]: 3909177943 | [WSURI]: ws://localhost:3001 | [WS_TOKEN]: NcatBot | [ROOT]: 1633360356 | [WEBUI]: http://localhost:6099 | [WEBUI_TOKEN]: 123NcatBot321!@
[2025-10-02 16:22:32,723.723] INFO     [Thread-4 (runner)|MainProcess] PluginLoader (loader.py:load_builtin_plugins:251) | 已加载内置插件数 [2]
[2025-10-02 16:22:32,723.723] INFO     [Thread-4 (runner)|MainProcess] PluginLoader (loader.py:load_plugins:265) | 从 D:\my_project\QQBot\plugins 导入插件
[2025-10-02 16:22:32,728.728] INFO     [Thread-4 (runner)|MainProcess] PackageHelper (packhelper.py:ensure:32) | 依赖已满足: PyMySQL
[2025-10-02 16:22:32,729.729] INFO     [Thread-4 (runner)|MainProcess] PackageHelper (packhelper.py:ensure:32) | 依赖已满足: pyyaml
[2025-10-02 16:22:32,730.730] INFO     [Thread-4 (runner)|MainProcess] PackageHelper (packhelper.py:ensure:32) | 依赖已满足: requests
[2025-10-02 16:22:32,815.815] INFO     [Thread-4 (runner)|MainProcess] PackageHelper (packhelper.py:ensure:32) | 依赖已满足: PyMySQL
[2025-10-02 16:22:33,014.014] INFO     [Thread-4 (runner)|MainProcess] PackageHelper (packhelper.py:ensure:32) | 依赖已满足: requests
[2025-10-02 16:22:33,015.015] INFO     [Thread-4 (runner)|MainProcess] PackageHelper (packhelper.py:ensure:32) | 依赖已满足: bs4
[2025-10-02 16:22:33,015.015] INFO     [Thread-4 (runner)|MainProcess] PackageHelper (packhelper.py:ensure:32) | 依赖已满足: zhconv
[2025-10-02 16:22:33,016.016] INFO     [Thread-4 (runner)|MainProcess] PackageHelper (packhelper.py:ensure:32) | 依赖已满足: pandas
[2025-10-02 16:22:33,017.017] INFO     [Thread-4 (runner)|MainProcess] PackageHelper (packhelper.py:ensure:32) | 依赖已满足: cryptography
[2025-10-02 16:22:33,021.021] INFO     [Thread-4 (runner)|MainProcess] PackageHelper (packhelper.py:ensure:32) | 依赖已满足: torch
[2025-10-02 16:22:33,024.024] INFO     [Thread-4 (runner)|MainProcess] PackageHelper (packhelper.py:ensure:32) | 依赖已满足: numpy
[2025-10-02 16:22:33,024.024] INFO     [Thread-4 (runner)|MainProcess] PackageHelper (packhelper.py:ensure:32) | 依赖已满足: pyyaml
[2025-10-02 16:22:34,087.087] INFO     [Thread-4 (runner)|MainProcess] PluginLoader (loader.py:_import_single:89) | 成功导入插件文件: __init__
[2025-10-02 16:22:34,088.088] INFO     [Thread-4 (runner)|MainProcess] PluginLoader (loader.py:from_class_load_plugins:217) | 加载插件「CS2CaseSimulator」
[2025-10-02 16:22:34,088.088] INFO     [Thread-4 (runner)|MainProcess] PluginLoader (loader.py:from_class_load_plugins:217) | 加载插件「DailyLuck」
[2025-10-02 16:22:34,088.088] INFO     [Thread-4 (runner)|MainProcess] PluginLoader (loader.py:from_class_load_plugins:217) | 加载插件「DailyMusic」
[2025-10-02 16:22:34,089.089] INFO     [Thread-4 (runner)|MainProcess] PluginLoader (loader.py:from_class_load_plugins:217) | 加载插件「DailyWife」
[2025-10-02 16:22:34,089.089] INFO     [Thread-4 (runner)|MainProcess] PluginLoader (loader.py:from_class_load_plugins:217) | 加载插件「GoBang」
[2025-10-02 16:22:34,090.090] INFO     [Thread-4 (runner)|MainProcess] PluginLoader (loader.py:from_class_load_plugins:217) | 加载插件「HistoryDay」
[2025-10-02 16:22:34,090.090] INFO     [Thread-4 (runner)|MainProcess] PluginLoader (loader.py:from_class_load_plugins:217) | 加载插件「Menu」
[2025-10-02 16:22:34,090.090] INFO     [Thread-4 (runner)|MainProcess] PluginLoader (loader.py:from_class_load_plugins:217) | 加载插件「Poem」
[2025-10-02 16:22:34,091.091] INFO     [Thread-4 (runner)|MainProcess] PluginLoader (loader.py:from_class_load_plugins:217) | 加载插件「UUCrawl」
[2025-10-02 16:22:34,091.091] INFO     [Thread-4 (runner)|MainProcess] PluginLoader (loader.py:from_class_load_plugins:217) | 加载插件「UUCrawlMonitor」
[2025-10-02 16:22:34,092.092] INFO     [Thread-4 (runner)|MainProcess] PluginLoader (loader.py:from_class_load_plugins:217) | 加载插件「What2Eat」
[2025-10-02 16:22:34,108.108] INFO     [Thread-4 (runner)|MainProcess] PluginLoader (loader.py:load_plugins:277) | 已加载插件数 [13]
[2025-10-02 16:22:34,109.109] INFO     [MainThread|MainProcess] ncatbot.core.adapter.nc.launch (launch.py:lanuch_napcat_service:104) | 正在以本地模式运行, 检查中...
[2025-10-02 16:22:34,122.122] INFO     [MainThread|MainProcess] ncatbot.core.adapter.nc.launch (launch.py:check_napcat_service_remote:70) | napcat 服务器 ws://localhost:3001 在线, 正在检查账号状态...
[2025-10-02 16:22:34,122.122] WARNING  [MainThread|MainProcess] ncatbot.core.adapter.nc.launch (launch.py:check_napcat_service_remote:72) | 跳过基于 WebUI 交互的检查, 请自行确保 NapCat 已经登录了正确的 QQ 3909177943
[2025-10-02 16:22:34,124.124] INFO     [MainThread|MainProcess] Adapter (adapter.py:connect_websocket:92) | NapCat WebSocket 连接成功
[2025-10-02 16:22:34,124.124] INFO     [Thread-1 (_worker_loop)|MainProcess] Client (client.py:<lambda>:79) | Bot 3909177943 启动成功
[2025-10-02 16:22:42,924.924] INFO     [MainThread|MainProcess] ncatbot.plugin_system (ncatbot_plugin.py:on_close:19) | 插件 SystemManager 卸载成功
[2025-10-02 16:22:42,925.925] INFO     [MainThread|MainProcess] ncatbot.plugin_system (ncatbot_plugin.py:on_close:19) | 插件 UnifiedRegistryPlugin 卸载成功
[2025-10-02 16:22:42,925.925] INFO     [MainThread|MainProcess] ncatbot.plugin_system (ncatbot_plugin.py:on_close:19) | 插件 CS2CaseSimulator 卸载成功
[2025-10-02 16:22:42,925.925] INFO     [MainThread|MainProcess] ncatbot.plugin_system (ncatbot_plugin.py:on_close:19) | 插件 DailyLuck 卸载成功
[2025-10-02 16:22:42,926.926] INFO     [MainThread|MainProcess] ncatbot.plugin_system (ncatbot_plugin.py:on_close:19) | 插件 DailyMusic 卸载成功
[2025-10-02 16:22:42,926.926] INFO     [MainThread|MainProcess] ncatbot.plugin_system (ncatbot_plugin.py:on_close:19) | 插件 DailyWife 卸载成功
[2025-10-02 16:22:42,926.926] INFO     [MainThread|MainProcess] ncatbot.plugin_system (ncatbot_plugin.py:on_close:19) | 插件 GoBang 卸载成功
[2025-10-02 16:22:42,926.926] INFO     [MainThread|MainProcess] ncatbot.plugin_system (ncatbot_plugin.py:on_close:19) | 插件 HistoryDay 卸载成功
[2025-10-02 16:22:42,926.926] INFO     [MainThread|MainProcess] ncatbot.plugin_system (ncatbot_plugin.py:on_close:19) | 插件 Menu 卸载成功
[2025-10-02 16:22:42,927.927] INFO     [MainThread|MainProcess] ncatbot.plugin_system (ncatbot_plugin.py:on_close:19) | 插件 Poem 卸载成功
[2025-10-02 16:22:42,927.927] INFO     [MainThread|MainProcess] ncatbot.plugin_system (ncatbot_plugin.py:on_close:19) | 插件 UUCrawl 卸载成功
[2025-10-02 16:22:42,927.927] INFO     [MainThread|MainProcess] ncatbot.plugin_system (ncatbot_plugin.py:on_close:19) | 插件 UUCrawlMonitor 卸载成功
[2025-10-02 16:22:42,927.927] INFO     [MainThread|MainProcess] ncatbot.plugin_system (ncatbot_plugin.py:on_close:19) | 插件 What2Eat 卸载成功
[2025-10-02 16:22:42,931.931] INFO     [MainThread|MainProcess] Client (client.py:bot_exit:202) | Bot 已经正常退出
[2025-10-02 16:23:24,138.138] DEBUG    [MainThread|MainProcess] logger (logger.py:setup_logging:259) | 日志系统初始化
[2025-10-02 16:23:24,140.140] DEBUG    [MainThread|MainProcess] Config (config.py:load:353) | 从 D:\my_project\QQBot\config.yaml 加载配置
[2025-10-02 16:23:24,141.141] WARNING  [MainThread|MainProcess] Config (config.py:create_from_file:304) | [setting] 未知配置项: bot_id
[2025-10-02 16:23:24,141.141] WARNING  [MainThread|MainProcess] Config (config.py:create_from_file:304) | [setting] 未知配置项: root_id
[2025-10-02 16:23:24,141.141] WARNING  [MainThread|MainProcess] Config (config.py:create_from_file:304) | [setting] 未知配置项: bot_name
[2025-10-02 16:23:24,141.141] WARNING  [MainThread|MainProcess] Config (config.py:create_from_file:304) | [setting] 未知配置项: host
[2025-10-02 16:23:24,141.141] WARNING  [MainThread|MainProcess] Config (config.py:create_from_file:304) | [setting] 未知配置项: user
[2025-10-02 16:23:24,141.141] WARNING  [MainThread|MainProcess] Config (config.py:create_from_file:304) | [setting] 未知配置项: password
[2025-10-02 16:23:24,141.141] WARNING  [MainThread|MainProcess] Config (config.py:create_from_file:304) | [setting] 未知配置项: database
[2025-10-02 16:23:24,141.141] WARNING  [MainThread|MainProcess] Config (config.py:create_from_file:304) | [setting] 未知配置项: gaode_map_key
[2025-10-02 16:23:24,141.141] WARNING  [MainThread|MainProcess] Config (config.py:create_from_file:304) | [setting] 未知配置项: crawl_interval
[2025-10-02 16:23:24,204.204] INFO     [MainThread|MainProcess] Config (config.py:validate_config:339) | [BOTQQ]: 3909177943 | [WSURI]: ws://localhost:3001 | [WS_TOKEN]: NcatBot | [ROOT]: 1633360356 | [WEBUI]: http://localhost:6099 | [WEBUI_TOKEN]: 123NcatBot321!@
[2025-10-02 16:23:24,251.251] INFO     [Thread-4 (runner)|MainProcess] PluginLoader (loader.py:load_builtin_plugins:251) | 已加载内置插件数 [2]
[2025-10-02 16:23:24,251.251] INFO     [Thread-4 (runner)|MainProcess] PluginLoader (loader.py:load_plugins:265) | 从 D:\my_project\QQBot\plugins 导入插件
[2025-10-02 16:23:24,256.256] INFO     [Thread-4 (runner)|MainProcess] PackageHelper (packhelper.py:ensure:32) | 依赖已满足: PyMySQL
[2025-10-02 16:23:24,257.257] INFO     [Thread-4 (runner)|MainProcess] PackageHelper (packhelper.py:ensure:32) | 依赖已满足: pyyaml
[2025-10-02 16:23:24,258.258] INFO     [Thread-4 (runner)|MainProcess] PackageHelper (packhelper.py:ensure:32) | 依赖已满足: requests
[2025-10-02 16:23:24,344.344] INFO     [Thread-4 (runner)|MainProcess] PackageHelper (packhelper.py:ensure:32) | 依赖已满足: PyMySQL
[2025-10-02 16:23:24,535.535] INFO     [Thread-4 (runner)|MainProcess] PackageHelper (packhelper.py:ensure:32) | 依赖已满足: requests
[2025-10-02 16:23:24,536.536] INFO     [Thread-4 (runner)|MainProcess] PackageHelper (packhelper.py:ensure:32) | 依赖已满足: bs4
[2025-10-02 16:23:24,536.536] INFO     [Thread-4 (runner)|MainProcess] PackageHelper (packhelper.py:ensure:32) | 依赖已满足: zhconv
[2025-10-02 16:23:24,537.537] INFO     [Thread-4 (runner)|MainProcess] PackageHelper (packhelper.py:ensure:32) | 依赖已满足: pandas
[2025-10-02 16:23:24,538.538] INFO     [Thread-4 (runner)|MainProcess] PackageHelper (packhelper.py:ensure:32) | 依赖已满足: cryptography
[2025-10-02 16:23:24,542.542] INFO     [Thread-4 (runner)|MainProcess] PackageHelper (packhelper.py:ensure:32) | 依赖已满足: torch
[2025-10-02 16:23:24,544.544] INFO     [Thread-4 (runner)|MainProcess] PackageHelper (packhelper.py:ensure:32) | 依赖已满足: numpy
[2025-10-02 16:23:24,545.545] INFO     [Thread-4 (runner)|MainProcess] PackageHelper (packhelper.py:ensure:32) | 依赖已满足: pyyaml
[2025-10-02 16:23:25,607.607] INFO     [Thread-4 (runner)|MainProcess] PluginLoader (loader.py:_import_single:89) | 成功导入插件文件: __init__
[2025-10-02 16:23:25,607.607] INFO     [Thread-4 (runner)|MainProcess] PluginLoader (loader.py:from_class_load_plugins:217) | 加载插件「CS2CaseSimulator」
[2025-10-02 16:23:25,607.607] INFO     [Thread-4 (runner)|MainProcess] PluginLoader (loader.py:from_class_load_plugins:217) | 加载插件「DailyLuck」
[2025-10-02 16:23:25,608.608] INFO     [Thread-4 (runner)|MainProcess] PluginLoader (loader.py:from_class_load_plugins:217) | 加载插件「DailyMusic」
[2025-10-02 16:23:25,608.608] INFO     [Thread-4 (runner)|MainProcess] PluginLoader (loader.py:from_class_load_plugins:217) | 加载插件「DailyWife」
[2025-10-02 16:23:25,608.608] INFO     [Thread-4 (runner)|MainProcess] PluginLoader (loader.py:from_class_load_plugins:217) | 加载插件「GoBang」
[2025-10-02 16:23:25,609.609] INFO     [Thread-4 (runner)|MainProcess] PluginLoader (loader.py:from_class_load_plugins:217) | 加载插件「HistoryDay」
[2025-10-02 16:23:25,609.609] INFO     [Thread-4 (runner)|MainProcess] PluginLoader (loader.py:from_class_load_plugins:217) | 加载插件「Menu」
[2025-10-02 16:23:25,610.610] INFO     [Thread-4 (runner)|MainProcess] PluginLoader (loader.py:from_class_load_plugins:217) | 加载插件「Poem」
[2025-10-02 16:23:25,610.610] INFO     [Thread-4 (runner)|MainProcess] PluginLoader (loader.py:from_class_load_plugins:217) | 加载插件「UUCrawl」
[2025-10-02 16:23:25,610.610] INFO     [Thread-4 (runner)|MainProcess] PluginLoader (loader.py:from_class_load_plugins:217) | 加载插件「UUCrawlMonitor」
[2025-10-02 16:23:25,611.611] INFO     [Thread-4 (runner)|MainProcess] PluginLoader (loader.py:from_class_load_plugins:217) | 加载插件「What2Eat」
[2025-10-02 16:23:25,628.628] INFO     [Thread-4 (runner)|MainProcess] PluginLoader (loader.py:load_plugins:277) | 已加载插件数 [13]
[2025-10-02 16:23:25,629.629] INFO     [MainThread|MainProcess] ncatbot.core.adapter.nc.launch (launch.py:lanuch_napcat_service:104) | 正在以本地模式运行, 检查中...
[2025-10-02 16:23:25,644.644] INFO     [MainThread|MainProcess] ncatbot.core.adapter.nc.launch (launch.py:check_napcat_service_remote:70) | napcat 服务器 ws://localhost:3001 在线, 正在检查账号状态...
[2025-10-02 16:23:25,644.644] WARNING  [MainThread|MainProcess] ncatbot.core.adapter.nc.launch (launch.py:check_napcat_service_remote:72) | 跳过基于 WebUI 交互的检查, 请自行确保 NapCat 已经登录了正确的 QQ 3909177943
[2025-10-02 16:23:25,647.647] INFO     [MainThread|MainProcess] Adapter (adapter.py:connect_websocket:92) | NapCat WebSocket 连接成功
[2025-10-02 16:23:25,647.647] INFO     [Thread-1 (_worker_loop)|MainProcess] Client (client.py:<lambda>:79) | Bot 3909177943 启动成功
[2025-10-02 16:23:33,906.906] INFO     [MainThread|MainProcess] ncatbot.plugin_system (ncatbot_plugin.py:on_close:19) | 插件 SystemManager 卸载成功
[2025-10-02 16:23:33,906.906] INFO     [MainThread|MainProcess] ncatbot.plugin_system (ncatbot_plugin.py:on_close:19) | 插件 UnifiedRegistryPlugin 卸载成功
[2025-10-02 16:23:33,907.907] INFO     [MainThread|MainProcess] ncatbot.plugin_system (ncatbot_plugin.py:on_close:19) | 插件 CS2CaseSimulator 卸载成功
[2025-10-02 16:23:33,907.907] INFO     [MainThread|MainProcess] ncatbot.plugin_system (ncatbot_plugin.py:on_close:19) | 插件 DailyLuck 卸载成功
[2025-10-02 16:23:33,907.907] INFO     [MainThread|MainProcess] ncatbot.plugin_system (ncatbot_plugin.py:on_close:19) | 插件 DailyMusic 卸载成功
[2025-10-02 16:23:33,908.908] INFO     [MainThread|MainProcess] ncatbot.plugin_system (ncatbot_plugin.py:on_close:19) | 插件 DailyWife 卸载成功
[2025-10-02 16:23:33,908.908] INFO     [MainThread|MainProcess] ncatbot.plugin_system (ncatbot_plugin.py:on_close:19) | 插件 GoBang 卸载成功
[2025-10-02 16:23:33,908.908] INFO     [MainThread|MainProcess] ncatbot.plugin_system (ncatbot_plugin.py:on_close:19) | 插件 HistoryDay 卸载成功
[2025-10-02 16:23:33,909.909] INFO     [MainThread|MainProcess] ncatbot.plugin_system (ncatbot_plugin.py:on_close:19) | 插件 Menu 卸载成功
[2025-10-02 16:23:33,909.909] INFO     [MainThread|MainProcess] ncatbot.plugin_system (ncatbot_plugin.py:on_close:19) | 插件 Poem 卸载成功
[2025-10-02 16:23:33,909.909] INFO     [MainThread|MainProcess] ncatbot.plugin_system (ncatbot_plugin.py:on_close:19) | 插件 UUCrawl 卸载成功
[2025-10-02 16:23:33,909.909] INFO     [MainThread|MainProcess] ncatbot.plugin_system (ncatbot_plugin.py:on_close:19) | 插件 UUCrawlMonitor 卸载成功
[2025-10-02 16:23:33,909.909] INFO     [MainThread|MainProcess] ncatbot.plugin_system (ncatbot_plugin.py:on_close:19) | 插件 What2Eat 卸载成功
[2025-10-02 16:23:33,924.924] INFO     [MainThread|MainProcess] Client (client.py:bot_exit:202) | Bot 已经正常退出
[2025-10-02 16:23:44,245.245] DEBUG    [MainThread|MainProcess] logger (logger.py:setup_logging:259) | 日志系统初始化
[2025-10-02 16:23:44,247.247] DEBUG    [MainThread|MainProcess] Config (config.py:load:353) | 从 D:\my_project\QQBot\config.yaml 加载配置
[2025-10-02 16:23:44,248.248] WARNING  [MainThread|MainProcess] Config (config.py:create_from_file:304) | [setting] 未知配置项: bot_id
[2025-10-02 16:23:44,248.248] WARNING  [MainThread|MainProcess] Config (config.py:create_from_file:304) | [setting] 未知配置项: root_id
[2025-10-02 16:23:44,248.248] WARNING  [MainThread|MainProcess] Config (config.py:create_from_file:304) | [setting] 未知配置项: bot_name
[2025-10-02 16:23:44,248.248] WARNING  [MainThread|MainProcess] Config (config.py:create_from_file:304) | [setting] 未知配置项: host
[2025-10-02 16:23:44,248.248] WARNING  [MainThread|MainProcess] Config (config.py:create_from_file:304) | [setting] 未知配置项: user
[2025-10-02 16:23:44,248.248] WARNING  [MainThread|MainProcess] Config (config.py:create_from_file:304) | [setting] 未知配置项: password
[2025-10-02 16:23:44,248.248] WARNING  [MainThread|MainProcess] Config (config.py:create_from_file:304) | [setting] 未知配置项: database
[2025-10-02 16:23:44,248.248] WARNING  [MainThread|MainProcess] Config (config.py:create_from_file:304) | [setting] 未知配置项: gaode_map_key
[2025-10-02 16:23:44,248.248] WARNING  [MainThread|MainProcess] Config (config.py:create_from_file:304) | [setting] 未知配置项: crawl_interval
[2025-10-02 16:23:44,307.307] INFO     [MainThread|MainProcess] Config (config.py:validate_config:339) | [BOTQQ]: 3909177943 | [WSURI]: ws://localhost:3001 | [WS_TOKEN]: NcatBot | [ROOT]: 1633360356 | [WEBUI]: http://localhost:6099 | [WEBUI_TOKEN]: 123NcatBot321!@
[2025-10-02 16:23:44,353.353] INFO     [Thread-4 (runner)|MainProcess] PluginLoader (loader.py:load_builtin_plugins:251) | 已加载内置插件数 [2]
[2025-10-02 16:23:44,353.353] INFO     [Thread-4 (runner)|MainProcess] PluginLoader (loader.py:load_plugins:265) | 从 D:\my_project\QQBot\plugins 导入插件
[2025-10-02 16:23:44,358.358] INFO     [Thread-4 (runner)|MainProcess] PackageHelper (packhelper.py:ensure:32) | 依赖已满足: PyMySQL
[2025-10-02 16:23:44,359.359] INFO     [Thread-4 (runner)|MainProcess] PackageHelper (packhelper.py:ensure:32) | 依赖已满足: pyyaml
[2025-10-02 16:23:44,359.359] INFO     [Thread-4 (runner)|MainProcess] PackageHelper (packhelper.py:ensure:32) | 依赖已满足: requests
[2025-10-02 16:23:44,442.442] INFO     [Thread-4 (runner)|MainProcess] PackageHelper (packhelper.py:ensure:32) | 依赖已满足: PyMySQL
[2025-10-02 16:23:44,630.630] INFO     [Thread-4 (runner)|MainProcess] PackageHelper (packhelper.py:ensure:32) | 依赖已满足: requests
[2025-10-02 16:23:44,630.630] INFO     [Thread-4 (runner)|MainProcess] PackageHelper (packhelper.py:ensure:32) | 依赖已满足: bs4
[2025-10-02 16:23:44,631.631] INFO     [Thread-4 (runner)|MainProcess] PackageHelper (packhelper.py:ensure:32) | 依赖已满足: zhconv
[2025-10-02 16:23:44,632.632] INFO     [Thread-4 (runner)|MainProcess] PackageHelper (packhelper.py:ensure:32) | 依赖已满足: pandas
[2025-10-02 16:23:44,632.632] INFO     [Thread-4 (runner)|MainProcess] PackageHelper (packhelper.py:ensure:32) | 依赖已满足: cryptography
[2025-10-02 16:23:44,637.637] INFO     [Thread-4 (runner)|MainProcess] PackageHelper (packhelper.py:ensure:32) | 依赖已满足: torch
[2025-10-02 16:23:44,639.639] INFO     [Thread-4 (runner)|MainProcess] PackageHelper (packhelper.py:ensure:32) | 依赖已满足: numpy
[2025-10-02 16:23:44,639.639] INFO     [Thread-4 (runner)|MainProcess] PackageHelper (packhelper.py:ensure:32) | 依赖已满足: pyyaml
[2025-10-02 16:23:45,643.643] INFO     [Thread-4 (runner)|MainProcess] PluginLoader (loader.py:_import_single:89) | 成功导入插件文件: __init__
[2025-10-02 16:23:45,643.643] INFO     [Thread-4 (runner)|MainProcess] PluginLoader (loader.py:from_class_load_plugins:217) | 加载插件「CS2CaseSimulator」
[2025-10-02 16:23:45,643.643] INFO     [Thread-4 (runner)|MainProcess] PluginLoader (loader.py:from_class_load_plugins:217) | 加载插件「DailyLuck」
[2025-10-02 16:23:45,644.644] INFO     [Thread-4 (runner)|MainProcess] PluginLoader (loader.py:from_class_load_plugins:217) | 加载插件「DailyMusic」
[2025-10-02 16:23:45,644.644] INFO     [Thread-4 (runner)|MainProcess] PluginLoader (loader.py:from_class_load_plugins:217) | 加载插件「DailyWife」
[2025-10-02 16:23:45,644.644] INFO     [Thread-4 (runner)|MainProcess] PluginLoader (loader.py:from_class_load_plugins:217) | 加载插件「GoBang」
[2025-10-02 16:23:45,645.645] INFO     [Thread-4 (runner)|MainProcess] PluginLoader (loader.py:from_class_load_plugins:217) | 加载插件「HistoryDay」
[2025-10-02 16:23:45,645.645] INFO     [Thread-4 (runner)|MainProcess] PluginLoader (loader.py:from_class_load_plugins:217) | 加载插件「Menu」
[2025-10-02 16:23:45,645.645] INFO     [Thread-4 (runner)|MainProcess] PluginLoader (loader.py:from_class_load_plugins:217) | 加载插件「Poem」
[2025-10-02 16:23:45,646.646] INFO     [Thread-4 (runner)|MainProcess] PluginLoader (loader.py:from_class_load_plugins:217) | 加载插件「UUCrawl」
[2025-10-02 16:23:45,646.646] INFO     [Thread-4 (runner)|MainProcess] PluginLoader (loader.py:from_class_load_plugins:217) | 加载插件「UUCrawlMonitor」
[2025-10-02 16:23:45,646.646] INFO     [Thread-4 (runner)|MainProcess] PluginLoader (loader.py:from_class_load_plugins:217) | 加载插件「What2Eat」
[2025-10-02 16:23:45,664.664] INFO     [Thread-4 (runner)|MainProcess] PluginLoader (loader.py:load_plugins:277) | 已加载插件数 [13]
[2025-10-02 16:23:45,665.665] INFO     [MainThread|MainProcess] ncatbot.core.adapter.nc.launch (launch.py:lanuch_napcat_service:104) | 正在以本地模式运行, 检查中...
[2025-10-02 16:23:45,677.677] INFO     [MainThread|MainProcess] ncatbot.core.adapter.nc.launch (launch.py:check_napcat_service_remote:70) | napcat 服务器 ws://localhost:3001 在线, 正在检查账号状态...
[2025-10-02 16:23:45,677.677] WARNING  [MainThread|MainProcess] ncatbot.core.adapter.nc.launch (launch.py:check_napcat_service_remote:72) | 跳过基于 WebUI 交互的检查, 请自行确保 NapCat 已经登录了正确的 QQ 3909177943
[2025-10-02 16:23:45,679.679] INFO     [MainThread|MainProcess] Adapter (adapter.py:connect_websocket:92) | NapCat WebSocket 连接成功
[2025-10-02 16:23:45,679.679] INFO     [Thread-1 (_worker_loop)|MainProcess] Client (client.py:<lambda>:79) | Bot 3909177943 启动成功
[2025-10-02 16:23:54,728.728] INFO     [MainThread|MainProcess] ncatbot.plugin_system (ncatbot_plugin.py:on_close:19) | 插件 SystemManager 卸载成功
[2025-10-02 16:23:54,728.728] INFO     [MainThread|MainProcess] ncatbot.plugin_system (ncatbot_plugin.py:on_close:19) | 插件 UnifiedRegistryPlugin 卸载成功
[2025-10-02 16:23:54,729.729] INFO     [MainThread|MainProcess] ncatbot.plugin_system (ncatbot_plugin.py:on_close:19) | 插件 CS2CaseSimulator 卸载成功
[2025-10-02 16:23:54,729.729] INFO     [MainThread|MainProcess] ncatbot.plugin_system (ncatbot_plugin.py:on_close:19) | 插件 DailyLuck 卸载成功
[2025-10-02 16:23:54,729.729] INFO     [MainThread|MainProcess] ncatbot.plugin_system (ncatbot_plugin.py:on_close:19) | 插件 DailyMusic 卸载成功
[2025-10-02 16:23:54,729.729] INFO     [MainThread|MainProcess] ncatbot.plugin_system (ncatbot_plugin.py:on_close:19) | 插件 DailyWife 卸载成功
[2025-10-02 16:23:54,730.730] INFO     [MainThread|MainProcess] ncatbot.plugin_system (ncatbot_plugin.py:on_close:19) | 插件 GoBang 卸载成功
[2025-10-02 16:23:54,730.730] INFO     [MainThread|MainProcess] ncatbot.plugin_system (ncatbot_plugin.py:on_close:19) | 插件 HistoryDay 卸载成功
[2025-10-02 16:23:54,730.730] INFO     [MainThread|MainProcess] ncatbot.plugin_system (ncatbot_plugin.py:on_close:19) | 插件 Menu 卸载成功
[2025-10-02 16:23:54,730.730] INFO     [MainThread|MainProcess] ncatbot.plugin_system (ncatbot_plugin.py:on_close:19) | 插件 Poem 卸载成功
[2025-10-02 16:23:54,731.731] INFO     [MainThread|MainProcess] ncatbot.plugin_system (ncatbot_plugin.py:on_close:19) | 插件 UUCrawl 卸载成功
[2025-10-02 16:23:54,731.731] INFO     [MainThread|MainProcess] ncatbot.plugin_system (ncatbot_plugin.py:on_close:19) | 插件 UUCrawlMonitor 卸载成功
[2025-10-02 16:23:54,731.731] INFO     [MainThread|MainProcess] ncatbot.plugin_system (ncatbot_plugin.py:on_close:19) | 插件 What2Eat 卸载成功
[2025-10-02 16:23:54,735.735] INFO     [MainThread|MainProcess] Client (client.py:bot_exit:202) | Bot 已经正常退出
[2025-10-02 16:25:18,708.708] DEBUG    [MainThread|MainProcess] logger (logger.py:setup_logging:259) | 日志系统初始化
[2025-10-02 16:25:18,709.709] DEBUG    [MainThread|MainProcess] Config (config.py:load:353) | 从 D:\my_project\QQBot\config.yaml 加载配置
[2025-10-02 16:25:18,710.710] WARNING  [MainThread|MainProcess] Config (config.py:create_from_file:304) | [setting] 未知配置项: bot_id
[2025-10-02 16:25:18,710.710] WARNING  [MainThread|MainProcess] Config (config.py:create_from_file:304) | [setting] 未知配置项: root_id
[2025-10-02 16:25:18,711.711] WARNING  [MainThread|MainProcess] Config (config.py:create_from_file:304) | [setting] 未知配置项: bot_name
[2025-10-02 16:25:18,711.711] WARNING  [MainThread|MainProcess] Config (config.py:create_from_file:304) | [setting] 未知配置项: host
[2025-10-02 16:25:18,711.711] WARNING  [MainThread|MainProcess] Config (config.py:create_from_file:304) | [setting] 未知配置项: user
[2025-10-02 16:25:18,711.711] WARNING  [MainThread|MainProcess] Config (config.py:create_from_file:304) | [setting] 未知配置项: password
[2025-10-02 16:25:18,711.711] WARNING  [MainThread|MainProcess] Config (config.py:create_from_file:304) | [setting] 未知配置项: database
[2025-10-02 16:25:18,711.711] WARNING  [MainThread|MainProcess] Config (config.py:create_from_file:304) | [setting] 未知配置项: gaode_map_key
[2025-10-02 16:25:18,711.711] WARNING  [MainThread|MainProcess] Config (config.py:create_from_file:304) | [setting] 未知配置项: crawl_interval
[2025-10-02 16:25:18,770.770] INFO     [MainThread|MainProcess] Config (config.py:validate_config:339) | [BOTQQ]: 3909177943 | [WSURI]: ws://localhost:3001 | [WS_TOKEN]: NcatBot | [ROOT]: 1633360356 | [WEBUI]: http://localhost:6099 | [WEBUI_TOKEN]: 123NcatBot321!@
[2025-10-02 16:25:18,817.817] INFO     [Thread-4 (runner)|MainProcess] PluginLoader (loader.py:load_builtin_plugins:251) | 已加载内置插件数 [2]
[2025-10-02 16:25:18,817.817] INFO     [Thread-4 (runner)|MainProcess] PluginLoader (loader.py:load_plugins:265) | 从 D:\my_project\QQBot\plugins 导入插件
[2025-10-02 16:25:18,822.822] INFO     [Thread-4 (runner)|MainProcess] PackageHelper (packhelper.py:ensure:32) | 依赖已满足: PyMySQL
[2025-10-02 16:25:18,823.823] INFO     [Thread-4 (runner)|MainProcess] PackageHelper (packhelper.py:ensure:32) | 依赖已满足: pyyaml
[2025-10-02 16:25:18,823.823] INFO     [Thread-4 (runner)|MainProcess] PackageHelper (packhelper.py:ensure:32) | 依赖已满足: requests
[2025-10-02 16:25:18,906.906] INFO     [Thread-4 (runner)|MainProcess] PackageHelper (packhelper.py:ensure:32) | 依赖已满足: PyMySQL
[2025-10-02 16:25:19,093.093] INFO     [Thread-4 (runner)|MainProcess] PackageHelper (packhelper.py:ensure:32) | 依赖已满足: requests
[2025-10-02 16:25:19,093.093] INFO     [Thread-4 (runner)|MainProcess] PackageHelper (packhelper.py:ensure:32) | 依赖已满足: bs4
[2025-10-02 16:25:19,094.094] INFO     [Thread-4 (runner)|MainProcess] PackageHelper (packhelper.py:ensure:32) | 依赖已满足: zhconv
[2025-10-02 16:25:19,095.095] INFO     [Thread-4 (runner)|MainProcess] PackageHelper (packhelper.py:ensure:32) | 依赖已满足: pandas
[2025-10-02 16:25:19,095.095] INFO     [Thread-4 (runner)|MainProcess] PackageHelper (packhelper.py:ensure:32) | 依赖已满足: cryptography
[2025-10-02 16:25:19,100.100] INFO     [Thread-4 (runner)|MainProcess] PackageHelper (packhelper.py:ensure:32) | 依赖已满足: torch
[2025-10-02 16:25:19,102.102] INFO     [Thread-4 (runner)|MainProcess] PackageHelper (packhelper.py:ensure:32) | 依赖已满足: numpy
[2025-10-02 16:25:19,103.103] INFO     [Thread-4 (runner)|MainProcess] PackageHelper (packhelper.py:ensure:32) | 依赖已满足: pyyaml
[2025-10-02 16:25:20,124.124] INFO     [Thread-4 (runner)|MainProcess] PluginLoader (loader.py:_import_single:89) | 成功导入插件文件: __init__
[2025-10-02 16:25:20,124.124] INFO     [Thread-4 (runner)|MainProcess] PluginLoader (loader.py:from_class_load_plugins:217) | 加载插件「CS2CaseSimulator」
[2025-10-02 16:25:20,124.124] INFO     [Thread-4 (runner)|MainProcess] PluginLoader (loader.py:from_class_load_plugins:217) | 加载插件「DailyLuck」
[2025-10-02 16:25:20,125.125] INFO     [Thread-4 (runner)|MainProcess] PluginLoader (loader.py:from_class_load_plugins:217) | 加载插件「DailyMusic」
[2025-10-02 16:25:20,125.125] INFO     [Thread-4 (runner)|MainProcess] PluginLoader (loader.py:from_class_load_plugins:217) | 加载插件「DailyWife」
[2025-10-02 16:25:20,125.125] INFO     [Thread-4 (runner)|MainProcess] PluginLoader (loader.py:from_class_load_plugins:217) | 加载插件「GoBang」
[2025-10-02 16:25:20,126.126] INFO     [Thread-4 (runner)|MainProcess] PluginLoader (loader.py:from_class_load_plugins:217) | 加载插件「HistoryDay」
[2025-10-02 16:25:20,126.126] INFO     [Thread-4 (runner)|MainProcess] PluginLoader (loader.py:from_class_load_plugins:217) | 加载插件「Menu」
[2025-10-02 16:25:20,126.126] INFO     [Thread-4 (runner)|MainProcess] PluginLoader (loader.py:from_class_load_plugins:217) | 加载插件「Poem」
[2025-10-02 16:25:20,127.127] INFO     [Thread-4 (runner)|MainProcess] PluginLoader (loader.py:from_class_load_plugins:217) | 加载插件「UUCrawl」
[2025-10-02 16:25:20,127.127] INFO     [Thread-4 (runner)|MainProcess] PluginLoader (loader.py:from_class_load_plugins:217) | 加载插件「UUCrawlMonitor」
[2025-10-02 16:25:20,127.127] INFO     [Thread-4 (runner)|MainProcess] PluginLoader (loader.py:from_class_load_plugins:217) | 加载插件「What2Eat」
[2025-10-02 16:25:20,143.143] INFO     [Thread-4 (runner)|MainProcess] PluginLoader (loader.py:load_plugins:277) | 已加载插件数 [13]
[2025-10-02 16:25:20,144.144] INFO     [MainThread|MainProcess] ncatbot.core.adapter.nc.launch (launch.py:lanuch_napcat_service:104) | 正在以本地模式运行, 检查中...
[2025-10-02 16:25:20,156.156] INFO     [MainThread|MainProcess] ncatbot.core.adapter.nc.launch (launch.py:check_napcat_service_remote:70) | napcat 服务器 ws://localhost:3001 在线, 正在检查账号状态...
[2025-10-02 16:25:20,156.156] WARNING  [MainThread|MainProcess] ncatbot.core.adapter.nc.launch (launch.py:check_napcat_service_remote:72) | 跳过基于 WebUI 交互的检查, 请自行确保 NapCat 已经登录了正确的 QQ 3909177943
[2025-10-02 16:25:20,158.158] INFO     [MainThread|MainProcess] Adapter (adapter.py:connect_websocket:92) | NapCat WebSocket 连接成功
[2025-10-02 16:25:20,158.158] INFO     [Thread-1 (_worker_loop)|MainProcess] Client (client.py:<lambda>:79) | Bot 3909177943 启动成功
[2025-10-02 16:25:35,318.318] INFO     [MainThread|MainProcess] ncatbot.plugin_system (ncatbot_plugin.py:on_close:19) | 插件 SystemManager 卸载成功
[2025-10-02 16:25:35,318.318] INFO     [MainThread|MainProcess] ncatbot.plugin_system (ncatbot_plugin.py:on_close:19) | 插件 UnifiedRegistryPlugin 卸载成功
[2025-10-02 16:25:35,318.318] INFO     [MainThread|MainProcess] ncatbot.plugin_system (ncatbot_plugin.py:on_close:19) | 插件 CS2CaseSimulator 卸载成功
[2025-10-02 16:25:35,318.318] INFO     [MainThread|MainProcess] ncatbot.plugin_system (ncatbot_plugin.py:on_close:19) | 插件 DailyLuck 卸载成功
[2025-10-02 16:25:35,319.319] INFO     [MainThread|MainProcess] ncatbot.plugin_system (ncatbot_plugin.py:on_close:19) | 插件 DailyMusic 卸载成功
[2025-10-02 16:25:35,319.319] INFO     [MainThread|MainProcess] ncatbot.plugin_system (ncatbot_plugin.py:on_close:19) | 插件 DailyWife 卸载成功
[2025-10-02 16:25:35,319.319] INFO     [MainThread|MainProcess] ncatbot.plugin_system (ncatbot_plugin.py:on_close:19) | 插件 GoBang 卸载成功
[2025-10-02 16:25:35,320.320] INFO     [MainThread|MainProcess] ncatbot.plugin_system (ncatbot_plugin.py:on_close:19) | 插件 HistoryDay 卸载成功
[2025-10-02 16:25:35,320.320] INFO     [MainThread|MainProcess] ncatbot.plugin_system (ncatbot_plugin.py:on_close:19) | 插件 Menu 卸载成功
[2025-10-02 16:25:35,320.320] INFO     [MainThread|MainProcess] ncatbot.plugin_system (ncatbot_plugin.py:on_close:19) | 插件 Poem 卸载成功
[2025-10-02 16:25:35,320.320] INFO     [MainThread|MainProcess] ncatbot.plugin_system (ncatbot_plugin.py:on_close:19) | 插件 UUCrawl 卸载成功
[2025-10-02 16:25:35,320.320] INFO     [MainThread|MainProcess] ncatbot.plugin_system (ncatbot_plugin.py:on_close:19) | 插件 UUCrawlMonitor 卸载成功
[2025-10-02 16:25:35,321.321] INFO     [MainThread|MainProcess] ncatbot.plugin_system (ncatbot_plugin.py:on_close:19) | 插件 What2Eat 卸载成功
[2025-10-02 16:25:35,324.324] INFO     [MainThread|MainProcess] Client (client.py:bot_exit:202) | Bot 已经正常退出
[2025-10-02 16:26:29,207.207] DEBUG    [MainThread|MainProcess] logger (logger.py:setup_logging:259) | 日志系统初始化
[2025-10-02 16:26:29,209.209] DEBUG    [MainThread|MainProcess] Config (config.py:load:353) | 从 D:\my_project\QQBot\config.yaml 加载配置
[2025-10-02 16:26:29,210.210] WARNING  [MainThread|MainProcess] Config (config.py:create_from_file:304) | [setting] 未知配置项: bot_id
[2025-10-02 16:26:29,210.210] WARNING  [MainThread|MainProcess] Config (config.py:create_from_file:304) | [setting] 未知配置项: root_id
[2025-10-02 16:26:29,210.210] WARNING  [MainThread|MainProcess] Config (config.py:create_from_file:304) | [setting] 未知配置项: bot_name
[2025-10-02 16:26:29,210.210] WARNING  [MainThread|MainProcess] Config (config.py:create_from_file:304) | [setting] 未知配置项: host
[2025-10-02 16:26:29,210.210] WARNING  [MainThread|MainProcess] Config (config.py:create_from_file:304) | [setting] 未知配置项: user
[2025-10-02 16:26:29,210.210] WARNING  [MainThread|MainProcess] Config (config.py:create_from_file:304) | [setting] 未知配置项: password
[2025-10-02 16:26:29,210.210] WARNING  [MainThread|MainProcess] Config (config.py:create_from_file:304) | [setting] 未知配置项: database
[2025-10-02 16:26:29,211.211] WARNING  [MainThread|MainProcess] Config (config.py:create_from_file:304) | [setting] 未知配置项: gaode_map_key
[2025-10-02 16:26:29,211.211] WARNING  [MainThread|MainProcess] Config (config.py:create_from_file:304) | [setting] 未知配置项: crawl_interval
[2025-10-02 16:26:29,271.271] INFO     [MainThread|MainProcess] Config (config.py:validate_config:339) | [BOTQQ]: 3909177943 | [WSURI]: ws://localhost:3001 | [WS_TOKEN]: NcatBot | [ROOT]: 1633360356 | [WEBUI]: http://localhost:6099 | [WEBUI_TOKEN]: 123NcatBot321!@
[2025-10-02 16:26:29,320.320] INFO     [Thread-4 (runner)|MainProcess] PluginLoader (loader.py:load_builtin_plugins:251) | 已加载内置插件数 [2]
[2025-10-02 16:26:29,320.320] INFO     [Thread-4 (runner)|MainProcess] PluginLoader (loader.py:load_plugins:265) | 从 D:\my_project\QQBot\plugins 导入插件
[2025-10-02 16:26:29,325.325] INFO     [Thread-4 (runner)|MainProcess] PackageHelper (packhelper.py:ensure:32) | 依赖已满足: PyMySQL
[2025-10-02 16:26:29,326.326] INFO     [Thread-4 (runner)|MainProcess] PackageHelper (packhelper.py:ensure:32) | 依赖已满足: pyyaml
[2025-10-02 16:26:29,327.327] INFO     [Thread-4 (runner)|MainProcess] PackageHelper (packhelper.py:ensure:32) | 依赖已满足: requests
[2025-10-02 16:26:29,416.416] INFO     [Thread-4 (runner)|MainProcess] PackageHelper (packhelper.py:ensure:32) | 依赖已满足: PyMySQL
[2025-10-02 16:26:29,614.614] INFO     [Thread-4 (runner)|MainProcess] PackageHelper (packhelper.py:ensure:32) | 依赖已满足: requests
[2025-10-02 16:26:29,615.615] INFO     [Thread-4 (runner)|MainProcess] PackageHelper (packhelper.py:ensure:32) | 依赖已满足: bs4
[2025-10-02 16:26:29,615.615] INFO     [Thread-4 (runner)|MainProcess] PackageHelper (packhelper.py:ensure:32) | 依赖已满足: zhconv
[2025-10-02 16:26:29,616.616] INFO     [Thread-4 (runner)|MainProcess] PackageHelper (packhelper.py:ensure:32) | 依赖已满足: pandas
[2025-10-02 16:26:29,617.617] INFO     [Thread-4 (runner)|MainProcess] PackageHelper (packhelper.py:ensure:32) | 依赖已满足: cryptography
[2025-10-02 16:26:29,622.622] INFO     [Thread-4 (runner)|MainProcess] PackageHelper (packhelper.py:ensure:32) | 依赖已满足: torch
[2025-10-02 16:26:29,624.624] INFO     [Thread-4 (runner)|MainProcess] PackageHelper (packhelper.py:ensure:32) | 依赖已满足: numpy
[2025-10-02 16:26:29,625.625] INFO     [Thread-4 (runner)|MainProcess] PackageHelper (packhelper.py:ensure:32) | 依赖已满足: pyyaml
[2025-10-02 16:26:30,789.789] INFO     [Thread-4 (runner)|MainProcess] PluginLoader (loader.py:_import_single:89) | 成功导入插件文件: __init__
[2025-10-02 16:26:30,789.789] INFO     [Thread-4 (runner)|MainProcess] PluginLoader (loader.py:from_class_load_plugins:217) | 加载插件「CS2CaseSimulator」
[2025-10-02 16:26:30,790.790] INFO     [Thread-4 (runner)|MainProcess] PluginLoader (loader.py:from_class_load_plugins:217) | 加载插件「DailyLuck」
[2025-10-02 16:26:30,790.790] INFO     [Thread-4 (runner)|MainProcess] PluginLoader (loader.py:from_class_load_plugins:217) | 加载插件「DailyMusic」
[2025-10-02 16:26:30,790.790] INFO     [Thread-4 (runner)|MainProcess] PluginLoader (loader.py:from_class_load_plugins:217) | 加载插件「DailyWife」
[2025-10-02 16:26:30,791.791] INFO     [Thread-4 (runner)|MainProcess] PluginLoader (loader.py:from_class_load_plugins:217) | 加载插件「GoBang」
[2025-10-02 16:26:30,791.791] INFO     [Thread-4 (runner)|MainProcess] PluginLoader (loader.py:from_class_load_plugins:217) | 加载插件「HistoryDay」
[2025-10-02 16:26:30,791.791] INFO     [Thread-4 (runner)|MainProcess] PluginLoader (loader.py:from_class_load_plugins:217) | 加载插件「Menu」
[2025-10-02 16:26:30,792.792] INFO     [Thread-4 (runner)|MainProcess] PluginLoader (loader.py:from_class_load_plugins:217) | 加载插件「Poem」
[2025-10-02 16:26:30,792.792] INFO     [Thread-4 (runner)|MainProcess] PluginLoader (loader.py:from_class_load_plugins:217) | 加载插件「UUCrawl」
[2025-10-02 16:26:30,792.792] INFO     [Thread-4 (runner)|MainProcess] PluginLoader (loader.py:from_class_load_plugins:217) | 加载插件「UUCrawlMonitor」
[2025-10-02 16:26:30,793.793] INFO     [Thread-4 (runner)|MainProcess] PluginLoader (loader.py:from_class_load_plugins:217) | 加载插件「What2Eat」
[2025-10-02 16:26:30,810.810] INFO     [Thread-4 (runner)|MainProcess] PluginLoader (loader.py:load_plugins:277) | 已加载插件数 [13]
[2025-10-02 16:26:30,811.811] INFO     [MainThread|MainProcess] ncatbot.core.adapter.nc.launch (launch.py:lanuch_napcat_service:104) | 正在以本地模式运行, 检查中...
[2025-10-02 16:26:30,824.824] INFO     [MainThread|MainProcess] ncatbot.core.adapter.nc.launch (launch.py:check_napcat_service_remote:70) | napcat 服务器 ws://localhost:3001 在线, 正在检查账号状态...
[2025-10-02 16:26:30,824.824] WARNING  [MainThread|MainProcess] ncatbot.core.adapter.nc.launch (launch.py:check_napcat_service_remote:72) | 跳过基于 WebUI 交互的检查, 请自行确保 NapCat 已经登录了正确的 QQ 3909177943
[2025-10-02 16:26:30,825.825] INFO     [MainThread|MainProcess] Adapter (adapter.py:connect_websocket:92) | NapCat WebSocket 连接成功
[2025-10-02 16:26:30,825.825] INFO     [Thread-1 (_worker_loop)|MainProcess] Client (client.py:<lambda>:79) | Bot 3909177943 启动成功
[2025-10-02 16:26:38,526.526] INFO     [MainThread|MainProcess] ncatbot.plugin_system (ncatbot_plugin.py:on_close:19) | 插件 SystemManager 卸载成功
[2025-10-02 16:26:38,526.526] INFO     [MainThread|MainProcess] ncatbot.plugin_system (ncatbot_plugin.py:on_close:19) | 插件 UnifiedRegistryPlugin 卸载成功
[2025-10-02 16:26:38,526.526] INFO     [MainThread|MainProcess] ncatbot.plugin_system (ncatbot_plugin.py:on_close:19) | 插件 CS2CaseSimulator 卸载成功
[2025-10-02 16:26:38,526.526] INFO     [MainThread|MainProcess] ncatbot.plugin_system (ncatbot_plugin.py:on_close:19) | 插件 DailyLuck 卸载成功
[2025-10-02 16:26:38,527.527] INFO     [MainThread|MainProcess] ncatbot.plugin_system (ncatbot_plugin.py:on_close:19) | 插件 DailyMusic 卸载成功
[2025-10-02 16:26:38,527.527] INFO     [MainThread|MainProcess] ncatbot.plugin_system (ncatbot_plugin.py:on_close:19) | 插件 DailyWife 卸载成功
[2025-10-02 16:26:38,527.527] INFO     [MainThread|MainProcess] ncatbot.plugin_system (ncatbot_plugin.py:on_close:19) | 插件 GoBang 卸载成功
[2025-10-02 16:26:38,527.527] INFO     [MainThread|MainProcess] ncatbot.plugin_system (ncatbot_plugin.py:on_close:19) | 插件 HistoryDay 卸载成功
[2025-10-02 16:26:38,527.527] INFO     [MainThread|MainProcess] ncatbot.plugin_system (ncatbot_plugin.py:on_close:19) | 插件 Menu 卸载成功
[2025-10-02 16:26:38,528.528] INFO     [MainThread|MainProcess] ncatbot.plugin_system (ncatbot_plugin.py:on_close:19) | 插件 Poem 卸载成功
[2025-10-02 16:26:38,528.528] INFO     [MainThread|MainProcess] ncatbot.plugin_system (ncatbot_plugin.py:on_close:19) | 插件 UUCrawl 卸载成功
[2025-10-02 16:26:38,528.528] INFO     [MainThread|MainProcess] ncatbot.plugin_system (ncatbot_plugin.py:on_close:19) | 插件 UUCrawlMonitor 卸载成功
[2025-10-02 16:26:38,528.528] INFO     [MainThread|MainProcess] ncatbot.plugin_system (ncatbot_plugin.py:on_close:19) | 插件 What2Eat 卸载成功
[2025-10-02 16:26:38,532.532] INFO     [MainThread|MainProcess] Client (client.py:bot_exit:202) | Bot 已经正常退出
[2025-10-02 16:38:16,210.210] DEBUG    [MainThread|MainProcess] logger (logger.py:setup_logging:259) | 日志系统初始化
[2025-10-02 16:38:16,212.212] DEBUG    [MainThread|MainProcess] Config (config.py:load:353) | 从 D:\my_project\QQBot\config.yaml 加载配置
[2025-10-02 16:38:16,213.213] WARNING  [MainThread|MainProcess] Config (config.py:create_from_file:304) | [setting] 未知配置项: bot_id
[2025-10-02 16:38:16,213.213] WARNING  [MainThread|MainProcess] Config (config.py:create_from_file:304) | [setting] 未知配置项: root_id
[2025-10-02 16:38:16,213.213] WARNING  [MainThread|MainProcess] Config (config.py:create_from_file:304) | [setting] 未知配置项: bot_name
[2025-10-02 16:38:16,213.213] WARNING  [MainThread|MainProcess] Config (config.py:create_from_file:304) | [setting] 未知配置项: host
[2025-10-02 16:38:16,213.213] WARNING  [MainThread|MainProcess] Config (config.py:create_from_file:304) | [setting] 未知配置项: user
[2025-10-02 16:38:16,213.213] WARNING  [MainThread|MainProcess] Config (config.py:create_from_file:304) | [setting] 未知配置项: password
[2025-10-02 16:38:16,213.213] WARNING  [MainThread|MainProcess] Config (config.py:create_from_file:304) | [setting] 未知配置项: database
[2025-10-02 16:38:16,213.213] WARNING  [MainThread|MainProcess] Config (config.py:create_from_file:304) | [setting] 未知配置项: gaode_map_key
[2025-10-02 16:38:16,213.213] WARNING  [MainThread|MainProcess] Config (config.py:create_from_file:304) | [setting] 未知配置项: crawl_interval
[2025-10-02 16:38:16,274.274] INFO     [MainThread|MainProcess] Config (config.py:validate_config:339) | [BOTQQ]: 3909177943 | [WSURI]: ws://localhost:3001 | [WS_TOKEN]: NcatBot | [ROOT]: 1633360356 | [WEBUI]: http://localhost:6099 | [WEBUI_TOKEN]: 123NcatBot321!@
[2025-10-02 16:38:16,321.321] INFO     [Thread-4 (runner)|MainProcess] PluginLoader (loader.py:load_builtin_plugins:251) | 已加载内置插件数 [2]
[2025-10-02 16:38:16,321.321] INFO     [Thread-4 (runner)|MainProcess] PluginLoader (loader.py:load_plugins:265) | 从 D:\my_project\QQBot\plugins 导入插件
[2025-10-02 16:38:16,326.326] INFO     [Thread-4 (runner)|MainProcess] PackageHelper (packhelper.py:ensure:32) | 依赖已满足: PyMySQL
[2025-10-02 16:38:16,327.327] INFO     [Thread-4 (runner)|MainProcess] PackageHelper (packhelper.py:ensure:32) | 依赖已满足: pyyaml
[2025-10-02 16:38:16,327.327] INFO     [Thread-4 (runner)|MainProcess] PackageHelper (packhelper.py:ensure:32) | 依赖已满足: requests
[2025-10-02 16:38:16,415.415] INFO     [Thread-4 (runner)|MainProcess] PackageHelper (packhelper.py:ensure:32) | 依赖已满足: PyMySQL
[2025-10-02 16:38:16,601.601] INFO     [Thread-4 (runner)|MainProcess] PackageHelper (packhelper.py:ensure:32) | 依赖已满足: requests
[2025-10-02 16:38:16,601.601] INFO     [Thread-4 (runner)|MainProcess] PackageHelper (packhelper.py:ensure:32) | 依赖已满足: bs4
[2025-10-02 16:38:16,602.602] INFO     [Thread-4 (runner)|MainProcess] PackageHelper (packhelper.py:ensure:32) | 依赖已满足: zhconv
[2025-10-02 16:38:16,603.603] INFO     [Thread-4 (runner)|MainProcess] PackageHelper (packhelper.py:ensure:32) | 依赖已满足: pandas
[2025-10-02 16:38:16,603.603] INFO     [Thread-4 (runner)|MainProcess] PackageHelper (packhelper.py:ensure:32) | 依赖已满足: cryptography
[2025-10-02 16:38:16,608.608] INFO     [Thread-4 (runner)|MainProcess] PackageHelper (packhelper.py:ensure:32) | 依赖已满足: torch
[2025-10-02 16:38:16,610.610] INFO     [Thread-4 (runner)|MainProcess] PackageHelper (packhelper.py:ensure:32) | 依赖已满足: numpy
[2025-10-02 16:38:16,610.610] INFO     [Thread-4 (runner)|MainProcess] PackageHelper (packhelper.py:ensure:32) | 依赖已满足: pyyaml
[2025-10-02 16:38:17,637.637] INFO     [Thread-4 (runner)|MainProcess] PluginLoader (loader.py:_import_single:89) | 成功导入插件文件: __init__
[2025-10-02 16:38:17,637.637] INFO     [Thread-4 (runner)|MainProcess] PluginLoader (loader.py:from_class_load_plugins:217) | 加载插件「CS2CaseSimulator」
[2025-10-02 16:38:17,638.638] INFO     [Thread-4 (runner)|MainProcess] PluginLoader (loader.py:from_class_load_plugins:217) | 加载插件「DailyLuck」
[2025-10-02 16:38:17,638.638] INFO     [Thread-4 (runner)|MainProcess] PluginLoader (loader.py:from_class_load_plugins:217) | 加载插件「DailyMusic」
[2025-10-02 16:38:17,638.638] INFO     [Thread-4 (runner)|MainProcess] PluginLoader (loader.py:from_class_load_plugins:217) | 加载插件「DailyWife」
[2025-10-02 16:38:17,639.639] INFO     [Thread-4 (runner)|MainProcess] PluginLoader (loader.py:from_class_load_plugins:217) | 加载插件「GoBang」
[2025-10-02 16:38:17,639.639] INFO     [Thread-4 (runner)|MainProcess] PluginLoader (loader.py:from_class_load_plugins:217) | 加载插件「HistoryDay」
[2025-10-02 16:38:17,639.639] INFO     [Thread-4 (runner)|MainProcess] PluginLoader (loader.py:from_class_load_plugins:217) | 加载插件「Menu」
[2025-10-02 16:38:17,640.640] INFO     [Thread-4 (runner)|MainProcess] PluginLoader (loader.py:from_class_load_plugins:217) | 加载插件「Poem」
[2025-10-02 16:38:17,640.640] INFO     [Thread-4 (runner)|MainProcess] PluginLoader (loader.py:from_class_load_plugins:217) | 加载插件「UUCrawl」
[2025-10-02 16:38:17,640.640] INFO     [Thread-4 (runner)|MainProcess] PluginLoader (loader.py:from_class_load_plugins:217) | 加载插件「UUCrawlMonitor」
[2025-10-02 16:38:17,641.641] INFO     [Thread-4 (runner)|MainProcess] PluginLoader (loader.py:from_class_load_plugins:217) | 加载插件「What2Eat」
[2025-10-02 16:38:17,657.657] INFO     [Thread-4 (runner)|MainProcess] PluginLoader (loader.py:load_plugins:277) | 已加载插件数 [13]
[2025-10-02 16:38:17,658.658] INFO     [MainThread|MainProcess] ncatbot.core.adapter.nc.launch (launch.py:lanuch_napcat_service:104) | 正在以本地模式运行, 检查中...
[2025-10-02 16:38:17,673.673] INFO     [MainThread|MainProcess] ncatbot.core.adapter.nc.launch (launch.py:check_napcat_service_remote:70) | napcat 服务器 ws://localhost:3001 在线, 正在检查账号状态...
[2025-10-02 16:38:17,673.673] WARNING  [MainThread|MainProcess] ncatbot.core.adapter.nc.launch (launch.py:check_napcat_service_remote:72) | 跳过基于 WebUI 交互的检查, 请自行确保 NapCat 已经登录了正确的 QQ 3909177943
[2025-10-02 16:38:17,675.675] INFO     [MainThread|MainProcess] Adapter (adapter.py:connect_websocket:92) | NapCat WebSocket 连接成功
[2025-10-02 16:38:17,675.675] INFO     [Thread-1 (_worker_loop)|MainProcess] Client (client.py:<lambda>:79) | Bot 3909177943 启动成功
[2025-10-02 16:39:22,003.003] INFO     [MainThread|MainProcess] ncatbot.plugin_system (ncatbot_plugin.py:on_close:19) | 插件 SystemManager 卸载成功
[2025-10-02 16:39:22,003.003] INFO     [MainThread|MainProcess] ncatbot.plugin_system (ncatbot_plugin.py:on_close:19) | 插件 UnifiedRegistryPlugin 卸载成功
[2025-10-02 16:39:22,003.003] INFO     [MainThread|MainProcess] ncatbot.plugin_system (ncatbot_plugin.py:on_close:19) | 插件 CS2CaseSimulator 卸载成功
[2025-10-02 16:39:22,004.004] INFO     [MainThread|MainProcess] ncatbot.plugin_system (ncatbot_plugin.py:on_close:19) | 插件 DailyLuck 卸载成功
[2025-10-02 16:39:22,004.004] INFO     [MainThread|MainProcess] ncatbot.plugin_system (ncatbot_plugin.py:on_close:19) | 插件 DailyMusic 卸载成功
[2025-10-02 16:39:22,004.004] INFO     [MainThread|MainProcess] ncatbot.plugin_system (ncatbot_plugin.py:on_close:19) | 插件 DailyWife 卸载成功
[2025-10-02 16:39:22,004.004] INFO     [MainThread|MainProcess] ncatbot.plugin_system (ncatbot_plugin.py:on_close:19) | 插件 GoBang 卸载成功
[2025-10-02 16:39:22,005.005] INFO     [MainThread|MainProcess] ncatbot.plugin_system (ncatbot_plugin.py:on_close:19) | 插件 HistoryDay 卸载成功
[2025-10-02 16:39:22,005.005] INFO     [MainThread|MainProcess] ncatbot.plugin_system (ncatbot_plugin.py:on_close:19) | 插件 Menu 卸载成功
[2025-10-02 16:39:22,005.005] INFO     [MainThread|MainProcess] ncatbot.plugin_system (ncatbot_plugin.py:on_close:19) | 插件 Poem 卸载成功
[2025-10-02 16:39:22,005.005] INFO     [MainThread|MainProcess] ncatbot.plugin_system (ncatbot_plugin.py:on_close:19) | 插件 UUCrawl 卸载成功
[2025-10-02 16:39:22,005.005] INFO     [MainThread|MainProcess] ncatbot.plugin_system (ncatbot_plugin.py:on_close:19) | 插件 UUCrawlMonitor 卸载成功
[2025-10-02 16:39:22,005.005] INFO     [MainThread|MainProcess] ncatbot.plugin_system (ncatbot_plugin.py:on_close:19) | 插件 What2Eat 卸载成功
[2025-10-02 16:39:22,009.009] INFO     [MainThread|MainProcess] Client (client.py:bot_exit:202) | Bot 已经正常退出
[2025-10-02 16:39:46,944.944] DEBUG    [MainThread|MainProcess] logger (logger.py:setup_logging:259) | 日志系统初始化
[2025-10-02 16:39:46,946.946] DEBUG    [MainThread|MainProcess] Config (config.py:load:353) | 从 D:\my_project\QQBot\config.yaml 加载配置
[2025-10-02 16:39:46,947.947] WARNING  [MainThread|MainProcess] Config (config.py:create_from_file:304) | [setting] 未知配置项: bot_id
[2025-10-02 16:39:46,947.947] WARNING  [MainThread|MainProcess] Config (config.py:create_from_file:304) | [setting] 未知配置项: root_id
[2025-10-02 16:39:46,947.947] WARNING  [MainThread|MainProcess] Config (config.py:create_from_file:304) | [setting] 未知配置项: bot_name
[2025-10-02 16:39:46,947.947] WARNING  [MainThread|MainProcess] Config (config.py:create_from_file:304) | [setting] 未知配置项: host
[2025-10-02 16:39:46,947.947] WARNING  [MainThread|MainProcess] Config (config.py:create_from_file:304) | [setting] 未知配置项: user
[2025-10-02 16:39:46,947.947] WARNING  [MainThread|MainProcess] Config (config.py:create_from_file:304) | [setting] 未知配置项: password
[2025-10-02 16:39:46,947.947] WARNING  [MainThread|MainProcess] Config (config.py:create_from_file:304) | [setting] 未知配置项: database
[2025-10-02 16:39:46,947.947] WARNING  [MainThread|MainProcess] Config (config.py:create_from_file:304) | [setting] 未知配置项: gaode_map_key
[2025-10-02 16:39:46,947.947] WARNING  [MainThread|MainProcess] Config (config.py:create_from_file:304) | [setting] 未知配置项: crawl_interval
[2025-10-02 16:39:47,008.008] INFO     [MainThread|MainProcess] Config (config.py:validate_config:339) | [BOTQQ]: 3909177943 | [WSURI]: ws://localhost:3001 | [WS_TOKEN]: NcatBot | [ROOT]: 1633360356 | [WEBUI]: http://localhost:6099 | [WEBUI_TOKEN]: 123NcatBot321!@
[2025-10-02 16:39:47,058.058] INFO     [Thread-4 (runner)|MainProcess] PluginLoader (loader.py:load_builtin_plugins:251) | 已加载内置插件数 [2]
[2025-10-02 16:39:47,058.058] INFO     [Thread-4 (runner)|MainProcess] PluginLoader (loader.py:load_plugins:265) | 从 D:\my_project\QQBot\plugins 导入插件
[2025-10-02 16:39:47,064.064] INFO     [Thread-4 (runner)|MainProcess] PackageHelper (packhelper.py:ensure:32) | 依赖已满足: PyMySQL
[2025-10-02 16:39:47,064.064] INFO     [Thread-4 (runner)|MainProcess] PackageHelper (packhelper.py:ensure:32) | 依赖已满足: pyyaml
[2025-10-02 16:39:47,065.065] INFO     [Thread-4 (runner)|MainProcess] PackageHelper (packhelper.py:ensure:32) | 依赖已满足: requests
[2025-10-02 16:39:47,149.149] INFO     [Thread-4 (runner)|MainProcess] PackageHelper (packhelper.py:ensure:32) | 依赖已满足: PyMySQL
[2025-10-02 16:39:47,332.332] INFO     [Thread-4 (runner)|MainProcess] PackageHelper (packhelper.py:ensure:32) | 依赖已满足: requests
[2025-10-02 16:39:47,332.332] INFO     [Thread-4 (runner)|MainProcess] PackageHelper (packhelper.py:ensure:32) | 依赖已满足: bs4
[2025-10-02 16:39:47,333.333] INFO     [Thread-4 (runner)|MainProcess] PackageHelper (packhelper.py:ensure:32) | 依赖已满足: zhconv
[2025-10-02 16:39:47,334.334] INFO     [Thread-4 (runner)|MainProcess] PackageHelper (packhelper.py:ensure:32) | 依赖已满足: pandas
[2025-10-02 16:39:47,334.334] INFO     [Thread-4 (runner)|MainProcess] PackageHelper (packhelper.py:ensure:32) | 依赖已满足: cryptography
[2025-10-02 16:39:47,339.339] INFO     [Thread-4 (runner)|MainProcess] PackageHelper (packhelper.py:ensure:32) | 依赖已满足: torch
[2025-10-02 16:39:47,341.341] INFO     [Thread-4 (runner)|MainProcess] PackageHelper (packhelper.py:ensure:32) | 依赖已满足: numpy
[2025-10-02 16:39:47,341.341] INFO     [Thread-4 (runner)|MainProcess] PackageHelper (packhelper.py:ensure:32) | 依赖已满足: pyyaml
[2025-10-02 16:39:48,382.382] INFO     [Thread-4 (runner)|MainProcess] PluginLoader (loader.py:_import_single:89) | 成功导入插件文件: __init__
[2025-10-02 16:39:48,382.382] INFO     [Thread-4 (runner)|MainProcess] PluginLoader (loader.py:from_class_load_plugins:217) | 加载插件「CS2CaseSimulator」
[2025-10-02 16:39:48,382.382] INFO     [Thread-4 (runner)|MainProcess] PluginLoader (loader.py:from_class_load_plugins:217) | 加载插件「DailyLuck」
[2025-10-02 16:39:48,383.383] INFO     [Thread-4 (runner)|MainProcess] PluginLoader (loader.py:from_class_load_plugins:217) | 加载插件「DailyMusic」
[2025-10-02 16:39:48,383.383] INFO     [Thread-4 (runner)|MainProcess] PluginLoader (loader.py:from_class_load_plugins:217) | 加载插件「DailyWife」
[2025-10-02 16:39:48,383.383] INFO     [Thread-4 (runner)|MainProcess] PluginLoader (loader.py:from_class_load_plugins:217) | 加载插件「GoBang」
[2025-10-02 16:39:48,384.384] INFO     [Thread-4 (runner)|MainProcess] PluginLoader (loader.py:from_class_load_plugins:217) | 加载插件「HistoryDay」
[2025-10-02 16:39:48,384.384] INFO     [Thread-4 (runner)|MainProcess] PluginLoader (loader.py:from_class_load_plugins:217) | 加载插件「Menu」
[2025-10-02 16:39:48,384.384] INFO     [Thread-4 (runner)|MainProcess] PluginLoader (loader.py:from_class_load_plugins:217) | 加载插件「Poem」
[2025-10-02 16:39:48,385.385] INFO     [Thread-4 (runner)|MainProcess] PluginLoader (loader.py:from_class_load_plugins:217) | 加载插件「UUCrawl」
[2025-10-02 16:39:48,385.385] INFO     [Thread-4 (runner)|MainProcess] PluginLoader (loader.py:from_class_load_plugins:217) | 加载插件「UUCrawlMonitor」
[2025-10-02 16:39:48,385.385] INFO     [Thread-4 (runner)|MainProcess] PluginLoader (loader.py:from_class_load_plugins:217) | 加载插件「What2Eat」
[2025-10-02 16:39:48,402.402] INFO     [Thread-4 (runner)|MainProcess] PluginLoader (loader.py:load_plugins:277) | 已加载插件数 [13]
[2025-10-02 16:39:48,404.404] INFO     [MainThread|MainProcess] ncatbot.core.adapter.nc.launch (launch.py:lanuch_napcat_service:104) | 正在以本地模式运行, 检查中...
[2025-10-02 16:39:48,417.417] INFO     [MainThread|MainProcess] ncatbot.core.adapter.nc.launch (launch.py:check_napcat_service_remote:70) | napcat 服务器 ws://localhost:3001 在线, 正在检查账号状态...
[2025-10-02 16:39:48,417.417] WARNING  [MainThread|MainProcess] ncatbot.core.adapter.nc.launch (launch.py:check_napcat_service_remote:72) | 跳过基于 WebUI 交互的检查, 请自行确保 NapCat 已经登录了正确的 QQ 3909177943
[2025-10-02 16:39:48,419.419] INFO     [MainThread|MainProcess] Adapter (adapter.py:connect_websocket:92) | NapCat WebSocket 连接成功
[2025-10-02 16:39:48,419.419] INFO     [Thread-1 (_worker_loop)|MainProcess] Client (client.py:<lambda>:79) | Bot 3909177943 启动成功
[2025-10-02 16:40:02,986.986] INFO     [MainThread|MainProcess] ncatbot.plugin_system (ncatbot_plugin.py:on_close:19) | 插件 SystemManager 卸载成功
[2025-10-02 16:40:02,987.987] INFO     [MainThread|MainProcess] ncatbot.plugin_system (ncatbot_plugin.py:on_close:19) | 插件 UnifiedRegistryPlugin 卸载成功
[2025-10-02 16:40:02,987.987] INFO     [MainThread|MainProcess] ncatbot.plugin_system (ncatbot_plugin.py:on_close:19) | 插件 CS2CaseSimulator 卸载成功
[2025-10-02 16:40:02,987.987] INFO     [MainThread|MainProcess] ncatbot.plugin_system (ncatbot_plugin.py:on_close:19) | 插件 DailyLuck 卸载成功
[2025-10-02 16:40:02,987.987] INFO     [MainThread|MainProcess] ncatbot.plugin_system (ncatbot_plugin.py:on_close:19) | 插件 DailyMusic 卸载成功
[2025-10-02 16:40:02,987.987] INFO     [MainThread|MainProcess] ncatbot.plugin_system (ncatbot_plugin.py:on_close:19) | 插件 DailyWife 卸载成功
[2025-10-02 16:40:02,987.987] INFO     [MainThread|MainProcess] ncatbot.plugin_system (ncatbot_plugin.py:on_close:19) | 插件 GoBang 卸载成功
[2025-10-02 16:40:02,988.988] INFO     [MainThread|MainProcess] ncatbot.plugin_system (ncatbot_plugin.py:on_close:19) | 插件 HistoryDay 卸载成功
[2025-10-02 16:40:02,988.988] INFO     [MainThread|MainProcess] ncatbot.plugin_system (ncatbot_plugin.py:on_close:19) | 插件 Menu 卸载成功
[2025-10-02 16:40:02,988.988] INFO     [MainThread|MainProcess] ncatbot.plugin_system (ncatbot_plugin.py:on_close:19) | 插件 Poem 卸载成功
[2025-10-02 16:40:02,988.988] INFO     [MainThread|MainProcess] ncatbot.plugin_system (ncatbot_plugin.py:on_close:19) | 插件 UUCrawl 卸载成功
[2025-10-02 16:40:02,988.988] INFO     [MainThread|MainProcess] ncatbot.plugin_system (ncatbot_plugin.py:on_close:19) | 插件 UUCrawlMonitor 卸载成功
[2025-10-02 16:40:02,988.988] INFO     [MainThread|MainProcess] ncatbot.plugin_system (ncatbot_plugin.py:on_close:19) | 插件 What2Eat 卸载成功
[2025-10-02 16:40:02,992.992] INFO     [MainThread|MainProcess] Client (client.py:bot_exit:202) | Bot 已经正常退出
[2025-10-02 16:40:21,696.696] DEBUG    [MainThread|MainProcess] logger (logger.py:setup_logging:259) | 日志系统初始化
[2025-10-02 16:40:21,698.698] DEBUG    [MainThread|MainProcess] Config (config.py:load:353) | 从 D:\my_project\QQBot\config.yaml 加载配置
[2025-10-02 16:40:21,699.699] WARNING  [MainThread|MainProcess] Config (config.py:create_from_file:304) | [setting] 未知配置项: bot_id
[2025-10-02 16:40:21,699.699] WARNING  [MainThread|MainProcess] Config (config.py:create_from_file:304) | [setting] 未知配置项: root_id
[2025-10-02 16:40:21,699.699] WARNING  [MainThread|MainProcess] Config (config.py:create_from_file:304) | [setting] 未知配置项: bot_name
[2025-10-02 16:40:21,699.699] WARNING  [MainThread|MainProcess] Config (config.py:create_from_file:304) | [setting] 未知配置项: host
[2025-10-02 16:40:21,700.700] WARNING  [MainThread|MainProcess] Config (config.py:create_from_file:304) | [setting] 未知配置项: user
[2025-10-02 16:40:21,700.700] WARNING  [MainThread|MainProcess] Config (config.py:create_from_file:304) | [setting] 未知配置项: password
[2025-10-02 16:40:21,700.700] WARNING  [MainThread|MainProcess] Config (config.py:create_from_file:304) | [setting] 未知配置项: database
[2025-10-02 16:40:21,700.700] WARNING  [MainThread|MainProcess] Config (config.py:create_from_file:304) | [setting] 未知配置项: gaode_map_key
[2025-10-02 16:40:21,700.700] WARNING  [MainThread|MainProcess] Config (config.py:create_from_file:304) | [setting] 未知配置项: crawl_interval
[2025-10-02 16:40:21,762.762] INFO     [MainThread|MainProcess] Config (config.py:validate_config:339) | [BOTQQ]: 3909177943 | [WSURI]: ws://localhost:3001 | [WS_TOKEN]: NcatBot | [ROOT]: 1633360356 | [WEBUI]: http://localhost:6099 | [WEBUI_TOKEN]: 123NcatBot321!@
[2025-10-02 16:40:21,810.810] INFO     [Thread-4 (runner)|MainProcess] PluginLoader (loader.py:load_builtin_plugins:251) | 已加载内置插件数 [2]
[2025-10-02 16:40:21,810.810] INFO     [Thread-4 (runner)|MainProcess] PluginLoader (loader.py:load_plugins:265) | 从 D:\my_project\QQBot\plugins 导入插件
[2025-10-02 16:40:21,815.815] INFO     [Thread-4 (runner)|MainProcess] PackageHelper (packhelper.py:ensure:32) | 依赖已满足: PyMySQL
[2025-10-02 16:40:21,815.815] INFO     [Thread-4 (runner)|MainProcess] PackageHelper (packhelper.py:ensure:32) | 依赖已满足: pyyaml
[2025-10-02 16:40:21,816.816] INFO     [Thread-4 (runner)|MainProcess] PackageHelper (packhelper.py:ensure:32) | 依赖已满足: requests
[2025-10-02 16:40:21,932.932] INFO     [Thread-4 (runner)|MainProcess] PackageHelper (packhelper.py:ensure:32) | 依赖已满足: PyMySQL
[2025-10-02 16:40:22,128.128] INFO     [Thread-4 (runner)|MainProcess] PackageHelper (packhelper.py:ensure:32) | 依赖已满足: requests
[2025-10-02 16:40:22,128.128] INFO     [Thread-4 (runner)|MainProcess] PackageHelper (packhelper.py:ensure:32) | 依赖已满足: bs4
[2025-10-02 16:40:22,129.129] INFO     [Thread-4 (runner)|MainProcess] PackageHelper (packhelper.py:ensure:32) | 依赖已满足: zhconv
[2025-10-02 16:40:22,130.130] INFO     [Thread-4 (runner)|MainProcess] PackageHelper (packhelper.py:ensure:32) | 依赖已满足: pandas
[2025-10-02 16:40:22,130.130] INFO     [Thread-4 (runner)|MainProcess] PackageHelper (packhelper.py:ensure:32) | 依赖已满足: cryptography
[2025-10-02 16:40:22,135.135] INFO     [Thread-4 (runner)|MainProcess] PackageHelper (packhelper.py:ensure:32) | 依赖已满足: torch
[2025-10-02 16:40:22,137.137] INFO     [Thread-4 (runner)|MainProcess] PackageHelper (packhelper.py:ensure:32) | 依赖已满足: numpy
[2025-10-02 16:40:22,138.138] INFO     [Thread-4 (runner)|MainProcess] PackageHelper (packhelper.py:ensure:32) | 依赖已满足: pyyaml
[2025-10-02 16:40:23,163.163] INFO     [Thread-4 (runner)|MainProcess] PluginLoader (loader.py:_import_single:89) | 成功导入插件文件: __init__
[2025-10-02 16:40:23,163.163] INFO     [Thread-4 (runner)|MainProcess] PluginLoader (loader.py:from_class_load_plugins:217) | 加载插件「CS2CaseSimulator」
[2025-10-02 16:40:23,163.163] INFO     [Thread-4 (runner)|MainProcess] PluginLoader (loader.py:from_class_load_plugins:217) | 加载插件「DailyLuck」
[2025-10-02 16:40:23,164.164] INFO     [Thread-4 (runner)|MainProcess] PluginLoader (loader.py:from_class_load_plugins:217) | 加载插件「DailyMusic」
[2025-10-02 16:40:23,164.164] INFO     [Thread-4 (runner)|MainProcess] PluginLoader (loader.py:from_class_load_plugins:217) | 加载插件「DailyWife」
[2025-10-02 16:40:23,164.164] INFO     [Thread-4 (runner)|MainProcess] PluginLoader (loader.py:from_class_load_plugins:217) | 加载插件「GoBang」
[2025-10-02 16:40:23,165.165] INFO     [Thread-4 (runner)|MainProcess] PluginLoader (loader.py:from_class_load_plugins:217) | 加载插件「HistoryDay」
[2025-10-02 16:40:23,165.165] INFO     [Thread-4 (runner)|MainProcess] PluginLoader (loader.py:from_class_load_plugins:217) | 加载插件「Menu」
[2025-10-02 16:40:23,165.165] INFO     [Thread-4 (runner)|MainProcess] PluginLoader (loader.py:from_class_load_plugins:217) | 加载插件「Poem」
[2025-10-02 16:40:23,166.166] INFO     [Thread-4 (runner)|MainProcess] PluginLoader (loader.py:from_class_load_plugins:217) | 加载插件「UUCrawl」
[2025-10-02 16:40:23,166.166] INFO     [Thread-4 (runner)|MainProcess] PluginLoader (loader.py:from_class_load_plugins:217) | 加载插件「UUCrawlMonitor」
[2025-10-02 16:40:23,166.166] INFO     [Thread-4 (runner)|MainProcess] PluginLoader (loader.py:from_class_load_plugins:217) | 加载插件「What2Eat」
[2025-10-02 16:40:23,194.194] INFO     [Thread-4 (runner)|MainProcess] PluginLoader (loader.py:load_plugins:277) | 已加载插件数 [13]
[2025-10-02 16:40:23,195.195] INFO     [MainThread|MainProcess] ncatbot.core.adapter.nc.launch (launch.py:lanuch_napcat_service:104) | 正在以本地模式运行, 检查中...
[2025-10-02 16:40:23,209.209] INFO     [MainThread|MainProcess] ncatbot.core.adapter.nc.launch (launch.py:check_napcat_service_remote:70) | napcat 服务器 ws://localhost:3001 在线, 正在检查账号状态...
[2025-10-02 16:40:23,209.209] WARNING  [MainThread|MainProcess] ncatbot.core.adapter.nc.launch (launch.py:check_napcat_service_remote:72) | 跳过基于 WebUI 交互的检查, 请自行确保 NapCat 已经登录了正确的 QQ 3909177943
[2025-10-02 16:40:23,211.211] INFO     [MainThread|MainProcess] Adapter (adapter.py:connect_websocket:92) | NapCat WebSocket 连接成功
[2025-10-02 16:40:23,211.211] INFO     [Thread-1 (_worker_loop)|MainProcess] Client (client.py:<lambda>:79) | Bot 3909177943 启动成功
[2025-10-02 16:40:33,505.505] INFO     [MainThread|MainProcess] ncatbot.plugin_system (ncatbot_plugin.py:on_close:19) | 插件 SystemManager 卸载成功
[2025-10-02 16:40:33,506.506] INFO     [MainThread|MainProcess] ncatbot.plugin_system (ncatbot_plugin.py:on_close:19) | 插件 UnifiedRegistryPlugin 卸载成功
[2025-10-02 16:40:33,506.506] INFO     [MainThread|MainProcess] ncatbot.plugin_system (ncatbot_plugin.py:on_close:19) | 插件 CS2CaseSimulator 卸载成功
[2025-10-02 16:40:33,506.506] INFO     [MainThread|MainProcess] ncatbot.plugin_system (ncatbot_plugin.py:on_close:19) | 插件 DailyLuck 卸载成功
[2025-10-02 16:40:33,507.507] INFO     [MainThread|MainProcess] ncatbot.plugin_system (ncatbot_plugin.py:on_close:19) | 插件 DailyMusic 卸载成功
[2025-10-02 16:40:33,507.507] INFO     [MainThread|MainProcess] ncatbot.plugin_system (ncatbot_plugin.py:on_close:19) | 插件 DailyWife 卸载成功
[2025-10-02 16:40:33,507.507] INFO     [MainThread|MainProcess] ncatbot.plugin_system (ncatbot_plugin.py:on_close:19) | 插件 GoBang 卸载成功
[2025-10-02 16:40:33,507.507] INFO     [MainThread|MainProcess] ncatbot.plugin_system (ncatbot_plugin.py:on_close:19) | 插件 HistoryDay 卸载成功
[2025-10-02 16:40:33,507.507] INFO     [MainThread|MainProcess] ncatbot.plugin_system (ncatbot_plugin.py:on_close:19) | 插件 Menu 卸载成功
[2025-10-02 16:40:33,507.507] INFO     [MainThread|MainProcess] ncatbot.plugin_system (ncatbot_plugin.py:on_close:19) | 插件 Poem 卸载成功
[2025-10-02 16:40:33,507.507] INFO     [MainThread|MainProcess] ncatbot.plugin_system (ncatbot_plugin.py:on_close:19) | 插件 UUCrawl 卸载成功
[2025-10-02 16:40:33,508.508] INFO     [MainThread|MainProcess] ncatbot.plugin_system (ncatbot_plugin.py:on_close:19) | 插件 UUCrawlMonitor 卸载成功
[2025-10-02 16:40:33,508.508] INFO     [MainThread|MainProcess] ncatbot.plugin_system (ncatbot_plugin.py:on_close:19) | 插件 What2Eat 卸载成功
[2025-10-02 16:40:33,511.511] INFO     [MainThread|MainProcess] Client (client.py:bot_exit:202) | Bot 已经正常退出
[2025-10-02 16:42:08,371.371] DEBUG    [MainThread|MainProcess] logger (logger.py:setup_logging:259) | 日志系统初始化
[2025-10-02 16:42:08,372.372] DEBUG    [MainThread|MainProcess] Config (config.py:load:353) | 从 D:\my_project\QQBot\config.yaml 加载配置
[2025-10-02 16:42:08,373.373] WARNING  [MainThread|MainProcess] Config (config.py:create_from_file:304) | [setting] 未知配置项: bot_id
[2025-10-02 16:42:08,374.374] WARNING  [MainThread|MainProcess] Config (config.py:create_from_file:304) | [setting] 未知配置项: root_id
[2025-10-02 16:42:08,374.374] WARNING  [MainThread|MainProcess] Config (config.py:create_from_file:304) | [setting] 未知配置项: bot_name
[2025-10-02 16:42:08,374.374] WARNING  [MainThread|MainProcess] Config (config.py:create_from_file:304) | [setting] 未知配置项: host
[2025-10-02 16:42:08,374.374] WARNING  [MainThread|MainProcess] Config (config.py:create_from_file:304) | [setting] 未知配置项: user
[2025-10-02 16:42:08,374.374] WARNING  [MainThread|MainProcess] Config (config.py:create_from_file:304) | [setting] 未知配置项: password
[2025-10-02 16:42:08,374.374] WARNING  [MainThread|MainProcess] Config (config.py:create_from_file:304) | [setting] 未知配置项: database
[2025-10-02 16:42:08,374.374] WARNING  [MainThread|MainProcess] Config (config.py:create_from_file:304) | [setting] 未知配置项: gaode_map_key
[2025-10-02 16:42:08,374.374] WARNING  [MainThread|MainProcess] Config (config.py:create_from_file:304) | [setting] 未知配置项: crawl_interval
[2025-10-02 16:42:08,432.432] INFO     [MainThread|MainProcess] Config (config.py:validate_config:339) | [BOTQQ]: 3909177943 | [WSURI]: ws://localhost:3001 | [WS_TOKEN]: NcatBot | [ROOT]: 1633360356 | [WEBUI]: http://localhost:6099 | [WEBUI_TOKEN]: 123NcatBot321!@
[2025-10-02 16:42:08,478.478] INFO     [Thread-4 (runner)|MainProcess] PluginLoader (loader.py:load_builtin_plugins:251) | 已加载内置插件数 [2]
[2025-10-02 16:42:08,478.478] INFO     [Thread-4 (runner)|MainProcess] PluginLoader (loader.py:load_plugins:265) | 从 D:\my_project\QQBot\plugins 导入插件
[2025-10-02 16:42:08,483.483] INFO     [Thread-4 (runner)|MainProcess] PackageHelper (packhelper.py:ensure:32) | 依赖已满足: PyMySQL
[2025-10-02 16:42:08,484.484] INFO     [Thread-4 (runner)|MainProcess] PackageHelper (packhelper.py:ensure:32) | 依赖已满足: pyyaml
[2025-10-02 16:42:08,484.484] INFO     [Thread-4 (runner)|MainProcess] PackageHelper (packhelper.py:ensure:32) | 依赖已满足: requests
[2025-10-02 16:42:08,566.566] INFO     [Thread-4 (runner)|MainProcess] PackageHelper (packhelper.py:ensure:32) | 依赖已满足: PyMySQL
[2025-10-02 16:42:08,749.749] INFO     [Thread-4 (runner)|MainProcess] PackageHelper (packhelper.py:ensure:32) | 依赖已满足: requests
[2025-10-02 16:42:08,750.750] INFO     [Thread-4 (runner)|MainProcess] PackageHelper (packhelper.py:ensure:32) | 依赖已满足: bs4
[2025-10-02 16:42:08,751.751] INFO     [Thread-4 (runner)|MainProcess] PackageHelper (packhelper.py:ensure:32) | 依赖已满足: zhconv
[2025-10-02 16:42:08,751.751] INFO     [Thread-4 (runner)|MainProcess] PackageHelper (packhelper.py:ensure:32) | 依赖已满足: pandas
[2025-10-02 16:42:08,752.752] INFO     [Thread-4 (runner)|MainProcess] PackageHelper (packhelper.py:ensure:32) | 依赖已满足: cryptography
[2025-10-02 16:42:08,756.756] INFO     [Thread-4 (runner)|MainProcess] PackageHelper (packhelper.py:ensure:32) | 依赖已满足: torch
[2025-10-02 16:42:08,758.758] INFO     [Thread-4 (runner)|MainProcess] PackageHelper (packhelper.py:ensure:32) | 依赖已满足: numpy
[2025-10-02 16:42:08,759.759] INFO     [Thread-4 (runner)|MainProcess] PackageHelper (packhelper.py:ensure:32) | 依赖已满足: pyyaml
[2025-10-02 16:42:09,807.807] INFO     [Thread-4 (runner)|MainProcess] PluginLoader (loader.py:_import_single:89) | 成功导入插件文件: __init__
[2025-10-02 16:42:09,807.807] INFO     [Thread-4 (runner)|MainProcess] PluginLoader (loader.py:from_class_load_plugins:217) | 加载插件「CS2CaseSimulator」
[2025-10-02 16:42:09,807.807] INFO     [Thread-4 (runner)|MainProcess] PluginLoader (loader.py:from_class_load_plugins:217) | 加载插件「DailyLuck」
[2025-10-02 16:42:09,808.808] INFO     [Thread-4 (runner)|MainProcess] PluginLoader (loader.py:from_class_load_plugins:217) | 加载插件「DailyMusic」
[2025-10-02 16:42:09,808.808] INFO     [Thread-4 (runner)|MainProcess] PluginLoader (loader.py:from_class_load_plugins:217) | 加载插件「DailyWife」
[2025-10-02 16:42:09,808.808] INFO     [Thread-4 (runner)|MainProcess] PluginLoader (loader.py:from_class_load_plugins:217) | 加载插件「GoBang」
[2025-10-02 16:42:09,809.809] INFO     [Thread-4 (runner)|MainProcess] PluginLoader (loader.py:from_class_load_plugins:217) | 加载插件「HistoryDay」
[2025-10-02 16:42:09,809.809] INFO     [Thread-4 (runner)|MainProcess] PluginLoader (loader.py:from_class_load_plugins:217) | 加载插件「Menu」
[2025-10-02 16:42:09,809.809] INFO     [Thread-4 (runner)|MainProcess] PluginLoader (loader.py:from_class_load_plugins:217) | 加载插件「Poem」
[2025-10-02 16:42:09,810.810] INFO     [Thread-4 (runner)|MainProcess] PluginLoader (loader.py:from_class_load_plugins:217) | 加载插件「UUCrawl」
[2025-10-02 16:42:09,810.810] INFO     [Thread-4 (runner)|MainProcess] PluginLoader (loader.py:from_class_load_plugins:217) | 加载插件「UUCrawlMonitor」
[2025-10-02 16:42:09,811.811] INFO     [Thread-4 (runner)|MainProcess] PluginLoader (loader.py:from_class_load_plugins:217) | 加载插件「What2Eat」
[2025-10-02 16:42:09,826.826] INFO     [Thread-4 (runner)|MainProcess] PluginLoader (loader.py:load_plugins:277) | 已加载插件数 [13]
[2025-10-02 16:42:09,828.828] INFO     [MainThread|MainProcess] ncatbot.core.adapter.nc.launch (launch.py:lanuch_napcat_service:104) | 正在以本地模式运行, 检查中...
[2025-10-02 16:42:09,840.840] INFO     [MainThread|MainProcess] ncatbot.core.adapter.nc.launch (launch.py:check_napcat_service_remote:70) | napcat 服务器 ws://localhost:3001 在线, 正在检查账号状态...
[2025-10-02 16:42:09,840.840] WARNING  [MainThread|MainProcess] ncatbot.core.adapter.nc.launch (launch.py:check_napcat_service_remote:72) | 跳过基于 WebUI 交互的检查, 请自行确保 NapCat 已经登录了正确的 QQ 3909177943
[2025-10-02 16:42:09,841.841] INFO     [MainThread|MainProcess] Adapter (adapter.py:connect_websocket:92) | NapCat WebSocket 连接成功
[2025-10-02 16:42:09,842.842] INFO     [Thread-1 (_worker_loop)|MainProcess] Client (client.py:<lambda>:79) | Bot 3909177943 启动成功
[2025-10-02 16:42:21,026.026] INFO     [MainThread|MainProcess] ncatbot.plugin_system (ncatbot_plugin.py:on_close:19) | 插件 SystemManager 卸载成功
[2025-10-02 16:42:21,027.027] INFO     [MainThread|MainProcess] ncatbot.plugin_system (ncatbot_plugin.py:on_close:19) | 插件 UnifiedRegistryPlugin 卸载成功
[2025-10-02 16:42:21,027.027] INFO     [MainThread|MainProcess] ncatbot.plugin_system (ncatbot_plugin.py:on_close:19) | 插件 CS2CaseSimulator 卸载成功
[2025-10-02 16:42:21,027.027] INFO     [MainThread|MainProcess] ncatbot.plugin_system (ncatbot_plugin.py:on_close:19) | 插件 DailyLuck 卸载成功
[2025-10-02 16:42:21,028.028] INFO     [MainThread|MainProcess] ncatbot.plugin_system (ncatbot_plugin.py:on_close:19) | 插件 DailyMusic 卸载成功
[2025-10-02 16:42:21,028.028] INFO     [MainThread|MainProcess] ncatbot.plugin_system (ncatbot_plugin.py:on_close:19) | 插件 DailyWife 卸载成功
[2025-10-02 16:42:21,028.028] INFO     [MainThread|MainProcess] ncatbot.plugin_system (ncatbot_plugin.py:on_close:19) | 插件 GoBang 卸载成功
[2025-10-02 16:42:21,029.029] INFO     [MainThread|MainProcess] ncatbot.plugin_system (ncatbot_plugin.py:on_close:19) | 插件 HistoryDay 卸载成功
[2025-10-02 16:42:21,029.029] INFO     [MainThread|MainProcess] ncatbot.plugin_system (ncatbot_plugin.py:on_close:19) | 插件 Menu 卸载成功
[2025-10-02 16:42:21,029.029] INFO     [MainThread|MainProcess] ncatbot.plugin_system (ncatbot_plugin.py:on_close:19) | 插件 Poem 卸载成功
[2025-10-02 16:42:21,029.029] INFO     [MainThread|MainProcess] ncatbot.plugin_system (ncatbot_plugin.py:on_close:19) | 插件 UUCrawl 卸载成功
[2025-10-02 16:42:21,029.029] INFO     [MainThread|MainProcess] ncatbot.plugin_system (ncatbot_plugin.py:on_close:19) | 插件 UUCrawlMonitor 卸载成功
[2025-10-02 16:42:21,029.029] INFO     [MainThread|MainProcess] ncatbot.plugin_system (ncatbot_plugin.py:on_close:19) | 插件 What2Eat 卸载成功
[2025-10-02 16:42:21,047.047] INFO     [MainThread|MainProcess] Client (client.py:bot_exit:202) | Bot 已经正常退出
[2025-10-02 16:43:00,387.387] DEBUG    [MainThread|MainProcess] logger (logger.py:setup_logging:259) | 日志系统初始化
[2025-10-02 16:43:00,389.389] DEBUG    [MainThread|MainProcess] Config (config.py:load:353) | 从 D:\my_project\QQBot\config.yaml 加载配置
[2025-10-02 16:43:00,390.390] WARNING  [MainThread|MainProcess] Config (config.py:create_from_file:304) | [setting] 未知配置项: bot_id
[2025-10-02 16:43:00,390.390] WARNING  [MainThread|MainProcess] Config (config.py:create_from_file:304) | [setting] 未知配置项: root_id
[2025-10-02 16:43:00,390.390] WARNING  [MainThread|MainProcess] Config (config.py:create_from_file:304) | [setting] 未知配置项: bot_name
[2025-10-02 16:43:00,390.390] WARNING  [MainThread|MainProcess] Config (config.py:create_from_file:304) | [setting] 未知配置项: host
[2025-10-02 16:43:00,390.390] WARNING  [MainThread|MainProcess] Config (config.py:create_from_file:304) | [setting] 未知配置项: user
[2025-10-02 16:43:00,390.390] WARNING  [MainThread|MainProcess] Config (config.py:create_from_file:304) | [setting] 未知配置项: password
[2025-10-02 16:43:00,390.390] WARNING  [MainThread|MainProcess] Config (config.py:create_from_file:304) | [setting] 未知配置项: database
[2025-10-02 16:43:00,390.390] WARNING  [MainThread|MainProcess] Config (config.py:create_from_file:304) | [setting] 未知配置项: gaode_map_key
[2025-10-02 16:43:00,390.390] WARNING  [MainThread|MainProcess] Config (config.py:create_from_file:304) | [setting] 未知配置项: crawl_interval
[2025-10-02 16:43:00,450.450] INFO     [MainThread|MainProcess] Config (config.py:validate_config:339) | [BOTQQ]: 3909177943 | [WSURI]: ws://localhost:3001 | [WS_TOKEN]: NcatBot | [ROOT]: 1633360356 | [WEBUI]: http://localhost:6099 | [WEBUI_TOKEN]: 123NcatBot321!@
[2025-10-02 16:43:00,497.497] INFO     [Thread-4 (runner)|MainProcess] PluginLoader (loader.py:load_builtin_plugins:251) | 已加载内置插件数 [2]
[2025-10-02 16:43:00,497.497] INFO     [Thread-4 (runner)|MainProcess] PluginLoader (loader.py:load_plugins:265) | 从 D:\my_project\QQBot\plugins 导入插件
[2025-10-02 16:43:00,502.502] INFO     [Thread-4 (runner)|MainProcess] PackageHelper (packhelper.py:ensure:32) | 依赖已满足: PyMySQL
[2025-10-02 16:43:00,503.503] INFO     [Thread-4 (runner)|MainProcess] PackageHelper (packhelper.py:ensure:32) | 依赖已满足: pyyaml
[2025-10-02 16:43:00,503.503] INFO     [Thread-4 (runner)|MainProcess] PackageHelper (packhelper.py:ensure:32) | 依赖已满足: requests
[2025-10-02 16:43:00,601.601] INFO     [Thread-4 (runner)|MainProcess] PackageHelper (packhelper.py:ensure:32) | 依赖已满足: PyMySQL
[2025-10-02 16:43:00,785.785] INFO     [Thread-4 (runner)|MainProcess] PackageHelper (packhelper.py:ensure:32) | 依赖已满足: requests
[2025-10-02 16:43:00,786.786] INFO     [Thread-4 (runner)|MainProcess] PackageHelper (packhelper.py:ensure:32) | 依赖已满足: bs4
[2025-10-02 16:43:00,786.786] INFO     [Thread-4 (runner)|MainProcess] PackageHelper (packhelper.py:ensure:32) | 依赖已满足: zhconv
[2025-10-02 16:43:00,787.787] INFO     [Thread-4 (runner)|MainProcess] PackageHelper (packhelper.py:ensure:32) | 依赖已满足: pandas
[2025-10-02 16:43:00,788.788] INFO     [Thread-4 (runner)|MainProcess] PackageHelper (packhelper.py:ensure:32) | 依赖已满足: cryptography
[2025-10-02 16:43:00,793.793] INFO     [Thread-4 (runner)|MainProcess] PackageHelper (packhelper.py:ensure:32) | 依赖已满足: torch
[2025-10-02 16:43:00,795.795] INFO     [Thread-4 (runner)|MainProcess] PackageHelper (packhelper.py:ensure:32) | 依赖已满足: numpy
[2025-10-02 16:43:00,795.795] INFO     [Thread-4 (runner)|MainProcess] PackageHelper (packhelper.py:ensure:32) | 依赖已满足: pyyaml
[2025-10-02 16:43:01,819.819] INFO     [Thread-4 (runner)|MainProcess] PluginLoader (loader.py:_import_single:89) | 成功导入插件文件: __init__
[2025-10-02 16:43:01,819.819] INFO     [Thread-4 (runner)|MainProcess] PluginLoader (loader.py:from_class_load_plugins:217) | 加载插件「CS2CaseSimulator」
[2025-10-02 16:43:01,820.820] INFO     [Thread-4 (runner)|MainProcess] PluginLoader (loader.py:from_class_load_plugins:217) | 加载插件「DailyLuck」
[2025-10-02 16:43:01,820.820] INFO     [Thread-4 (runner)|MainProcess] PluginLoader (loader.py:from_class_load_plugins:217) | 加载插件「DailyMusic」
[2025-10-02 16:43:01,820.820] INFO     [Thread-4 (runner)|MainProcess] PluginLoader (loader.py:from_class_load_plugins:217) | 加载插件「DailyWife」
[2025-10-02 16:43:01,821.821] INFO     [Thread-4 (runner)|MainProcess] PluginLoader (loader.py:from_class_load_plugins:217) | 加载插件「GoBang」
[2025-10-02 16:43:01,821.821] INFO     [Thread-4 (runner)|MainProcess] PluginLoader (loader.py:from_class_load_plugins:217) | 加载插件「HistoryDay」
[2025-10-02 16:43:01,822.822] INFO     [Thread-4 (runner)|MainProcess] PluginLoader (loader.py:from_class_load_plugins:217) | 加载插件「Menu」
[2025-10-02 16:43:01,822.822] INFO     [Thread-4 (runner)|MainProcess] PluginLoader (loader.py:from_class_load_plugins:217) | 加载插件「Poem」
[2025-10-02 16:43:01,822.822] INFO     [Thread-4 (runner)|MainProcess] PluginLoader (loader.py:from_class_load_plugins:217) | 加载插件「UUCrawl」
[2025-10-02 16:43:01,823.823] INFO     [Thread-4 (runner)|MainProcess] PluginLoader (loader.py:from_class_load_plugins:217) | 加载插件「UUCrawlMonitor」
[2025-10-02 16:43:01,823.823] INFO     [Thread-4 (runner)|MainProcess] PluginLoader (loader.py:from_class_load_plugins:217) | 加载插件「What2Eat」
[2025-10-02 16:43:01,838.838] INFO     [Thread-4 (runner)|MainProcess] PluginLoader (loader.py:load_plugins:277) | 已加载插件数 [13]
[2025-10-02 16:43:01,839.839] INFO     [MainThread|MainProcess] ncatbot.core.adapter.nc.launch (launch.py:lanuch_napcat_service:104) | 正在以本地模式运行, 检查中...
[2025-10-02 16:43:01,852.852] INFO     [MainThread|MainProcess] ncatbot.core.adapter.nc.launch (launch.py:check_napcat_service_remote:70) | napcat 服务器 ws://localhost:3001 在线, 正在检查账号状态...
[2025-10-02 16:43:01,852.852] WARNING  [MainThread|MainProcess] ncatbot.core.adapter.nc.launch (launch.py:check_napcat_service_remote:72) | 跳过基于 WebUI 交互的检查, 请自行确保 NapCat 已经登录了正确的 QQ 3909177943
[2025-10-02 16:43:01,854.854] INFO     [MainThread|MainProcess] Adapter (adapter.py:connect_websocket:92) | NapCat WebSocket 连接成功
[2025-10-02 16:43:01,854.854] INFO     [Thread-1 (_worker_loop)|MainProcess] Client (client.py:<lambda>:79) | Bot 3909177943 启动成功
[2025-10-02 16:43:15,564.564] INFO     [MainThread|MainProcess] ncatbot.plugin_system (ncatbot_plugin.py:on_close:19) | 插件 SystemManager 卸载成功
[2025-10-02 16:43:15,565.565] INFO     [MainThread|MainProcess] ncatbot.plugin_system (ncatbot_plugin.py:on_close:19) | 插件 UnifiedRegistryPlugin 卸载成功
[2025-10-02 16:43:15,565.565] INFO     [MainThread|MainProcess] ncatbot.plugin_system (ncatbot_plugin.py:on_close:19) | 插件 CS2CaseSimulator 卸载成功
[2025-10-02 16:43:15,565.565] INFO     [MainThread|MainProcess] ncatbot.plugin_system (ncatbot_plugin.py:on_close:19) | 插件 DailyLuck 卸载成功
[2025-10-02 16:43:15,565.565] INFO     [MainThread|MainProcess] ncatbot.plugin_system (ncatbot_plugin.py:on_close:19) | 插件 DailyMusic 卸载成功
[2025-10-02 16:43:15,565.565] INFO     [MainThread|MainProcess] ncatbot.plugin_system (ncatbot_plugin.py:on_close:19) | 插件 DailyWife 卸载成功
[2025-10-02 16:43:15,566.566] INFO     [MainThread|MainProcess] ncatbot.plugin_system (ncatbot_plugin.py:on_close:19) | 插件 GoBang 卸载成功
[2025-10-02 16:43:15,566.566] INFO     [MainThread|MainProcess] ncatbot.plugin_system (ncatbot_plugin.py:on_close:19) | 插件 HistoryDay 卸载成功
[2025-10-02 16:43:15,566.566] INFO     [MainThread|MainProcess] ncatbot.plugin_system (ncatbot_plugin.py:on_close:19) | 插件 Menu 卸载成功
[2025-10-02 16:43:15,566.566] INFO     [MainThread|MainProcess] ncatbot.plugin_system (ncatbot_plugin.py:on_close:19) | 插件 Poem 卸载成功
[2025-10-02 16:43:15,566.566] INFO     [MainThread|MainProcess] ncatbot.plugin_system (ncatbot_plugin.py:on_close:19) | 插件 UUCrawl 卸载成功
[2025-10-02 16:43:15,567.567] INFO     [MainThread|MainProcess] ncatbot.plugin_system (ncatbot_plugin.py:on_close:19) | 插件 UUCrawlMonitor 卸载成功
[2025-10-02 16:43:15,567.567] INFO     [MainThread|MainProcess] ncatbot.plugin_system (ncatbot_plugin.py:on_close:19) | 插件 What2Eat 卸载成功
[2025-10-02 16:43:15,571.571] INFO     [MainThread|MainProcess] Client (client.py:bot_exit:202) | Bot 已经正常退出
[2025-10-02 16:44:37,856.856] DEBUG    [MainThread|MainProcess] logger (logger.py:setup_logging:259) | 日志系统初始化
[2025-10-02 16:44:37,857.857] DEBUG    [MainThread|MainProcess] Config (config.py:load:353) | 从 D:\my_project\QQBot\config.yaml 加载配置
[2025-10-02 16:44:37,858.858] WARNING  [MainThread|MainProcess] Config (config.py:create_from_file:304) | [setting] 未知配置项: bot_id
[2025-10-02 16:44:37,858.858] WARNING  [MainThread|MainProcess] Config (config.py:create_from_file:304) | [setting] 未知配置项: root_id
[2025-10-02 16:44:37,858.858] WARNING  [MainThread|MainProcess] Config (config.py:create_from_file:304) | [setting] 未知配置项: bot_name
[2025-10-02 16:44:37,859.859] WARNING  [MainThread|MainProcess] Config (config.py:create_from_file:304) | [setting] 未知配置项: host
[2025-10-02 16:44:37,859.859] WARNING  [MainThread|MainProcess] Config (config.py:create_from_file:304) | [setting] 未知配置项: user
[2025-10-02 16:44:37,859.859] WARNING  [MainThread|MainProcess] Config (config.py:create_from_file:304) | [setting] 未知配置项: password
[2025-10-02 16:44:37,859.859] WARNING  [MainThread|MainProcess] Config (config.py:create_from_file:304) | [setting] 未知配置项: database
[2025-10-02 16:44:37,859.859] WARNING  [MainThread|MainProcess] Config (config.py:create_from_file:304) | [setting] 未知配置项: gaode_map_key
[2025-10-02 16:44:37,859.859] WARNING  [MainThread|MainProcess] Config (config.py:create_from_file:304) | [setting] 未知配置项: crawl_interval
[2025-10-02 16:44:37,918.918] INFO     [MainThread|MainProcess] Config (config.py:validate_config:339) | [BOTQQ]: 3909177943 | [WSURI]: ws://localhost:3001 | [WS_TOKEN]: NcatBot | [ROOT]: 1633360356 | [WEBUI]: http://localhost:6099 | [WEBUI_TOKEN]: 123NcatBot321!@
[2025-10-02 16:44:37,965.965] INFO     [Thread-4 (runner)|MainProcess] PluginLoader (loader.py:load_builtin_plugins:251) | 已加载内置插件数 [2]
[2025-10-02 16:44:37,965.965] INFO     [Thread-4 (runner)|MainProcess] PluginLoader (loader.py:load_plugins:265) | 从 D:\my_project\QQBot\plugins 导入插件
[2025-10-02 16:44:37,970.970] INFO     [Thread-4 (runner)|MainProcess] PackageHelper (packhelper.py:ensure:32) | 依赖已满足: PyMySQL
[2025-10-02 16:44:37,971.971] INFO     [Thread-4 (runner)|MainProcess] PackageHelper (packhelper.py:ensure:32) | 依赖已满足: pyyaml
[2025-10-02 16:44:37,971.971] INFO     [Thread-4 (runner)|MainProcess] PackageHelper (packhelper.py:ensure:32) | 依赖已满足: requests
[2025-10-02 16:44:38,058.058] INFO     [Thread-4 (runner)|MainProcess] PackageHelper (packhelper.py:ensure:32) | 依赖已满足: PyMySQL
[2025-10-02 16:44:38,245.245] INFO     [Thread-4 (runner)|MainProcess] PackageHelper (packhelper.py:ensure:32) | 依赖已满足: requests
[2025-10-02 16:44:38,245.245] INFO     [Thread-4 (runner)|MainProcess] PackageHelper (packhelper.py:ensure:32) | 依赖已满足: bs4
[2025-10-02 16:44:38,246.246] INFO     [Thread-4 (runner)|MainProcess] PackageHelper (packhelper.py:ensure:32) | 依赖已满足: zhconv
[2025-10-02 16:44:38,247.247] INFO     [Thread-4 (runner)|MainProcess] PackageHelper (packhelper.py:ensure:32) | 依赖已满足: pandas
[2025-10-02 16:44:38,247.247] INFO     [Thread-4 (runner)|MainProcess] PackageHelper (packhelper.py:ensure:32) | 依赖已满足: cryptography
[2025-10-02 16:44:38,252.252] INFO     [Thread-4 (runner)|MainProcess] PackageHelper (packhelper.py:ensure:32) | 依赖已满足: torch
[2025-10-02 16:44:38,254.254] INFO     [Thread-4 (runner)|MainProcess] PackageHelper (packhelper.py:ensure:32) | 依赖已满足: numpy
[2025-10-02 16:44:38,254.254] INFO     [Thread-4 (runner)|MainProcess] PackageHelper (packhelper.py:ensure:32) | 依赖已满足: pyyaml
[2025-10-02 16:44:39,260.260] INFO     [Thread-4 (runner)|MainProcess] PluginLoader (loader.py:_import_single:89) | 成功导入插件文件: __init__
[2025-10-02 16:44:39,260.260] INFO     [Thread-4 (runner)|MainProcess] PluginLoader (loader.py:from_class_load_plugins:217) | 加载插件「CS2CaseSimulator」
[2025-10-02 16:44:39,261.261] INFO     [Thread-4 (runner)|MainProcess] PluginLoader (loader.py:from_class_load_plugins:217) | 加载插件「DailyLuck」
[2025-10-02 16:44:39,261.261] INFO     [Thread-4 (runner)|MainProcess] PluginLoader (loader.py:from_class_load_plugins:217) | 加载插件「DailyMusic」
[2025-10-02 16:44:39,261.261] INFO     [Thread-4 (runner)|MainProcess] PluginLoader (loader.py:from_class_load_plugins:217) | 加载插件「DailyWife」
[2025-10-02 16:44:39,262.262] INFO     [Thread-4 (runner)|MainProcess] PluginLoader (loader.py:from_class_load_plugins:217) | 加载插件「GoBang」
[2025-10-02 16:44:39,262.262] INFO     [Thread-4 (runner)|MainProcess] PluginLoader (loader.py:from_class_load_plugins:217) | 加载插件「HistoryDay」
[2025-10-02 16:44:39,263.263] INFO     [Thread-4 (runner)|MainProcess] PluginLoader (loader.py:from_class_load_plugins:217) | 加载插件「Menu」
[2025-10-02 16:44:39,263.263] INFO     [Thread-4 (runner)|MainProcess] PluginLoader (loader.py:from_class_load_plugins:217) | 加载插件「Poem」
[2025-10-02 16:44:39,263.263] INFO     [Thread-4 (runner)|MainProcess] PluginLoader (loader.py:from_class_load_plugins:217) | 加载插件「UUCrawl」
[2025-10-02 16:44:39,264.264] INFO     [Thread-4 (runner)|MainProcess] PluginLoader (loader.py:from_class_load_plugins:217) | 加载插件「UUCrawlMonitor」
[2025-10-02 16:44:39,264.264] INFO     [Thread-4 (runner)|MainProcess] PluginLoader (loader.py:from_class_load_plugins:217) | 加载插件「What2Eat」
[2025-10-02 16:44:39,280.280] INFO     [Thread-4 (runner)|MainProcess] PluginLoader (loader.py:load_plugins:277) | 已加载插件数 [13]
[2025-10-02 16:44:39,281.281] INFO     [MainThread|MainProcess] ncatbot.core.adapter.nc.launch (launch.py:lanuch_napcat_service:104) | 正在以本地模式运行, 检查中...
[2025-10-02 16:44:39,293.293] INFO     [MainThread|MainProcess] ncatbot.core.adapter.nc.launch (launch.py:check_napcat_service_remote:70) | napcat 服务器 ws://localhost:3001 在线, 正在检查账号状态...
[2025-10-02 16:44:39,293.293] WARNING  [MainThread|MainProcess] ncatbot.core.adapter.nc.launch (launch.py:check_napcat_service_remote:72) | 跳过基于 WebUI 交互的检查, 请自行确保 NapCat 已经登录了正确的 QQ 3909177943
[2025-10-02 16:44:39,295.295] INFO     [MainThread|MainProcess] Adapter (adapter.py:connect_websocket:92) | NapCat WebSocket 连接成功
[2025-10-02 16:44:39,295.295] INFO     [Thread-1 (_worker_loop)|MainProcess] Client (client.py:<lambda>:79) | Bot 3909177943 启动成功
[2025-10-02 16:44:46,083.083] ERROR    [Thread-8 (runner)|MainProcess] API (utils.py:__init__:24) | NapCatAPIError: Get Uid Error
[2025-10-02 16:46:24,026.026] DEBUG    [MainThread|MainProcess] logger (logger.py:setup_logging:259) | 日志系统初始化
[2025-10-02 16:46:24,028.028] DEBUG    [MainThread|MainProcess] Config (config.py:load:353) | 从 D:\my_project\QQBot\config.yaml 加载配置
[2025-10-02 16:46:24,029.029] WARNING  [MainThread|MainProcess] Config (config.py:create_from_file:304) | [setting] 未知配置项: bot_id
[2025-10-02 16:46:24,029.029] WARNING  [MainThread|MainProcess] Config (config.py:create_from_file:304) | [setting] 未知配置项: root_id
[2025-10-02 16:46:24,029.029] WARNING  [MainThread|MainProcess] Config (config.py:create_from_file:304) | [setting] 未知配置项: bot_name
[2025-10-02 16:46:24,029.029] WARNING  [MainThread|MainProcess] Config (config.py:create_from_file:304) | [setting] 未知配置项: host
[2025-10-02 16:46:24,029.029] WARNING  [MainThread|MainProcess] Config (config.py:create_from_file:304) | [setting] 未知配置项: user
[2025-10-02 16:46:24,029.029] WARNING  [MainThread|MainProcess] Config (config.py:create_from_file:304) | [setting] 未知配置项: password
[2025-10-02 16:46:24,029.029] WARNING  [MainThread|MainProcess] Config (config.py:create_from_file:304) | [setting] 未知配置项: database
[2025-10-02 16:46:24,029.029] WARNING  [MainThread|MainProcess] Config (config.py:create_from_file:304) | [setting] 未知配置项: gaode_map_key
[2025-10-02 16:46:24,029.029] WARNING  [MainThread|MainProcess] Config (config.py:create_from_file:304) | [setting] 未知配置项: crawl_interval
[2025-10-02 16:46:24,089.089] INFO     [MainThread|MainProcess] Config (config.py:validate_config:339) | [BOTQQ]: 3909177943 | [WSURI]: ws://localhost:3001 | [WS_TOKEN]: NcatBot | [ROOT]: 1633360356 | [WEBUI]: http://localhost:6099 | [WEBUI_TOKEN]: 123NcatBot321!@
[2025-10-02 16:46:24,139.139] INFO     [Thread-4 (runner)|MainProcess] PluginLoader (loader.py:load_builtin_plugins:251) | 已加载内置插件数 [2]
[2025-10-02 16:46:24,139.139] INFO     [Thread-4 (runner)|MainProcess] PluginLoader (loader.py:load_plugins:265) | 从 D:\my_project\QQBot\plugins 导入插件
[2025-10-02 16:46:24,145.145] INFO     [Thread-4 (runner)|MainProcess] PackageHelper (packhelper.py:ensure:32) | 依赖已满足: PyMySQL
[2025-10-02 16:46:24,146.146] INFO     [Thread-4 (runner)|MainProcess] PackageHelper (packhelper.py:ensure:32) | 依赖已满足: pyyaml
[2025-10-02 16:46:24,146.146] INFO     [Thread-4 (runner)|MainProcess] PackageHelper (packhelper.py:ensure:32) | 依赖已满足: requests
[2025-10-02 16:46:24,261.261] INFO     [Thread-4 (runner)|MainProcess] PackageHelper (packhelper.py:ensure:32) | 依赖已满足: PyMySQL
[2025-10-02 16:46:24,456.456] INFO     [Thread-4 (runner)|MainProcess] PackageHelper (packhelper.py:ensure:32) | 依赖已满足: requests
[2025-10-02 16:46:24,457.457] INFO     [Thread-4 (runner)|MainProcess] PackageHelper (packhelper.py:ensure:32) | 依赖已满足: bs4
[2025-10-02 16:46:24,457.457] INFO     [Thread-4 (runner)|MainProcess] PackageHelper (packhelper.py:ensure:32) | 依赖已满足: zhconv
[2025-10-02 16:46:24,458.458] INFO     [Thread-4 (runner)|MainProcess] PackageHelper (packhelper.py:ensure:32) | 依赖已满足: pandas
[2025-10-02 16:46:24,459.459] INFO     [Thread-4 (runner)|MainProcess] PackageHelper (packhelper.py:ensure:32) | 依赖已满足: cryptography
[2025-10-02 16:46:24,463.463] INFO     [Thread-4 (runner)|MainProcess] PackageHelper (packhelper.py:ensure:32) | 依赖已满足: torch
[2025-10-02 16:46:24,466.466] INFO     [Thread-4 (runner)|MainProcess] PackageHelper (packhelper.py:ensure:32) | 依赖已满足: numpy
[2025-10-02 16:46:24,466.466] INFO     [Thread-4 (runner)|MainProcess] PackageHelper (packhelper.py:ensure:32) | 依赖已满足: pyyaml
[2025-10-02 16:46:25,534.534] INFO     [Thread-4 (runner)|MainProcess] PluginLoader (loader.py:_import_single:89) | 成功导入插件文件: __init__
[2025-10-02 16:46:25,535.535] INFO     [Thread-4 (runner)|MainProcess] PluginLoader (loader.py:from_class_load_plugins:217) | 加载插件「CS2CaseSimulator」
[2025-10-02 16:46:25,535.535] INFO     [Thread-4 (runner)|MainProcess] PluginLoader (loader.py:from_class_load_plugins:217) | 加载插件「DailyLuck」
[2025-10-02 16:46:25,536.536] INFO     [Thread-4 (runner)|MainProcess] PluginLoader (loader.py:from_class_load_plugins:217) | 加载插件「DailyMusic」
[2025-10-02 16:46:25,537.537] INFO     [Thread-4 (runner)|MainProcess] PluginLoader (loader.py:from_class_load_plugins:217) | 加载插件「DailyWife」
[2025-10-02 16:46:25,537.537] INFO     [Thread-4 (runner)|MainProcess] PluginLoader (loader.py:from_class_load_plugins:217) | 加载插件「GoBang」
[2025-10-02 16:46:25,538.538] INFO     [Thread-4 (runner)|MainProcess] PluginLoader (loader.py:from_class_load_plugins:217) | 加载插件「HistoryDay」
[2025-10-02 16:46:25,538.538] INFO     [Thread-4 (runner)|MainProcess] PluginLoader (loader.py:from_class_load_plugins:217) | 加载插件「Menu」
[2025-10-02 16:46:25,539.539] INFO     [Thread-4 (runner)|MainProcess] PluginLoader (loader.py:from_class_load_plugins:217) | 加载插件「Poem」
[2025-10-02 16:46:25,539.539] INFO     [Thread-4 (runner)|MainProcess] PluginLoader (loader.py:from_class_load_plugins:217) | 加载插件「UUCrawl」
[2025-10-02 16:46:25,539.539] INFO     [Thread-4 (runner)|MainProcess] PluginLoader (loader.py:from_class_load_plugins:217) | 加载插件「UUCrawlMonitor」
[2025-10-02 16:46:25,540.540] INFO     [Thread-4 (runner)|MainProcess] PluginLoader (loader.py:from_class_load_plugins:217) | 加载插件「What2Eat」
[2025-10-02 16:46:25,558.558] INFO     [Thread-4 (runner)|MainProcess] PluginLoader (loader.py:load_plugins:277) | 已加载插件数 [13]
[2025-10-02 16:46:25,560.560] INFO     [MainThread|MainProcess] ncatbot.core.adapter.nc.launch (launch.py:lanuch_napcat_service:104) | 正在以本地模式运行, 检查中...
[2025-10-02 16:46:25,573.573] INFO     [MainThread|MainProcess] ncatbot.core.adapter.nc.launch (launch.py:check_napcat_service_remote:70) | napcat 服务器 ws://localhost:3001 在线, 正在检查账号状态...
[2025-10-02 16:46:25,573.573] WARNING  [MainThread|MainProcess] ncatbot.core.adapter.nc.launch (launch.py:check_napcat_service_remote:72) | 跳过基于 WebUI 交互的检查, 请自行确保 NapCat 已经登录了正确的 QQ 3909177943
[2025-10-02 16:46:25,575.575] INFO     [MainThread|MainProcess] Adapter (adapter.py:connect_websocket:92) | NapCat WebSocket 连接成功
[2025-10-02 16:46:25,575.575] INFO     [Thread-1 (_worker_loop)|MainProcess] Client (client.py:<lambda>:79) | Bot 3909177943 启动成功
[2025-10-02 16:46:41,206.206] INFO     [MainThread|MainProcess] ncatbot.plugin_system (ncatbot_plugin.py:on_close:19) | 插件 SystemManager 卸载成功
[2025-10-02 16:46:41,207.207] INFO     [MainThread|MainProcess] ncatbot.plugin_system (ncatbot_plugin.py:on_close:19) | 插件 UnifiedRegistryPlugin 卸载成功
[2025-10-02 16:46:41,207.207] INFO     [MainThread|MainProcess] ncatbot.plugin_system (ncatbot_plugin.py:on_close:19) | 插件 CS2CaseSimulator 卸载成功
[2025-10-02 16:46:41,207.207] INFO     [MainThread|MainProcess] ncatbot.plugin_system (ncatbot_plugin.py:on_close:19) | 插件 DailyLuck 卸载成功
[2025-10-02 16:46:41,208.208] INFO     [MainThread|MainProcess] ncatbot.plugin_system (ncatbot_plugin.py:on_close:19) | 插件 DailyMusic 卸载成功
[2025-10-02 16:46:41,208.208] INFO     [MainThread|MainProcess] ncatbot.plugin_system (ncatbot_plugin.py:on_close:19) | 插件 DailyWife 卸载成功
[2025-10-02 16:46:41,208.208] INFO     [MainThread|MainProcess] ncatbot.plugin_system (ncatbot_plugin.py:on_close:19) | 插件 GoBang 卸载成功
[2025-10-02 16:46:41,208.208] INFO     [MainThread|MainProcess] ncatbot.plugin_system (ncatbot_plugin.py:on_close:19) | 插件 HistoryDay 卸载成功
[2025-10-02 16:46:41,208.208] INFO     [MainThread|MainProcess] ncatbot.plugin_system (ncatbot_plugin.py:on_close:19) | 插件 Menu 卸载成功
[2025-10-02 16:46:41,208.208] INFO     [MainThread|MainProcess] ncatbot.plugin_system (ncatbot_plugin.py:on_close:19) | 插件 Poem 卸载成功
[2025-10-02 16:46:41,209.209] INFO     [MainThread|MainProcess] ncatbot.plugin_system (ncatbot_plugin.py:on_close:19) | 插件 UUCrawl 卸载成功
[2025-10-02 16:46:41,209.209] INFO     [MainThread|MainProcess] ncatbot.plugin_system (ncatbot_plugin.py:on_close:19) | 插件 UUCrawlMonitor 卸载成功
[2025-10-02 16:46:41,209.209] INFO     [MainThread|MainProcess] ncatbot.plugin_system (ncatbot_plugin.py:on_close:19) | 插件 What2Eat 卸载成功
[2025-10-02 16:46:41,213.213] INFO     [MainThread|MainProcess] Client (client.py:bot_exit:202) | Bot 已经正常退出
[2025-10-02 16:48:11,520.520] DEBUG    [MainThread|MainProcess] logger (logger.py:setup_logging:259) | 日志系统初始化
[2025-10-02 16:48:11,522.522] DEBUG    [MainThread|MainProcess] Config (config.py:load:353) | 从 D:\my_project\QQBot\config.yaml 加载配置
[2025-10-02 16:48:11,523.523] WARNING  [MainThread|MainProcess] Config (config.py:create_from_file:304) | [setting] 未知配置项: bot_id
[2025-10-02 16:48:11,523.523] WARNING  [MainThread|MainProcess] Config (config.py:create_from_file:304) | [setting] 未知配置项: root_id
[2025-10-02 16:48:11,523.523] WARNING  [MainThread|MainProcess] Config (config.py:create_from_file:304) | [setting] 未知配置项: bot_name
[2025-10-02 16:48:11,523.523] WARNING  [MainThread|MainProcess] Config (config.py:create_from_file:304) | [setting] 未知配置项: host
[2025-10-02 16:48:11,523.523] WARNING  [MainThread|MainProcess] Config (config.py:create_from_file:304) | [setting] 未知配置项: user
[2025-10-02 16:48:11,523.523] WARNING  [MainThread|MainProcess] Config (config.py:create_from_file:304) | [setting] 未知配置项: password
[2025-10-02 16:48:11,523.523] WARNING  [MainThread|MainProcess] Config (config.py:create_from_file:304) | [setting] 未知配置项: database
[2025-10-02 16:48:11,523.523] WARNING  [MainThread|MainProcess] Config (config.py:create_from_file:304) | [setting] 未知配置项: gaode_map_key
[2025-10-02 16:48:11,523.523] WARNING  [MainThread|MainProcess] Config (config.py:create_from_file:304) | [setting] 未知配置项: crawl_interval
[2025-10-02 16:48:11,584.584] INFO     [MainThread|MainProcess] Config (config.py:validate_config:339) | [BOTQQ]: 3909177943 | [WSURI]: ws://localhost:3001 | [WS_TOKEN]: NcatBot | [ROOT]: 1633360356 | [WEBUI]: http://localhost:6099 | [WEBUI_TOKEN]: 123NcatBot321!@
[2025-10-02 16:48:11,631.631] INFO     [Thread-4 (runner)|MainProcess] PluginLoader (loader.py:load_builtin_plugins:251) | 已加载内置插件数 [2]
[2025-10-02 16:48:11,631.631] INFO     [Thread-4 (runner)|MainProcess] PluginLoader (loader.py:load_plugins:265) | 从 D:\my_project\QQBot\plugins 导入插件
[2025-10-02 16:48:11,636.636] INFO     [Thread-4 (runner)|MainProcess] PackageHelper (packhelper.py:ensure:32) | 依赖已满足: PyMySQL
[2025-10-02 16:48:11,637.637] INFO     [Thread-4 (runner)|MainProcess] PackageHelper (packhelper.py:ensure:32) | 依赖已满足: pyyaml
[2025-10-02 16:48:11,637.637] INFO     [Thread-4 (runner)|MainProcess] PackageHelper (packhelper.py:ensure:32) | 依赖已满足: requests
[2025-10-02 16:48:11,723.723] INFO     [Thread-4 (runner)|MainProcess] PackageHelper (packhelper.py:ensure:32) | 依赖已满足: PyMySQL
[2025-10-02 16:48:11,918.918] INFO     [Thread-4 (runner)|MainProcess] PackageHelper (packhelper.py:ensure:32) | 依赖已满足: requests
[2025-10-02 16:48:11,919.919] INFO     [Thread-4 (runner)|MainProcess] PackageHelper (packhelper.py:ensure:32) | 依赖已满足: bs4
[2025-10-02 16:48:11,920.920] INFO     [Thread-4 (runner)|MainProcess] PackageHelper (packhelper.py:ensure:32) | 依赖已满足: zhconv
[2025-10-02 16:48:11,920.920] INFO     [Thread-4 (runner)|MainProcess] PackageHelper (packhelper.py:ensure:32) | 依赖已满足: pandas
[2025-10-02 16:48:11,921.921] INFO     [Thread-4 (runner)|MainProcess] PackageHelper (packhelper.py:ensure:32) | 依赖已满足: cryptography
[2025-10-02 16:48:11,926.926] INFO     [Thread-4 (runner)|MainProcess] PackageHelper (packhelper.py:ensure:32) | 依赖已满足: torch
[2025-10-02 16:48:11,928.928] INFO     [Thread-4 (runner)|MainProcess] PackageHelper (packhelper.py:ensure:32) | 依赖已满足: numpy
[2025-10-02 16:48:11,928.928] INFO     [Thread-4 (runner)|MainProcess] PackageHelper (packhelper.py:ensure:32) | 依赖已满足: pyyaml
[2025-10-02 16:48:12,971.971] INFO     [Thread-4 (runner)|MainProcess] PluginLoader (loader.py:_import_single:89) | 成功导入插件文件: __init__
[2025-10-02 16:48:12,971.971] INFO     [Thread-4 (runner)|MainProcess] PluginLoader (loader.py:from_class_load_plugins:217) | 加载插件「CS2CaseSimulator」
[2025-10-02 16:48:12,971.971] INFO     [Thread-4 (runner)|MainProcess] PluginLoader (loader.py:from_class_load_plugins:217) | 加载插件「DailyLuck」
[2025-10-02 16:48:12,972.972] INFO     [Thread-4 (runner)|MainProcess] PluginLoader (loader.py:from_class_load_plugins:217) | 加载插件「DailyMusic」
[2025-10-02 16:48:12,972.972] INFO     [Thread-4 (runner)|MainProcess] PluginLoader (loader.py:from_class_load_plugins:217) | 加载插件「DailyWife」
[2025-10-02 16:48:12,973.973] INFO     [Thread-4 (runner)|MainProcess] PluginLoader (loader.py:from_class_load_plugins:217) | 加载插件「GoBang」
[2025-10-02 16:48:12,973.973] INFO     [Thread-4 (runner)|MainProcess] PluginLoader (loader.py:from_class_load_plugins:217) | 加载插件「HistoryDay」
[2025-10-02 16:48:12,973.973] INFO     [Thread-4 (runner)|MainProcess] PluginLoader (loader.py:from_class_load_plugins:217) | 加载插件「Menu」
[2025-10-02 16:48:12,974.974] INFO     [Thread-4 (runner)|MainProcess] PluginLoader (loader.py:from_class_load_plugins:217) | 加载插件「Poem」
[2025-10-02 16:48:12,974.974] INFO     [Thread-4 (runner)|MainProcess] PluginLoader (loader.py:from_class_load_plugins:217) | 加载插件「UUCrawl」
[2025-10-02 16:48:12,974.974] INFO     [Thread-4 (runner)|MainProcess] PluginLoader (loader.py:from_class_load_plugins:217) | 加载插件「UUCrawlMonitor」
[2025-10-02 16:48:12,975.975] INFO     [Thread-4 (runner)|MainProcess] PluginLoader (loader.py:from_class_load_plugins:217) | 加载插件「What2Eat」
[2025-10-02 16:48:12,990.990] INFO     [Thread-4 (runner)|MainProcess] PluginLoader (loader.py:load_plugins:277) | 已加载插件数 [13]
[2025-10-02 16:48:12,992.992] INFO     [MainThread|MainProcess] ncatbot.core.adapter.nc.launch (launch.py:lanuch_napcat_service:104) | 正在以本地模式运行, 检查中...
[2025-10-02 16:48:13,005.005] INFO     [MainThread|MainProcess] ncatbot.core.adapter.nc.launch (launch.py:check_napcat_service_remote:70) | napcat 服务器 ws://localhost:3001 在线, 正在检查账号状态...
[2025-10-02 16:48:13,005.005] WARNING  [MainThread|MainProcess] ncatbot.core.adapter.nc.launch (launch.py:check_napcat_service_remote:72) | 跳过基于 WebUI 交互的检查, 请自行确保 NapCat 已经登录了正确的 QQ 3909177943
[2025-10-02 16:48:13,007.007] INFO     [MainThread|MainProcess] Adapter (adapter.py:connect_websocket:92) | NapCat WebSocket 连接成功
[2025-10-02 16:48:13,007.007] INFO     [Thread-1 (_worker_loop)|MainProcess] Client (client.py:<lambda>:79) | Bot 3909177943 启动成功
[2025-10-02 16:48:26,940.940] INFO     [MainThread|MainProcess] ncatbot.plugin_system (ncatbot_plugin.py:on_close:19) | 插件 SystemManager 卸载成功
[2025-10-02 16:48:26,941.941] INFO     [MainThread|MainProcess] ncatbot.plugin_system (ncatbot_plugin.py:on_close:19) | 插件 UnifiedRegistryPlugin 卸载成功
[2025-10-02 16:48:26,941.941] INFO     [MainThread|MainProcess] ncatbot.plugin_system (ncatbot_plugin.py:on_close:19) | 插件 CS2CaseSimulator 卸载成功
[2025-10-02 16:48:26,942.942] INFO     [MainThread|MainProcess] ncatbot.plugin_system (ncatbot_plugin.py:on_close:19) | 插件 DailyLuck 卸载成功
[2025-10-02 16:48:26,942.942] INFO     [MainThread|MainProcess] ncatbot.plugin_system (ncatbot_plugin.py:on_close:19) | 插件 DailyMusic 卸载成功
[2025-10-02 16:48:26,943.943] INFO     [MainThread|MainProcess] ncatbot.plugin_system (ncatbot_plugin.py:on_close:19) | 插件 DailyWife 卸载成功
[2025-10-02 16:48:26,943.943] INFO     [MainThread|MainProcess] ncatbot.plugin_system (ncatbot_plugin.py:on_close:19) | 插件 GoBang 卸载成功
[2025-10-02 16:48:26,943.943] INFO     [MainThread|MainProcess] ncatbot.plugin_system (ncatbot_plugin.py:on_close:19) | 插件 HistoryDay 卸载成功
[2025-10-02 16:48:26,943.943] INFO     [MainThread|MainProcess] ncatbot.plugin_system (ncatbot_plugin.py:on_close:19) | 插件 Menu 卸载成功
[2025-10-02 16:48:26,943.943] INFO     [MainThread|MainProcess] ncatbot.plugin_system (ncatbot_plugin.py:on_close:19) | 插件 Poem 卸载成功
[2025-10-02 16:48:26,943.943] INFO     [MainThread|MainProcess] ncatbot.plugin_system (ncatbot_plugin.py:on_close:19) | 插件 UUCrawl 卸载成功
[2025-10-02 16:48:26,944.944] INFO     [MainThread|MainProcess] ncatbot.plugin_system (ncatbot_plugin.py:on_close:19) | 插件 UUCrawlMonitor 卸载成功
[2025-10-02 16:48:26,944.944] INFO     [MainThread|MainProcess] ncatbot.plugin_system (ncatbot_plugin.py:on_close:19) | 插件 What2Eat 卸载成功
[2025-10-02 16:48:26,949.949] INFO     [MainThread|MainProcess] Client (client.py:bot_exit:202) | Bot 已经正常退出
[2025-10-02 16:50:12,990.990] DEBUG    [MainThread|MainProcess] logger (logger.py:setup_logging:259) | 日志系统初始化
[2025-10-02 16:50:12,991.991] DEBUG    [MainThread|MainProcess] Config (config.py:load:353) | 从 D:\my_project\QQBot\config.yaml 加载配置
[2025-10-02 16:50:12,992.992] WARNING  [MainThread|MainProcess] Config (config.py:create_from_file:304) | [setting] 未知配置项: bot_id
[2025-10-02 16:50:12,992.992] WARNING  [MainThread|MainProcess] Config (config.py:create_from_file:304) | [setting] 未知配置项: root_id
[2025-10-02 16:50:12,993.993] WARNING  [MainThread|MainProcess] Config (config.py:create_from_file:304) | [setting] 未知配置项: bot_name
[2025-10-02 16:50:12,993.993] WARNING  [MainThread|MainProcess] Config (config.py:create_from_file:304) | [setting] 未知配置项: host
[2025-10-02 16:50:12,993.993] WARNING  [MainThread|MainProcess] Config (config.py:create_from_file:304) | [setting] 未知配置项: user
[2025-10-02 16:50:12,993.993] WARNING  [MainThread|MainProcess] Config (config.py:create_from_file:304) | [setting] 未知配置项: password
[2025-10-02 16:50:12,993.993] WARNING  [MainThread|MainProcess] Config (config.py:create_from_file:304) | [setting] 未知配置项: database
[2025-10-02 16:50:12,993.993] WARNING  [MainThread|MainProcess] Config (config.py:create_from_file:304) | [setting] 未知配置项: gaode_map_key
[2025-10-02 16:50:12,993.993] WARNING  [MainThread|MainProcess] Config (config.py:create_from_file:304) | [setting] 未知配置项: crawl_interval
[2025-10-02 16:50:13,052.052] INFO     [MainThread|MainProcess] Config (config.py:validate_config:339) | [BOTQQ]: 3909177943 | [WSURI]: ws://localhost:3001 | [WS_TOKEN]: NcatBot | [ROOT]: 1633360356 | [WEBUI]: http://localhost:6099 | [WEBUI_TOKEN]: 123NcatBot321!@
[2025-10-02 16:50:13,100.100] INFO     [Thread-4 (runner)|MainProcess] PluginLoader (loader.py:load_builtin_plugins:251) | 已加载内置插件数 [2]
[2025-10-02 16:50:13,100.100] INFO     [Thread-4 (runner)|MainProcess] PluginLoader (loader.py:load_plugins:265) | 从 D:\my_project\QQBot\plugins 导入插件
[2025-10-02 16:50:13,106.106] INFO     [Thread-4 (runner)|MainProcess] PackageHelper (packhelper.py:ensure:32) | 依赖已满足: PyMySQL
[2025-10-02 16:50:13,106.106] INFO     [Thread-4 (runner)|MainProcess] PackageHelper (packhelper.py:ensure:32) | 依赖已满足: pyyaml
[2025-10-02 16:50:13,107.107] INFO     [Thread-4 (runner)|MainProcess] PackageHelper (packhelper.py:ensure:32) | 依赖已满足: requests
[2025-10-02 16:50:13,190.190] INFO     [Thread-4 (runner)|MainProcess] PackageHelper (packhelper.py:ensure:32) | 依赖已满足: PyMySQL
[2025-10-02 16:50:13,376.376] INFO     [Thread-4 (runner)|MainProcess] PackageHelper (packhelper.py:ensure:32) | 依赖已满足: requests
[2025-10-02 16:50:13,376.376] INFO     [Thread-4 (runner)|MainProcess] PackageHelper (packhelper.py:ensure:32) | 依赖已满足: bs4
[2025-10-02 16:50:13,377.377] INFO     [Thread-4 (runner)|MainProcess] PackageHelper (packhelper.py:ensure:32) | 依赖已满足: zhconv
[2025-10-02 16:50:13,378.378] INFO     [Thread-4 (runner)|MainProcess] PackageHelper (packhelper.py:ensure:32) | 依赖已满足: pandas
[2025-10-02 16:50:13,378.378] INFO     [Thread-4 (runner)|MainProcess] PackageHelper (packhelper.py:ensure:32) | 依赖已满足: cryptography
[2025-10-02 16:50:13,383.383] INFO     [Thread-4 (runner)|MainProcess] PackageHelper (packhelper.py:ensure:32) | 依赖已满足: torch
[2025-10-02 16:50:13,385.385] INFO     [Thread-4 (runner)|MainProcess] PackageHelper (packhelper.py:ensure:32) | 依赖已满足: numpy
[2025-10-02 16:50:13,385.385] INFO     [Thread-4 (runner)|MainProcess] PackageHelper (packhelper.py:ensure:32) | 依赖已满足: pyyaml
[2025-10-02 16:50:14,432.432] INFO     [Thread-4 (runner)|MainProcess] PluginLoader (loader.py:_import_single:89) | 成功导入插件文件: __init__
[2025-10-02 16:50:14,432.432] INFO     [Thread-4 (runner)|MainProcess] PluginLoader (loader.py:from_class_load_plugins:217) | 加载插件「CS2CaseSimulator」
[2025-10-02 16:50:14,432.432] INFO     [Thread-4 (runner)|MainProcess] PluginLoader (loader.py:from_class_load_plugins:217) | 加载插件「DailyLuck」
[2025-10-02 16:50:14,433.433] INFO     [Thread-4 (runner)|MainProcess] PluginLoader (loader.py:from_class_load_plugins:217) | 加载插件「DailyMusic」
[2025-10-02 16:50:14,433.433] INFO     [Thread-4 (runner)|MainProcess] PluginLoader (loader.py:from_class_load_plugins:217) | 加载插件「DailyWife」
[2025-10-02 16:50:14,433.433] INFO     [Thread-4 (runner)|MainProcess] PluginLoader (loader.py:from_class_load_plugins:217) | 加载插件「GoBang」
[2025-10-02 16:50:14,434.434] INFO     [Thread-4 (runner)|MainProcess] PluginLoader (loader.py:from_class_load_plugins:217) | 加载插件「HistoryDay」
[2025-10-02 16:50:14,434.434] INFO     [Thread-4 (runner)|MainProcess] PluginLoader (loader.py:from_class_load_plugins:217) | 加载插件「Menu」
[2025-10-02 16:50:14,434.434] INFO     [Thread-4 (runner)|MainProcess] PluginLoader (loader.py:from_class_load_plugins:217) | 加载插件「Poem」
[2025-10-02 16:50:14,435.435] INFO     [Thread-4 (runner)|MainProcess] PluginLoader (loader.py:from_class_load_plugins:217) | 加载插件「UUCrawl」
[2025-10-02 16:50:14,435.435] INFO     [Thread-4 (runner)|MainProcess] PluginLoader (loader.py:from_class_load_plugins:217) | 加载插件「UUCrawlMonitor」
[2025-10-02 16:50:14,435.435] INFO     [Thread-4 (runner)|MainProcess] PluginLoader (loader.py:from_class_load_plugins:217) | 加载插件「What2Eat」
[2025-10-02 16:50:14,451.451] INFO     [Thread-4 (runner)|MainProcess] PluginLoader (loader.py:load_plugins:277) | 已加载插件数 [13]
[2025-10-02 16:50:14,453.453] INFO     [MainThread|MainProcess] ncatbot.core.adapter.nc.launch (launch.py:lanuch_napcat_service:104) | 正在以本地模式运行, 检查中...
[2025-10-02 16:50:14,465.465] INFO     [MainThread|MainProcess] ncatbot.core.adapter.nc.launch (launch.py:check_napcat_service_remote:70) | napcat 服务器 ws://localhost:3001 在线, 正在检查账号状态...
[2025-10-02 16:50:14,465.465] WARNING  [MainThread|MainProcess] ncatbot.core.adapter.nc.launch (launch.py:check_napcat_service_remote:72) | 跳过基于 WebUI 交互的检查, 请自行确保 NapCat 已经登录了正确的 QQ 3909177943
[2025-10-02 16:50:14,466.466] INFO     [MainThread|MainProcess] Adapter (adapter.py:connect_websocket:92) | NapCat WebSocket 连接成功
[2025-10-02 16:50:14,466.466] INFO     [Thread-1 (_worker_loop)|MainProcess] Client (client.py:<lambda>:79) | Bot 3909177943 启动成功
[2025-10-02 16:51:31,863.863] ERROR    [Thread-150 (runner)|MainProcess] FunctionMixin (func_mixin.py:wrapped_handler:186) | 插件 UUCrawlMonitor 功能 UUCrawlMonitorRemove 执行失败: tuple index out of range
Traceback (most recent call last):
  File "D:\my_project\QQBot\.venv\Lib\site-packages\ncatbot\plugin_system\builtin_mixin\func_mixin.py", line 181, in wrapped_handler
    return await current_handler(data)
           ^^^^^^^^^^^^^^^^^^^^^^^^^^^
  File "D:\my_project\QQBot\plugins\UUCrawlMonitor\main.py", line 108, in remove_monitor
    qq_numbers = res[0]["qq_numbers"].split(',')
                 ~~~^^^
IndexError: tuple index out of range
[2025-10-02 16:53:10,050.050] DEBUG    [MainThread|MainProcess] logger (logger.py:setup_logging:259) | 日志系统初始化
[2025-10-02 16:53:10,051.051] DEBUG    [MainThread|MainProcess] Config (config.py:load:353) | 从 D:\my_project\QQBot\config.yaml 加载配置
[2025-10-02 16:53:10,052.052] WARNING  [MainThread|MainProcess] Config (config.py:create_from_file:304) | [setting] 未知配置项: bot_id
[2025-10-02 16:53:10,053.053] WARNING  [MainThread|MainProcess] Config (config.py:create_from_file:304) | [setting] 未知配置项: root_id
[2025-10-02 16:53:10,053.053] WARNING  [MainThread|MainProcess] Config (config.py:create_from_file:304) | [setting] 未知配置项: bot_name
[2025-10-02 16:53:10,053.053] WARNING  [MainThread|MainProcess] Config (config.py:create_from_file:304) | [setting] 未知配置项: host
[2025-10-02 16:53:10,053.053] WARNING  [MainThread|MainProcess] Config (config.py:create_from_file:304) | [setting] 未知配置项: user
[2025-10-02 16:53:10,053.053] WARNING  [MainThread|MainProcess] Config (config.py:create_from_file:304) | [setting] 未知配置项: password
[2025-10-02 16:53:10,053.053] WARNING  [MainThread|MainProcess] Config (config.py:create_from_file:304) | [setting] 未知配置项: database
[2025-10-02 16:53:10,053.053] WARNING  [MainThread|MainProcess] Config (config.py:create_from_file:304) | [setting] 未知配置项: gaode_map_key
[2025-10-02 16:53:10,053.053] WARNING  [MainThread|MainProcess] Config (config.py:create_from_file:304) | [setting] 未知配置项: crawl_interval
[2025-10-02 16:53:10,111.111] INFO     [MainThread|MainProcess] Config (config.py:validate_config:339) | [BOTQQ]: 3909177943 | [WSURI]: ws://localhost:3001 | [WS_TOKEN]: NcatBot | [ROOT]: 1633360356 | [WEBUI]: http://localhost:6099 | [WEBUI_TOKEN]: 123NcatBot321!@
[2025-10-02 16:53:10,158.158] INFO     [Thread-4 (runner)|MainProcess] PluginLoader (loader.py:load_builtin_plugins:251) | 已加载内置插件数 [2]
[2025-10-02 16:53:10,159.159] INFO     [Thread-4 (runner)|MainProcess] PluginLoader (loader.py:load_plugins:265) | 从 D:\my_project\QQBot\plugins 导入插件
[2025-10-02 16:53:10,164.164] INFO     [Thread-4 (runner)|MainProcess] PackageHelper (packhelper.py:ensure:32) | 依赖已满足: PyMySQL
[2025-10-02 16:53:10,164.164] INFO     [Thread-4 (runner)|MainProcess] PackageHelper (packhelper.py:ensure:32) | 依赖已满足: pyyaml
[2025-10-02 16:53:10,165.165] INFO     [Thread-4 (runner)|MainProcess] PackageHelper (packhelper.py:ensure:32) | 依赖已满足: requests
[2025-10-02 16:53:10,252.252] INFO     [Thread-4 (runner)|MainProcess] PackageHelper (packhelper.py:ensure:32) | 依赖已满足: PyMySQL
[2025-10-02 16:53:10,442.442] INFO     [Thread-4 (runner)|MainProcess] PackageHelper (packhelper.py:ensure:32) | 依赖已满足: requests
[2025-10-02 16:53:10,442.442] INFO     [Thread-4 (runner)|MainProcess] PackageHelper (packhelper.py:ensure:32) | 依赖已满足: bs4
[2025-10-02 16:53:10,443.443] INFO     [Thread-4 (runner)|MainProcess] PackageHelper (packhelper.py:ensure:32) | 依赖已满足: zhconv
[2025-10-02 16:53:10,444.444] INFO     [Thread-4 (runner)|MainProcess] PackageHelper (packhelper.py:ensure:32) | 依赖已满足: pandas
[2025-10-02 16:53:10,445.445] INFO     [Thread-4 (runner)|MainProcess] PackageHelper (packhelper.py:ensure:32) | 依赖已满足: cryptography
[2025-10-02 16:53:10,449.449] INFO     [Thread-4 (runner)|MainProcess] PackageHelper (packhelper.py:ensure:32) | 依赖已满足: torch
[2025-10-02 16:53:10,451.451] INFO     [Thread-4 (runner)|MainProcess] PackageHelper (packhelper.py:ensure:32) | 依赖已满足: numpy
[2025-10-02 16:53:10,452.452] INFO     [Thread-4 (runner)|MainProcess] PackageHelper (packhelper.py:ensure:32) | 依赖已满足: pyyaml
[2025-10-02 16:53:11,532.532] INFO     [Thread-4 (runner)|MainProcess] PluginLoader (loader.py:_import_single:89) | 成功导入插件文件: __init__
[2025-10-02 16:53:11,533.533] INFO     [Thread-4 (runner)|MainProcess] PluginLoader (loader.py:from_class_load_plugins:217) | 加载插件「CS2CaseSimulator」
[2025-10-02 16:53:11,533.533] INFO     [Thread-4 (runner)|MainProcess] PluginLoader (loader.py:from_class_load_plugins:217) | 加载插件「DailyLuck」
[2025-10-02 16:53:11,533.533] INFO     [Thread-4 (runner)|MainProcess] PluginLoader (loader.py:from_class_load_plugins:217) | 加载插件「DailyMusic」
[2025-10-02 16:53:11,534.534] INFO     [Thread-4 (runner)|MainProcess] PluginLoader (loader.py:from_class_load_plugins:217) | 加载插件「DailyWife」
[2025-10-02 16:53:11,534.534] INFO     [Thread-4 (runner)|MainProcess] PluginLoader (loader.py:from_class_load_plugins:217) | 加载插件「GoBang」
[2025-10-02 16:53:11,535.535] INFO     [Thread-4 (runner)|MainProcess] PluginLoader (loader.py:from_class_load_plugins:217) | 加载插件「HistoryDay」
[2025-10-02 16:53:11,535.535] INFO     [Thread-4 (runner)|MainProcess] PluginLoader (loader.py:from_class_load_plugins:217) | 加载插件「Menu」
[2025-10-02 16:53:11,535.535] INFO     [Thread-4 (runner)|MainProcess] PluginLoader (loader.py:from_class_load_plugins:217) | 加载插件「Poem」
[2025-10-02 16:53:11,536.536] INFO     [Thread-4 (runner)|MainProcess] PluginLoader (loader.py:from_class_load_plugins:217) | 加载插件「UUCrawl」
[2025-10-02 16:53:11,536.536] INFO     [Thread-4 (runner)|MainProcess] PluginLoader (loader.py:from_class_load_plugins:217) | 加载插件「UUCrawlMonitor」
[2025-10-02 16:53:11,537.537] INFO     [Thread-4 (runner)|MainProcess] PluginLoader (loader.py:from_class_load_plugins:217) | 加载插件「What2Eat」
[2025-10-02 16:53:11,553.553] INFO     [Thread-4 (runner)|MainProcess] PluginLoader (loader.py:load_plugins:277) | 已加载插件数 [13]
[2025-10-02 16:53:11,555.555] INFO     [MainThread|MainProcess] ncatbot.core.adapter.nc.launch (launch.py:lanuch_napcat_service:104) | 正在以本地模式运行, 检查中...
[2025-10-02 16:53:11,569.569] INFO     [MainThread|MainProcess] ncatbot.core.adapter.nc.launch (launch.py:check_napcat_service_remote:70) | napcat 服务器 ws://localhost:3001 在线, 正在检查账号状态...
[2025-10-02 16:53:11,569.569] WARNING  [MainThread|MainProcess] ncatbot.core.adapter.nc.launch (launch.py:check_napcat_service_remote:72) | 跳过基于 WebUI 交互的检查, 请自行确保 NapCat 已经登录了正确的 QQ 3909177943
[2025-10-02 16:53:11,571.571] INFO     [MainThread|MainProcess] Adapter (adapter.py:connect_websocket:92) | NapCat WebSocket 连接成功
[2025-10-02 16:53:11,572.572] INFO     [Thread-1 (_worker_loop)|MainProcess] Client (client.py:<lambda>:79) | Bot 3909177943 启动成功
[2025-10-02 16:53:17,538.538] ERROR    [Thread-27 (runner)|MainProcess] FunctionMixin (func_mixin.py:wrapped_handler:186) | 插件 UUCrawlMonitor 功能 UUCrawlMonitorRemove 执行失败: tuple index out of range
Traceback (most recent call last):
  File "D:\my_project\QQBot\.venv\Lib\site-packages\ncatbot\plugin_system\builtin_mixin\func_mixin.py", line 181, in wrapped_handler
    return await current_handler(data)
           ^^^^^^^^^^^^^^^^^^^^^^^^^^^
  File "D:\my_project\QQBot\plugins\UUCrawlMonitor\main.py", line 107, in remove_monitor
    qq_numbers = res[0]["qq_numbers"].split(',')
                 ~~~^^^
IndexError: tuple index out of range
[2025-10-02 16:53:19,737.737] INFO     [MainThread|MainProcess] ncatbot.plugin_system (ncatbot_plugin.py:on_close:19) | 插件 SystemManager 卸载成功
[2025-10-02 16:53:19,738.738] INFO     [MainThread|MainProcess] ncatbot.plugin_system (ncatbot_plugin.py:on_close:19) | 插件 UnifiedRegistryPlugin 卸载成功
[2025-10-02 16:53:19,738.738] INFO     [MainThread|MainProcess] ncatbot.plugin_system (ncatbot_plugin.py:on_close:19) | 插件 CS2CaseSimulator 卸载成功
[2025-10-02 16:53:19,739.739] INFO     [MainThread|MainProcess] ncatbot.plugin_system (ncatbot_plugin.py:on_close:19) | 插件 DailyLuck 卸载成功
[2025-10-02 16:53:19,739.739] INFO     [MainThread|MainProcess] ncatbot.plugin_system (ncatbot_plugin.py:on_close:19) | 插件 DailyMusic 卸载成功
[2025-10-02 16:53:19,739.739] INFO     [MainThread|MainProcess] ncatbot.plugin_system (ncatbot_plugin.py:on_close:19) | 插件 DailyWife 卸载成功
[2025-10-02 16:53:19,739.739] INFO     [MainThread|MainProcess] ncatbot.plugin_system (ncatbot_plugin.py:on_close:19) | 插件 GoBang 卸载成功
[2025-10-02 16:53:19,740.740] INFO     [MainThread|MainProcess] ncatbot.plugin_system (ncatbot_plugin.py:on_close:19) | 插件 HistoryDay 卸载成功
[2025-10-02 16:53:19,740.740] INFO     [MainThread|MainProcess] ncatbot.plugin_system (ncatbot_plugin.py:on_close:19) | 插件 Menu 卸载成功
[2025-10-02 16:53:19,740.740] INFO     [MainThread|MainProcess] ncatbot.plugin_system (ncatbot_plugin.py:on_close:19) | 插件 Poem 卸载成功
[2025-10-02 16:53:19,740.740] INFO     [MainThread|MainProcess] ncatbot.plugin_system (ncatbot_plugin.py:on_close:19) | 插件 UUCrawl 卸载成功
[2025-10-02 16:53:19,741.741] INFO     [MainThread|MainProcess] ncatbot.plugin_system (ncatbot_plugin.py:on_close:19) | 插件 UUCrawlMonitor 卸载成功
[2025-10-02 16:53:19,741.741] INFO     [MainThread|MainProcess] ncatbot.plugin_system (ncatbot_plugin.py:on_close:19) | 插件 What2Eat 卸载成功
[2025-10-02 16:53:19,745.745] INFO     [MainThread|MainProcess] Client (client.py:bot_exit:202) | Bot 已经正常退出
[2025-10-02 16:53:54,742.742] DEBUG    [MainThread|MainProcess] logger (logger.py:setup_logging:259) | 日志系统初始化
[2025-10-02 16:53:54,744.744] DEBUG    [MainThread|MainProcess] Config (config.py:load:353) | 从 D:\my_project\QQBot\config.yaml 加载配置
[2025-10-02 16:53:54,745.745] WARNING  [MainThread|MainProcess] Config (config.py:create_from_file:304) | [setting] 未知配置项: bot_id
[2025-10-02 16:53:54,745.745] WARNING  [MainThread|MainProcess] Config (config.py:create_from_file:304) | [setting] 未知配置项: root_id
[2025-10-02 16:53:54,745.745] WARNING  [MainThread|MainProcess] Config (config.py:create_from_file:304) | [setting] 未知配置项: bot_name
[2025-10-02 16:53:54,745.745] WARNING  [MainThread|MainProcess] Config (config.py:create_from_file:304) | [setting] 未知配置项: host
[2025-10-02 16:53:54,745.745] WARNING  [MainThread|MainProcess] Config (config.py:create_from_file:304) | [setting] 未知配置项: user
[2025-10-02 16:53:54,745.745] WARNING  [MainThread|MainProcess] Config (config.py:create_from_file:304) | [setting] 未知配置项: password
[2025-10-02 16:53:54,745.745] WARNING  [MainThread|MainProcess] Config (config.py:create_from_file:304) | [setting] 未知配置项: database
[2025-10-02 16:53:54,745.745] WARNING  [MainThread|MainProcess] Config (config.py:create_from_file:304) | [setting] 未知配置项: gaode_map_key
[2025-10-02 16:53:54,746.746] WARNING  [MainThread|MainProcess] Config (config.py:create_from_file:304) | [setting] 未知配置项: crawl_interval
[2025-10-02 16:53:54,804.804] INFO     [MainThread|MainProcess] Config (config.py:validate_config:339) | [BOTQQ]: 3909177943 | [WSURI]: ws://localhost:3001 | [WS_TOKEN]: NcatBot | [ROOT]: 1633360356 | [WEBUI]: http://localhost:6099 | [WEBUI_TOKEN]: 123NcatBot321!@
[2025-10-02 16:53:54,852.852] INFO     [Thread-4 (runner)|MainProcess] PluginLoader (loader.py:load_builtin_plugins:251) | 已加载内置插件数 [2]
[2025-10-02 16:53:54,852.852] INFO     [Thread-4 (runner)|MainProcess] PluginLoader (loader.py:load_plugins:265) | 从 D:\my_project\QQBot\plugins 导入插件
[2025-10-02 16:53:54,857.857] INFO     [Thread-4 (runner)|MainProcess] PackageHelper (packhelper.py:ensure:32) | 依赖已满足: PyMySQL
[2025-10-02 16:53:54,858.858] INFO     [Thread-4 (runner)|MainProcess] PackageHelper (packhelper.py:ensure:32) | 依赖已满足: pyyaml
[2025-10-02 16:53:54,858.858] INFO     [Thread-4 (runner)|MainProcess] PackageHelper (packhelper.py:ensure:32) | 依赖已满足: requests
[2025-10-02 16:53:54,941.941] INFO     [Thread-4 (runner)|MainProcess] PackageHelper (packhelper.py:ensure:32) | 依赖已满足: PyMySQL
[2025-10-02 16:53:55,123.123] INFO     [Thread-4 (runner)|MainProcess] PackageHelper (packhelper.py:ensure:32) | 依赖已满足: requests
[2025-10-02 16:53:55,124.124] INFO     [Thread-4 (runner)|MainProcess] PackageHelper (packhelper.py:ensure:32) | 依赖已满足: bs4
[2025-10-02 16:53:55,124.124] INFO     [Thread-4 (runner)|MainProcess] PackageHelper (packhelper.py:ensure:32) | 依赖已满足: zhconv
[2025-10-02 16:53:55,125.125] INFO     [Thread-4 (runner)|MainProcess] PackageHelper (packhelper.py:ensure:32) | 依赖已满足: pandas
[2025-10-02 16:53:55,126.126] INFO     [Thread-4 (runner)|MainProcess] PackageHelper (packhelper.py:ensure:32) | 依赖已满足: cryptography
[2025-10-02 16:53:55,130.130] INFO     [Thread-4 (runner)|MainProcess] PackageHelper (packhelper.py:ensure:32) | 依赖已满足: torch
[2025-10-02 16:53:55,132.132] INFO     [Thread-4 (runner)|MainProcess] PackageHelper (packhelper.py:ensure:32) | 依赖已满足: numpy
[2025-10-02 16:53:55,133.133] INFO     [Thread-4 (runner)|MainProcess] PackageHelper (packhelper.py:ensure:32) | 依赖已满足: pyyaml
[2025-10-02 16:53:56,192.192] INFO     [Thread-4 (runner)|MainProcess] PluginLoader (loader.py:_import_single:89) | 成功导入插件文件: __init__
[2025-10-02 16:53:56,192.192] INFO     [Thread-4 (runner)|MainProcess] PluginLoader (loader.py:from_class_load_plugins:217) | 加载插件「CS2CaseSimulator」
[2025-10-02 16:53:56,193.193] INFO     [Thread-4 (runner)|MainProcess] PluginLoader (loader.py:from_class_load_plugins:217) | 加载插件「DailyLuck」
[2025-10-02 16:53:56,193.193] INFO     [Thread-4 (runner)|MainProcess] PluginLoader (loader.py:from_class_load_plugins:217) | 加载插件「DailyMusic」
[2025-10-02 16:53:56,193.193] INFO     [Thread-4 (runner)|MainProcess] PluginLoader (loader.py:from_class_load_plugins:217) | 加载插件「DailyWife」
[2025-10-02 16:53:56,194.194] INFO     [Thread-4 (runner)|MainProcess] PluginLoader (loader.py:from_class_load_plugins:217) | 加载插件「GoBang」
[2025-10-02 16:53:56,194.194] INFO     [Thread-4 (runner)|MainProcess] PluginLoader (loader.py:from_class_load_plugins:217) | 加载插件「HistoryDay」
[2025-10-02 16:53:56,194.194] INFO     [Thread-4 (runner)|MainProcess] PluginLoader (loader.py:from_class_load_plugins:217) | 加载插件「Menu」
[2025-10-02 16:53:56,195.195] INFO     [Thread-4 (runner)|MainProcess] PluginLoader (loader.py:from_class_load_plugins:217) | 加载插件「Poem」
[2025-10-02 16:53:56,195.195] INFO     [Thread-4 (runner)|MainProcess] PluginLoader (loader.py:from_class_load_plugins:217) | 加载插件「UUCrawl」
[2025-10-02 16:53:56,195.195] INFO     [Thread-4 (runner)|MainProcess] PluginLoader (loader.py:from_class_load_plugins:217) | 加载插件「UUCrawlMonitor」
[2025-10-02 16:53:56,196.196] INFO     [Thread-4 (runner)|MainProcess] PluginLoader (loader.py:from_class_load_plugins:217) | 加载插件「What2Eat」
[2025-10-02 16:53:56,214.214] INFO     [Thread-4 (runner)|MainProcess] PluginLoader (loader.py:load_plugins:277) | 已加载插件数 [13]
[2025-10-02 16:53:56,215.215] INFO     [MainThread|MainProcess] ncatbot.core.adapter.nc.launch (launch.py:lanuch_napcat_service:104) | 正在以本地模式运行, 检查中...
[2025-10-02 16:53:56,230.230] INFO     [MainThread|MainProcess] ncatbot.core.adapter.nc.launch (launch.py:check_napcat_service_remote:70) | napcat 服务器 ws://localhost:3001 在线, 正在检查账号状态...
[2025-10-02 16:53:56,230.230] WARNING  [MainThread|MainProcess] ncatbot.core.adapter.nc.launch (launch.py:check_napcat_service_remote:72) | 跳过基于 WebUI 交互的检查, 请自行确保 NapCat 已经登录了正确的 QQ 3909177943
[2025-10-02 16:53:56,232.232] INFO     [MainThread|MainProcess] Adapter (adapter.py:connect_websocket:92) | NapCat WebSocket 连接成功
[2025-10-02 16:53:56,233.233] INFO     [Thread-1 (_worker_loop)|MainProcess] Client (client.py:<lambda>:79) | Bot 3909177943 启动成功
[2025-10-02 16:54:20,158.158] INFO     [MainThread|MainProcess] ncatbot.plugin_system (ncatbot_plugin.py:on_close:19) | 插件 SystemManager 卸载成功
[2025-10-02 16:54:20,159.159] INFO     [MainThread|MainProcess] ncatbot.plugin_system (ncatbot_plugin.py:on_close:19) | 插件 UnifiedRegistryPlugin 卸载成功
[2025-10-02 16:54:20,159.159] INFO     [MainThread|MainProcess] ncatbot.plugin_system (ncatbot_plugin.py:on_close:19) | 插件 CS2CaseSimulator 卸载成功
[2025-10-02 16:54:20,159.159] INFO     [MainThread|MainProcess] ncatbot.plugin_system (ncatbot_plugin.py:on_close:19) | 插件 DailyLuck 卸载成功
[2025-10-02 16:54:20,160.160] INFO     [MainThread|MainProcess] ncatbot.plugin_system (ncatbot_plugin.py:on_close:19) | 插件 DailyMusic 卸载成功
[2025-10-02 16:54:20,160.160] INFO     [MainThread|MainProcess] ncatbot.plugin_system (ncatbot_plugin.py:on_close:19) | 插件 DailyWife 卸载成功
[2025-10-02 16:54:20,160.160] INFO     [MainThread|MainProcess] ncatbot.plugin_system (ncatbot_plugin.py:on_close:19) | 插件 GoBang 卸载成功
[2025-10-02 16:54:20,161.161] INFO     [MainThread|MainProcess] ncatbot.plugin_system (ncatbot_plugin.py:on_close:19) | 插件 HistoryDay 卸载成功
[2025-10-02 16:54:20,161.161] INFO     [MainThread|MainProcess] ncatbot.plugin_system (ncatbot_plugin.py:on_close:19) | 插件 Menu 卸载成功
[2025-10-02 16:54:20,161.161] INFO     [MainThread|MainProcess] ncatbot.plugin_system (ncatbot_plugin.py:on_close:19) | 插件 Poem 卸载成功
[2025-10-02 16:54:20,161.161] INFO     [MainThread|MainProcess] ncatbot.plugin_system (ncatbot_plugin.py:on_close:19) | 插件 UUCrawl 卸载成功
[2025-10-02 16:54:20,161.161] INFO     [MainThread|MainProcess] ncatbot.plugin_system (ncatbot_plugin.py:on_close:19) | 插件 UUCrawlMonitor 卸载成功
[2025-10-02 16:54:20,162.162] INFO     [MainThread|MainProcess] ncatbot.plugin_system (ncatbot_plugin.py:on_close:19) | 插件 What2Eat 卸载成功
[2025-10-02 16:54:20,165.165] INFO     [MainThread|MainProcess] Client (client.py:bot_exit:202) | Bot 已经正常退出
[2025-10-02 16:54:41,452.452] DEBUG    [MainThread|MainProcess] logger (logger.py:setup_logging:259) | 日志系统初始化
[2025-10-02 16:54:41,454.454] DEBUG    [MainThread|MainProcess] Config (config.py:load:353) | 从 D:\my_project\QQBot\config.yaml 加载配置
[2025-10-02 16:54:41,455.455] WARNING  [MainThread|MainProcess] Config (config.py:create_from_file:304) | [setting] 未知配置项: bot_id
[2025-10-02 16:54:41,455.455] WARNING  [MainThread|MainProcess] Config (config.py:create_from_file:304) | [setting] 未知配置项: root_id
[2025-10-02 16:54:41,455.455] WARNING  [MainThread|MainProcess] Config (config.py:create_from_file:304) | [setting] 未知配置项: bot_name
[2025-10-02 16:54:41,455.455] WARNING  [MainThread|MainProcess] Config (config.py:create_from_file:304) | [setting] 未知配置项: host
[2025-10-02 16:54:41,455.455] WARNING  [MainThread|MainProcess] Config (config.py:create_from_file:304) | [setting] 未知配置项: user
[2025-10-02 16:54:41,455.455] WARNING  [MainThread|MainProcess] Config (config.py:create_from_file:304) | [setting] 未知配置项: password
[2025-10-02 16:54:41,455.455] WARNING  [MainThread|MainProcess] Config (config.py:create_from_file:304) | [setting] 未知配置项: database
[2025-10-02 16:54:41,455.455] WARNING  [MainThread|MainProcess] Config (config.py:create_from_file:304) | [setting] 未知配置项: gaode_map_key
[2025-10-02 16:54:41,455.455] WARNING  [MainThread|MainProcess] Config (config.py:create_from_file:304) | [setting] 未知配置项: crawl_interval
[2025-10-02 16:54:41,515.515] INFO     [MainThread|MainProcess] Config (config.py:validate_config:339) | [BOTQQ]: 3909177943 | [WSURI]: ws://localhost:3001 | [WS_TOKEN]: NcatBot | [ROOT]: 1633360356 | [WEBUI]: http://localhost:6099 | [WEBUI_TOKEN]: 123NcatBot321!@
[2025-10-02 16:54:41,563.563] INFO     [Thread-4 (runner)|MainProcess] PluginLoader (loader.py:load_builtin_plugins:251) | 已加载内置插件数 [2]
[2025-10-02 16:54:41,563.563] INFO     [Thread-4 (runner)|MainProcess] PluginLoader (loader.py:load_plugins:265) | 从 D:\my_project\QQBot\plugins 导入插件
[2025-10-02 16:54:41,569.569] INFO     [Thread-4 (runner)|MainProcess] PackageHelper (packhelper.py:ensure:32) | 依赖已满足: PyMySQL
[2025-10-02 16:54:41,570.570] INFO     [Thread-4 (runner)|MainProcess] PackageHelper (packhelper.py:ensure:32) | 依赖已满足: pyyaml
[2025-10-02 16:54:41,570.570] INFO     [Thread-4 (runner)|MainProcess] PackageHelper (packhelper.py:ensure:32) | 依赖已满足: requests
[2025-10-02 16:54:41,656.656] INFO     [Thread-4 (runner)|MainProcess] PackageHelper (packhelper.py:ensure:32) | 依赖已满足: PyMySQL
[2025-10-02 16:54:41,841.841] INFO     [Thread-4 (runner)|MainProcess] PackageHelper (packhelper.py:ensure:32) | 依赖已满足: requests
[2025-10-02 16:54:41,842.842] INFO     [Thread-4 (runner)|MainProcess] PackageHelper (packhelper.py:ensure:32) | 依赖已满足: bs4
[2025-10-02 16:54:41,843.843] INFO     [Thread-4 (runner)|MainProcess] PackageHelper (packhelper.py:ensure:32) | 依赖已满足: zhconv
[2025-10-02 16:54:41,843.843] INFO     [Thread-4 (runner)|MainProcess] PackageHelper (packhelper.py:ensure:32) | 依赖已满足: pandas
[2025-10-02 16:54:41,844.844] INFO     [Thread-4 (runner)|MainProcess] PackageHelper (packhelper.py:ensure:32) | 依赖已满足: cryptography
[2025-10-02 16:54:41,848.848] INFO     [Thread-4 (runner)|MainProcess] PackageHelper (packhelper.py:ensure:32) | 依赖已满足: torch
[2025-10-02 16:54:41,851.851] INFO     [Thread-4 (runner)|MainProcess] PackageHelper (packhelper.py:ensure:32) | 依赖已满足: numpy
[2025-10-02 16:54:41,851.851] INFO     [Thread-4 (runner)|MainProcess] PackageHelper (packhelper.py:ensure:32) | 依赖已满足: pyyaml
[2025-10-02 16:54:42,905.905] INFO     [Thread-4 (runner)|MainProcess] PluginLoader (loader.py:_import_single:89) | 成功导入插件文件: __init__
[2025-10-02 16:54:42,905.905] INFO     [Thread-4 (runner)|MainProcess] PluginLoader (loader.py:from_class_load_plugins:217) | 加载插件「CS2CaseSimulator」
[2025-10-02 16:54:42,906.906] INFO     [Thread-4 (runner)|MainProcess] PluginLoader (loader.py:from_class_load_plugins:217) | 加载插件「DailyLuck」
[2025-10-02 16:54:42,906.906] INFO     [Thread-4 (runner)|MainProcess] PluginLoader (loader.py:from_class_load_plugins:217) | 加载插件「DailyMusic」
[2025-10-02 16:54:42,906.906] INFO     [Thread-4 (runner)|MainProcess] PluginLoader (loader.py:from_class_load_plugins:217) | 加载插件「DailyWife」
[2025-10-02 16:54:42,907.907] INFO     [Thread-4 (runner)|MainProcess] PluginLoader (loader.py:from_class_load_plugins:217) | 加载插件「GoBang」
[2025-10-02 16:54:42,907.907] INFO     [Thread-4 (runner)|MainProcess] PluginLoader (loader.py:from_class_load_plugins:217) | 加载插件「HistoryDay」
[2025-10-02 16:54:42,908.908] INFO     [Thread-4 (runner)|MainProcess] PluginLoader (loader.py:from_class_load_plugins:217) | 加载插件「Menu」
[2025-10-02 16:54:42,908.908] INFO     [Thread-4 (runner)|MainProcess] PluginLoader (loader.py:from_class_load_plugins:217) | 加载插件「Poem」
[2025-10-02 16:54:42,908.908] INFO     [Thread-4 (runner)|MainProcess] PluginLoader (loader.py:from_class_load_plugins:217) | 加载插件「UUCrawl」
[2025-10-02 16:54:42,909.909] INFO     [Thread-4 (runner)|MainProcess] PluginLoader (loader.py:from_class_load_plugins:217) | 加载插件「UUCrawlMonitor」
[2025-10-02 16:54:42,909.909] INFO     [Thread-4 (runner)|MainProcess] PluginLoader (loader.py:from_class_load_plugins:217) | 加载插件「What2Eat」
[2025-10-02 16:54:42,925.925] INFO     [Thread-4 (runner)|MainProcess] PluginLoader (loader.py:load_plugins:277) | 已加载插件数 [13]
[2025-10-02 16:54:42,926.926] INFO     [MainThread|MainProcess] ncatbot.core.adapter.nc.launch (launch.py:lanuch_napcat_service:104) | 正在以本地模式运行, 检查中...
[2025-10-02 16:54:42,939.939] INFO     [MainThread|MainProcess] ncatbot.core.adapter.nc.launch (launch.py:check_napcat_service_remote:70) | napcat 服务器 ws://localhost:3001 在线, 正在检查账号状态...
[2025-10-02 16:54:42,939.939] WARNING  [MainThread|MainProcess] ncatbot.core.adapter.nc.launch (launch.py:check_napcat_service_remote:72) | 跳过基于 WebUI 交互的检查, 请自行确保 NapCat 已经登录了正确的 QQ 3909177943
[2025-10-02 16:54:42,941.941] INFO     [MainThread|MainProcess] Adapter (adapter.py:connect_websocket:92) | NapCat WebSocket 连接成功
[2025-10-02 16:54:42,941.941] INFO     [Thread-1 (_worker_loop)|MainProcess] Client (client.py:<lambda>:79) | Bot 3909177943 启动成功
[2025-10-02 16:54:50,471.471] INFO     [MainThread|MainProcess] ncatbot.plugin_system (ncatbot_plugin.py:on_close:19) | 插件 SystemManager 卸载成功
[2025-10-02 16:54:50,471.471] INFO     [MainThread|MainProcess] ncatbot.plugin_system (ncatbot_plugin.py:on_close:19) | 插件 UnifiedRegistryPlugin 卸载成功
[2025-10-02 16:54:50,472.472] INFO     [MainThread|MainProcess] ncatbot.plugin_system (ncatbot_plugin.py:on_close:19) | 插件 CS2CaseSimulator 卸载成功
[2025-10-02 16:54:50,472.472] INFO     [MainThread|MainProcess] ncatbot.plugin_system (ncatbot_plugin.py:on_close:19) | 插件 DailyLuck 卸载成功
[2025-10-02 16:54:50,472.472] INFO     [MainThread|MainProcess] ncatbot.plugin_system (ncatbot_plugin.py:on_close:19) | 插件 DailyMusic 卸载成功
[2025-10-02 16:54:50,472.472] INFO     [MainThread|MainProcess] ncatbot.plugin_system (ncatbot_plugin.py:on_close:19) | 插件 DailyWife 卸载成功
[2025-10-02 16:54:50,473.473] INFO     [MainThread|MainProcess] ncatbot.plugin_system (ncatbot_plugin.py:on_close:19) | 插件 GoBang 卸载成功
[2025-10-02 16:54:50,473.473] INFO     [MainThread|MainProcess] ncatbot.plugin_system (ncatbot_plugin.py:on_close:19) | 插件 HistoryDay 卸载成功
[2025-10-02 16:54:50,473.473] INFO     [MainThread|MainProcess] ncatbot.plugin_system (ncatbot_plugin.py:on_close:19) | 插件 Menu 卸载成功
[2025-10-02 16:54:50,473.473] INFO     [MainThread|MainProcess] ncatbot.plugin_system (ncatbot_plugin.py:on_close:19) | 插件 Poem 卸载成功
[2025-10-02 16:54:50,473.473] INFO     [MainThread|MainProcess] ncatbot.plugin_system (ncatbot_plugin.py:on_close:19) | 插件 UUCrawl 卸载成功
[2025-10-02 16:54:50,473.473] INFO     [MainThread|MainProcess] ncatbot.plugin_system (ncatbot_plugin.py:on_close:19) | 插件 UUCrawlMonitor 卸载成功
[2025-10-02 16:54:50,474.474] INFO     [MainThread|MainProcess] ncatbot.plugin_system (ncatbot_plugin.py:on_close:19) | 插件 What2Eat 卸载成功
[2025-10-02 16:54:50,477.477] INFO     [MainThread|MainProcess] Client (client.py:bot_exit:202) | Bot 已经正常退出
[2025-10-02 17:09:11,085.085] DEBUG    [MainThread|MainProcess] logger (logger.py:setup_logging:259) | 日志系统初始化
[2025-10-02 17:09:11,087.087] DEBUG    [MainThread|MainProcess] Config (config.py:load:353) | 从 D:\my_project\QQBot\config.yaml 加载配置
[2025-10-02 17:09:11,088.088] WARNING  [MainThread|MainProcess] Config (config.py:create_from_file:304) | [setting] 未知配置项: bot_id
[2025-10-02 17:09:11,088.088] WARNING  [MainThread|MainProcess] Config (config.py:create_from_file:304) | [setting] 未知配置项: root_id
[2025-10-02 17:09:11,088.088] WARNING  [MainThread|MainProcess] Config (config.py:create_from_file:304) | [setting] 未知配置项: bot_name
[2025-10-02 17:09:11,088.088] WARNING  [MainThread|MainProcess] Config (config.py:create_from_file:304) | [setting] 未知配置项: host
[2025-10-02 17:09:11,088.088] WARNING  [MainThread|MainProcess] Config (config.py:create_from_file:304) | [setting] 未知配置项: user
[2025-10-02 17:09:11,088.088] WARNING  [MainThread|MainProcess] Config (config.py:create_from_file:304) | [setting] 未知配置项: password
[2025-10-02 17:09:11,088.088] WARNING  [MainThread|MainProcess] Config (config.py:create_from_file:304) | [setting] 未知配置项: database
[2025-10-02 17:09:11,088.088] WARNING  [MainThread|MainProcess] Config (config.py:create_from_file:304) | [setting] 未知配置项: gaode_map_key
[2025-10-02 17:09:11,089.089] WARNING  [MainThread|MainProcess] Config (config.py:create_from_file:304) | [setting] 未知配置项: crawl_interval
[2025-10-02 17:09:11,150.150] INFO     [MainThread|MainProcess] Config (config.py:validate_config:339) | [BOTQQ]: 3909177943 | [WSURI]: ws://localhost:3001 | [WS_TOKEN]: NcatBot | [ROOT]: 1633360356 | [WEBUI]: http://localhost:6099 | [WEBUI_TOKEN]: 123NcatBot321!@
[2025-10-02 17:09:11,198.198] INFO     [Thread-4 (runner)|MainProcess] PluginLoader (loader.py:load_builtin_plugins:251) | 已加载内置插件数 [2]
[2025-10-02 17:09:11,198.198] INFO     [Thread-4 (runner)|MainProcess] PluginLoader (loader.py:load_plugins:265) | 从 D:\my_project\QQBot\plugins 导入插件
[2025-10-02 17:09:11,203.203] INFO     [Thread-4 (runner)|MainProcess] PackageHelper (packhelper.py:ensure:32) | 依赖已满足: PyMySQL
[2025-10-02 17:09:11,204.204] INFO     [Thread-4 (runner)|MainProcess] PackageHelper (packhelper.py:ensure:32) | 依赖已满足: pyyaml
[2025-10-02 17:09:11,204.204] INFO     [Thread-4 (runner)|MainProcess] PackageHelper (packhelper.py:ensure:32) | 依赖已满足: requests
[2025-10-02 17:09:11,330.330] INFO     [Thread-4 (runner)|MainProcess] PackageHelper (packhelper.py:ensure:32) | 依赖已满足: PyMySQL
[2025-10-02 17:09:11,524.524] INFO     [Thread-4 (runner)|MainProcess] PackageHelper (packhelper.py:ensure:32) | 依赖已满足: requests
[2025-10-02 17:09:11,525.525] INFO     [Thread-4 (runner)|MainProcess] PackageHelper (packhelper.py:ensure:32) | 依赖已满足: bs4
[2025-10-02 17:09:11,526.526] INFO     [Thread-4 (runner)|MainProcess] PackageHelper (packhelper.py:ensure:32) | 依赖已满足: zhconv
[2025-10-02 17:09:11,526.526] INFO     [Thread-4 (runner)|MainProcess] PackageHelper (packhelper.py:ensure:32) | 依赖已满足: pandas
[2025-10-02 17:09:11,527.527] INFO     [Thread-4 (runner)|MainProcess] PackageHelper (packhelper.py:ensure:32) | 依赖已满足: cryptography
[2025-10-02 17:09:11,531.531] INFO     [Thread-4 (runner)|MainProcess] PackageHelper (packhelper.py:ensure:32) | 依赖已满足: torch
[2025-10-02 17:09:11,535.535] INFO     [Thread-4 (runner)|MainProcess] PackageHelper (packhelper.py:ensure:32) | 依赖已满足: numpy
[2025-10-02 17:09:11,536.536] INFO     [Thread-4 (runner)|MainProcess] PackageHelper (packhelper.py:ensure:32) | 依赖已满足: pyyaml
[2025-10-02 17:09:12,633.633] INFO     [Thread-4 (runner)|MainProcess] PluginLoader (loader.py:_import_single:89) | 成功导入插件文件: __init__
[2025-10-02 17:09:12,633.633] INFO     [Thread-4 (runner)|MainProcess] PluginLoader (loader.py:from_class_load_plugins:217) | 加载插件「CS2CaseSimulator」
[2025-10-02 17:09:12,633.633] INFO     [Thread-4 (runner)|MainProcess] PluginLoader (loader.py:from_class_load_plugins:217) | 加载插件「DailyLuck」
[2025-10-02 17:09:12,634.634] INFO     [Thread-4 (runner)|MainProcess] PluginLoader (loader.py:from_class_load_plugins:217) | 加载插件「DailyMusic」
[2025-10-02 17:09:12,634.634] INFO     [Thread-4 (runner)|MainProcess] PluginLoader (loader.py:from_class_load_plugins:217) | 加载插件「DailyWife」
[2025-10-02 17:09:12,634.634] INFO     [Thread-4 (runner)|MainProcess] PluginLoader (loader.py:from_class_load_plugins:217) | 加载插件「GoBang」
[2025-10-02 17:09:12,635.635] INFO     [Thread-4 (runner)|MainProcess] PluginLoader (loader.py:from_class_load_plugins:217) | 加载插件「HistoryDay」
[2025-10-02 17:09:12,635.635] INFO     [Thread-4 (runner)|MainProcess] PluginLoader (loader.py:from_class_load_plugins:217) | 加载插件「Menu」
[2025-10-02 17:09:12,635.635] INFO     [Thread-4 (runner)|MainProcess] PluginLoader (loader.py:from_class_load_plugins:217) | 加载插件「Poem」
[2025-10-02 17:09:12,636.636] INFO     [Thread-4 (runner)|MainProcess] PluginLoader (loader.py:from_class_load_plugins:217) | 加载插件「UUCrawl」
[2025-10-02 17:09:12,636.636] INFO     [Thread-4 (runner)|MainProcess] PluginLoader (loader.py:from_class_load_plugins:217) | 加载插件「UUCrawlMonitor」
[2025-10-02 17:09:12,637.637] INFO     [Thread-4 (runner)|MainProcess] PluginLoader (loader.py:from_class_load_plugins:217) | 加载插件「What2Eat」
[2025-10-02 17:09:12,653.653] INFO     [Thread-4 (runner)|MainProcess] PluginLoader (loader.py:load_plugins:277) | 已加载插件数 [13]
[2025-10-02 17:09:12,654.654] INFO     [MainThread|MainProcess] ncatbot.core.adapter.nc.launch (launch.py:lanuch_napcat_service:104) | 正在以本地模式运行, 检查中...
[2025-10-02 17:09:12,668.668] INFO     [MainThread|MainProcess] ncatbot.core.adapter.nc.launch (launch.py:check_napcat_service_remote:70) | napcat 服务器 ws://localhost:3001 在线, 正在检查账号状态...
[2025-10-02 17:09:12,668.668] WARNING  [MainThread|MainProcess] ncatbot.core.adapter.nc.launch (launch.py:check_napcat_service_remote:72) | 跳过基于 WebUI 交互的检查, 请自行确保 NapCat 已经登录了正确的 QQ 3909177943
[2025-10-02 17:09:12,670.670] INFO     [MainThread|MainProcess] Adapter (adapter.py:connect_websocket:92) | NapCat WebSocket 连接成功
[2025-10-02 17:09:12,670.670] INFO     [Thread-1 (_worker_loop)|MainProcess] Client (client.py:<lambda>:79) | Bot 3909177943 启动成功
[2025-10-02 17:09:52,237.237] INFO     [MainThread|MainProcess] ncatbot.plugin_system (ncatbot_plugin.py:on_close:19) | 插件 SystemManager 卸载成功
[2025-10-02 17:09:52,237.237] INFO     [MainThread|MainProcess] ncatbot.plugin_system (ncatbot_plugin.py:on_close:19) | 插件 UnifiedRegistryPlugin 卸载成功
[2025-10-02 17:09:52,237.237] INFO     [MainThread|MainProcess] ncatbot.plugin_system (ncatbot_plugin.py:on_close:19) | 插件 CS2CaseSimulator 卸载成功
[2025-10-02 17:09:52,238.238] INFO     [MainThread|MainProcess] ncatbot.plugin_system (ncatbot_plugin.py:on_close:19) | 插件 DailyLuck 卸载成功
[2025-10-02 17:09:52,238.238] INFO     [MainThread|MainProcess] ncatbot.plugin_system (ncatbot_plugin.py:on_close:19) | 插件 DailyMusic 卸载成功
[2025-10-02 17:09:52,238.238] INFO     [MainThread|MainProcess] ncatbot.plugin_system (ncatbot_plugin.py:on_close:19) | 插件 DailyWife 卸载成功
[2025-10-02 17:09:52,239.239] INFO     [MainThread|MainProcess] ncatbot.plugin_system (ncatbot_plugin.py:on_close:19) | 插件 GoBang 卸载成功
[2025-10-02 17:09:52,239.239] INFO     [MainThread|MainProcess] ncatbot.plugin_system (ncatbot_plugin.py:on_close:19) | 插件 HistoryDay 卸载成功
[2025-10-02 17:09:52,239.239] INFO     [MainThread|MainProcess] ncatbot.plugin_system (ncatbot_plugin.py:on_close:19) | 插件 Menu 卸载成功
[2025-10-02 17:09:52,239.239] INFO     [MainThread|MainProcess] ncatbot.plugin_system (ncatbot_plugin.py:on_close:19) | 插件 Poem 卸载成功
[2025-10-02 17:09:52,239.239] INFO     [MainThread|MainProcess] ncatbot.plugin_system (ncatbot_plugin.py:on_close:19) | 插件 UUCrawl 卸载成功
[2025-10-02 17:09:52,240.240] INFO     [MainThread|MainProcess] ncatbot.plugin_system (ncatbot_plugin.py:on_close:19) | 插件 UUCrawlMonitor 卸载成功
[2025-10-02 17:09:52,240.240] INFO     [MainThread|MainProcess] ncatbot.plugin_system (ncatbot_plugin.py:on_close:19) | 插件 What2Eat 卸载成功
[2025-10-02 17:09:52,263.263] INFO     [MainThread|MainProcess] Client (client.py:bot_exit:202) | Bot 已经正常退出
[2025-10-02 17:10:34,243.243] DEBUG    [MainThread|MainProcess] logger (logger.py:setup_logging:259) | 日志系统初始化
[2025-10-02 17:10:34,245.245] DEBUG    [MainThread|MainProcess] Config (config.py:load:353) | 从 D:\my_project\QQBot\config.yaml 加载配置
[2025-10-02 17:10:34,247.247] WARNING  [MainThread|MainProcess] Config (config.py:create_from_file:304) | [setting] 未知配置项: bot_id
[2025-10-02 17:10:34,247.247] WARNING  [MainThread|MainProcess] Config (config.py:create_from_file:304) | [setting] 未知配置项: root_id
[2025-10-02 17:10:34,247.247] WARNING  [MainThread|MainProcess] Config (config.py:create_from_file:304) | [setting] 未知配置项: bot_name
[2025-10-02 17:10:34,247.247] WARNING  [MainThread|MainProcess] Config (config.py:create_from_file:304) | [setting] 未知配置项: host
[2025-10-02 17:10:34,247.247] WARNING  [MainThread|MainProcess] Config (config.py:create_from_file:304) | [setting] 未知配置项: user
[2025-10-02 17:10:34,247.247] WARNING  [MainThread|MainProcess] Config (config.py:create_from_file:304) | [setting] 未知配置项: password
[2025-10-02 17:10:34,247.247] WARNING  [MainThread|MainProcess] Config (config.py:create_from_file:304) | [setting] 未知配置项: database
[2025-10-02 17:10:34,247.247] WARNING  [MainThread|MainProcess] Config (config.py:create_from_file:304) | [setting] 未知配置项: gaode_map_key
[2025-10-02 17:10:34,247.247] WARNING  [MainThread|MainProcess] Config (config.py:create_from_file:304) | [setting] 未知配置项: crawl_interval
[2025-10-02 17:10:34,307.307] INFO     [MainThread|MainProcess] Config (config.py:validate_config:339) | [BOTQQ]: 3909177943 | [WSURI]: ws://localhost:3001 | [WS_TOKEN]: NcatBot | [ROOT]: 1633360356 | [WEBUI]: http://localhost:6099 | [WEBUI_TOKEN]: 123NcatBot321!@
[2025-10-02 17:10:34,356.356] INFO     [Thread-4 (runner)|MainProcess] PluginLoader (loader.py:load_builtin_plugins:251) | 已加载内置插件数 [2]
[2025-10-02 17:10:34,357.357] INFO     [Thread-4 (runner)|MainProcess] PluginLoader (loader.py:load_plugins:265) | 从 D:\my_project\QQBot\plugins 导入插件
[2025-10-02 17:10:34,362.362] INFO     [Thread-4 (runner)|MainProcess] PackageHelper (packhelper.py:ensure:32) | 依赖已满足: PyMySQL
[2025-10-02 17:10:34,362.362] INFO     [Thread-4 (runner)|MainProcess] PackageHelper (packhelper.py:ensure:32) | 依赖已满足: pyyaml
[2025-10-02 17:10:34,363.363] INFO     [Thread-4 (runner)|MainProcess] PackageHelper (packhelper.py:ensure:32) | 依赖已满足: requests
[2025-10-02 17:10:34,448.448] INFO     [Thread-4 (runner)|MainProcess] PackageHelper (packhelper.py:ensure:32) | 依赖已满足: PyMySQL
[2025-10-02 17:10:34,637.637] INFO     [Thread-4 (runner)|MainProcess] PackageHelper (packhelper.py:ensure:32) | 依赖已满足: requests
[2025-10-02 17:10:34,637.637] INFO     [Thread-4 (runner)|MainProcess] PackageHelper (packhelper.py:ensure:32) | 依赖已满足: bs4
[2025-10-02 17:10:34,638.638] INFO     [Thread-4 (runner)|MainProcess] PackageHelper (packhelper.py:ensure:32) | 依赖已满足: zhconv
[2025-10-02 17:10:34,639.639] INFO     [Thread-4 (runner)|MainProcess] PackageHelper (packhelper.py:ensure:32) | 依赖已满足: pandas
[2025-10-02 17:10:34,639.639] INFO     [Thread-4 (runner)|MainProcess] PackageHelper (packhelper.py:ensure:32) | 依赖已满足: cryptography
[2025-10-02 17:10:34,644.644] INFO     [Thread-4 (runner)|MainProcess] PackageHelper (packhelper.py:ensure:32) | 依赖已满足: torch
[2025-10-02 17:10:34,646.646] INFO     [Thread-4 (runner)|MainProcess] PackageHelper (packhelper.py:ensure:32) | 依赖已满足: numpy
[2025-10-02 17:10:34,647.647] INFO     [Thread-4 (runner)|MainProcess] PackageHelper (packhelper.py:ensure:32) | 依赖已满足: pyyaml
[2025-10-02 17:10:35,711.711] INFO     [Thread-4 (runner)|MainProcess] PluginLoader (loader.py:_import_single:89) | 成功导入插件文件: __init__
[2025-10-02 17:10:35,712.712] INFO     [Thread-4 (runner)|MainProcess] PluginLoader (loader.py:from_class_load_plugins:217) | 加载插件「CS2CaseSimulator」
[2025-10-02 17:10:35,712.712] INFO     [Thread-4 (runner)|MainProcess] PluginLoader (loader.py:from_class_load_plugins:217) | 加载插件「DailyLuck」
[2025-10-02 17:10:35,712.712] INFO     [Thread-4 (runner)|MainProcess] PluginLoader (loader.py:from_class_load_plugins:217) | 加载插件「DailyMusic」
[2025-10-02 17:10:35,713.713] INFO     [Thread-4 (runner)|MainProcess] PluginLoader (loader.py:from_class_load_plugins:217) | 加载插件「DailyWife」
[2025-10-02 17:10:35,713.713] INFO     [Thread-4 (runner)|MainProcess] PluginLoader (loader.py:from_class_load_plugins:217) | 加载插件「GoBang」
[2025-10-02 17:10:35,713.713] INFO     [Thread-4 (runner)|MainProcess] PluginLoader (loader.py:from_class_load_plugins:217) | 加载插件「HistoryDay」
[2025-10-02 17:10:35,714.714] INFO     [Thread-4 (runner)|MainProcess] PluginLoader (loader.py:from_class_load_plugins:217) | 加载插件「Menu」
[2025-10-02 17:10:35,714.714] INFO     [Thread-4 (runner)|MainProcess] PluginLoader (loader.py:from_class_load_plugins:217) | 加载插件「Poem」
[2025-10-02 17:10:35,715.715] INFO     [Thread-4 (runner)|MainProcess] PluginLoader (loader.py:from_class_load_plugins:217) | 加载插件「UUCrawl」
[2025-10-02 17:10:35,715.715] INFO     [Thread-4 (runner)|MainProcess] PluginLoader (loader.py:from_class_load_plugins:217) | 加载插件「UUCrawlMonitor」
[2025-10-02 17:10:35,715.715] INFO     [Thread-4 (runner)|MainProcess] PluginLoader (loader.py:from_class_load_plugins:217) | 加载插件「What2Eat」
[2025-10-02 17:10:35,732.732] INFO     [Thread-4 (runner)|MainProcess] PluginLoader (loader.py:load_plugins:277) | 已加载插件数 [13]
[2025-10-02 17:10:35,733.733] INFO     [MainThread|MainProcess] ncatbot.core.adapter.nc.launch (launch.py:lanuch_napcat_service:104) | 正在以本地模式运行, 检查中...
[2025-10-02 17:10:35,746.746] INFO     [MainThread|MainProcess] ncatbot.core.adapter.nc.launch (launch.py:check_napcat_service_remote:70) | napcat 服务器 ws://localhost:3001 在线, 正在检查账号状态...
[2025-10-02 17:10:35,746.746] WARNING  [MainThread|MainProcess] ncatbot.core.adapter.nc.launch (launch.py:check_napcat_service_remote:72) | 跳过基于 WebUI 交互的检查, 请自行确保 NapCat 已经登录了正确的 QQ 3909177943
[2025-10-02 17:10:35,748.748] INFO     [MainThread|MainProcess] Adapter (adapter.py:connect_websocket:92) | NapCat WebSocket 连接成功
[2025-10-02 17:10:35,748.748] INFO     [Thread-1 (_worker_loop)|MainProcess] Client (client.py:<lambda>:79) | Bot 3909177943 启动成功
[2025-10-02 17:10:48,623.623] INFO     [MainThread|MainProcess] ncatbot.plugin_system (ncatbot_plugin.py:on_close:19) | 插件 SystemManager 卸载成功
[2025-10-02 17:10:48,623.623] INFO     [MainThread|MainProcess] ncatbot.plugin_system (ncatbot_plugin.py:on_close:19) | 插件 UnifiedRegistryPlugin 卸载成功
[2025-10-02 17:10:48,623.623] INFO     [MainThread|MainProcess] ncatbot.plugin_system (ncatbot_plugin.py:on_close:19) | 插件 CS2CaseSimulator 卸载成功
[2025-10-02 17:10:48,623.623] INFO     [MainThread|MainProcess] ncatbot.plugin_system (ncatbot_plugin.py:on_close:19) | 插件 DailyLuck 卸载成功
[2025-10-02 17:10:48,624.624] INFO     [MainThread|MainProcess] ncatbot.plugin_system (ncatbot_plugin.py:on_close:19) | 插件 DailyMusic 卸载成功
[2025-10-02 17:10:48,624.624] INFO     [MainThread|MainProcess] ncatbot.plugin_system (ncatbot_plugin.py:on_close:19) | 插件 DailyWife 卸载成功
[2025-10-02 17:10:48,624.624] INFO     [MainThread|MainProcess] ncatbot.plugin_system (ncatbot_plugin.py:on_close:19) | 插件 GoBang 卸载成功
[2025-10-02 17:10:48,624.624] INFO     [MainThread|MainProcess] ncatbot.plugin_system (ncatbot_plugin.py:on_close:19) | 插件 HistoryDay 卸载成功
[2025-10-02 17:10:48,624.624] INFO     [MainThread|MainProcess] ncatbot.plugin_system (ncatbot_plugin.py:on_close:19) | 插件 Menu 卸载成功
[2025-10-02 17:10:48,625.625] INFO     [MainThread|MainProcess] ncatbot.plugin_system (ncatbot_plugin.py:on_close:19) | 插件 Poem 卸载成功
[2025-10-02 17:10:48,625.625] INFO     [MainThread|MainProcess] ncatbot.plugin_system (ncatbot_plugin.py:on_close:19) | 插件 UUCrawl 卸载成功
[2025-10-02 17:10:48,625.625] INFO     [MainThread|MainProcess] ncatbot.plugin_system (ncatbot_plugin.py:on_close:19) | 插件 UUCrawlMonitor 卸载成功
[2025-10-02 17:10:48,625.625] INFO     [MainThread|MainProcess] ncatbot.plugin_system (ncatbot_plugin.py:on_close:19) | 插件 What2Eat 卸载成功
[2025-10-02 17:10:48,629.629] INFO     [MainThread|MainProcess] Client (client.py:bot_exit:202) | Bot 已经正常退出
[2025-10-02 17:11:33,480.480] DEBUG    [MainThread|MainProcess] logger (logger.py:setup_logging:259) | 日志系统初始化
[2025-10-02 17:11:33,482.482] DEBUG    [MainThread|MainProcess] Config (config.py:load:353) | 从 D:\my_project\QQBot\config.yaml 加载配置
[2025-10-02 17:11:33,483.483] WARNING  [MainThread|MainProcess] Config (config.py:create_from_file:304) | [setting] 未知配置项: bot_id
[2025-10-02 17:11:33,483.483] WARNING  [MainThread|MainProcess] Config (config.py:create_from_file:304) | [setting] 未知配置项: root_id
[2025-10-02 17:11:33,483.483] WARNING  [MainThread|MainProcess] Config (config.py:create_from_file:304) | [setting] 未知配置项: bot_name
[2025-10-02 17:11:33,483.483] WARNING  [MainThread|MainProcess] Config (config.py:create_from_file:304) | [setting] 未知配置项: host
[2025-10-02 17:11:33,483.483] WARNING  [MainThread|MainProcess] Config (config.py:create_from_file:304) | [setting] 未知配置项: user
[2025-10-02 17:11:33,483.483] WARNING  [MainThread|MainProcess] Config (config.py:create_from_file:304) | [setting] 未知配置项: password
[2025-10-02 17:11:33,483.483] WARNING  [MainThread|MainProcess] Config (config.py:create_from_file:304) | [setting] 未知配置项: database
[2025-10-02 17:11:33,483.483] WARNING  [MainThread|MainProcess] Config (config.py:create_from_file:304) | [setting] 未知配置项: gaode_map_key
[2025-10-02 17:11:33,483.483] WARNING  [MainThread|MainProcess] Config (config.py:create_from_file:304) | [setting] 未知配置项: crawl_interval
[2025-10-02 17:11:33,541.541] INFO     [MainThread|MainProcess] Config (config.py:validate_config:339) | [BOTQQ]: 3909177943 | [WSURI]: ws://localhost:3001 | [WS_TOKEN]: NcatBot | [ROOT]: 1633360356 | [WEBUI]: http://localhost:6099 | [WEBUI_TOKEN]: 123NcatBot321!@
[2025-10-02 17:11:33,587.587] INFO     [Thread-4 (runner)|MainProcess] PluginLoader (loader.py:load_builtin_plugins:251) | 已加载内置插件数 [2]
[2025-10-02 17:11:33,588.588] INFO     [Thread-4 (runner)|MainProcess] PluginLoader (loader.py:load_plugins:265) | 从 D:\my_project\QQBot\plugins 导入插件
[2025-10-02 17:11:33,593.593] INFO     [Thread-4 (runner)|MainProcess] PackageHelper (packhelper.py:ensure:32) | 依赖已满足: PyMySQL
[2025-10-02 17:11:33,594.594] INFO     [Thread-4 (runner)|MainProcess] PackageHelper (packhelper.py:ensure:32) | 依赖已满足: pyyaml
[2025-10-02 17:11:33,594.594] INFO     [Thread-4 (runner)|MainProcess] PackageHelper (packhelper.py:ensure:32) | 依赖已满足: requests
[2025-10-02 17:11:33,680.680] INFO     [Thread-4 (runner)|MainProcess] PackageHelper (packhelper.py:ensure:32) | 依赖已满足: PyMySQL
[2025-10-02 17:11:33,867.867] INFO     [Thread-4 (runner)|MainProcess] PackageHelper (packhelper.py:ensure:32) | 依赖已满足: requests
[2025-10-02 17:11:33,867.867] INFO     [Thread-4 (runner)|MainProcess] PackageHelper (packhelper.py:ensure:32) | 依赖已满足: bs4
[2025-10-02 17:11:33,868.868] INFO     [Thread-4 (runner)|MainProcess] PackageHelper (packhelper.py:ensure:32) | 依赖已满足: zhconv
[2025-10-02 17:11:33,869.869] INFO     [Thread-4 (runner)|MainProcess] PackageHelper (packhelper.py:ensure:32) | 依赖已满足: pandas
[2025-10-02 17:11:33,869.869] INFO     [Thread-4 (runner)|MainProcess] PackageHelper (packhelper.py:ensure:32) | 依赖已满足: cryptography
[2025-10-02 17:11:33,874.874] INFO     [Thread-4 (runner)|MainProcess] PackageHelper (packhelper.py:ensure:32) | 依赖已满足: torch
[2025-10-02 17:11:33,876.876] INFO     [Thread-4 (runner)|MainProcess] PackageHelper (packhelper.py:ensure:32) | 依赖已满足: numpy
[2025-10-02 17:11:33,876.876] INFO     [Thread-4 (runner)|MainProcess] PackageHelper (packhelper.py:ensure:32) | 依赖已满足: pyyaml
[2025-10-02 17:11:34,917.917] INFO     [Thread-4 (runner)|MainProcess] PluginLoader (loader.py:_import_single:89) | 成功导入插件文件: __init__
[2025-10-02 17:11:34,917.917] INFO     [Thread-4 (runner)|MainProcess] PluginLoader (loader.py:from_class_load_plugins:217) | 加载插件「CS2CaseSimulator」
[2025-10-02 17:11:34,917.917] INFO     [Thread-4 (runner)|MainProcess] PluginLoader (loader.py:from_class_load_plugins:217) | 加载插件「DailyLuck」
[2025-10-02 17:11:34,918.918] INFO     [Thread-4 (runner)|MainProcess] PluginLoader (loader.py:from_class_load_plugins:217) | 加载插件「DailyMusic」
[2025-10-02 17:11:34,918.918] INFO     [Thread-4 (runner)|MainProcess] PluginLoader (loader.py:from_class_load_plugins:217) | 加载插件「DailyWife」
[2025-10-02 17:11:34,919.919] INFO     [Thread-4 (runner)|MainProcess] PluginLoader (loader.py:from_class_load_plugins:217) | 加载插件「GoBang」
[2025-10-02 17:11:34,919.919] INFO     [Thread-4 (runner)|MainProcess] PluginLoader (loader.py:from_class_load_plugins:217) | 加载插件「HistoryDay」
[2025-10-02 17:11:34,919.919] INFO     [Thread-4 (runner)|MainProcess] PluginLoader (loader.py:from_class_load_plugins:217) | 加载插件「Menu」
[2025-10-02 17:11:34,920.920] INFO     [Thread-4 (runner)|MainProcess] PluginLoader (loader.py:from_class_load_plugins:217) | 加载插件「Poem」
[2025-10-02 17:11:34,920.920] INFO     [Thread-4 (runner)|MainProcess] PluginLoader (loader.py:from_class_load_plugins:217) | 加载插件「UUCrawl」
[2025-10-02 17:11:34,920.920] INFO     [Thread-4 (runner)|MainProcess] PluginLoader (loader.py:from_class_load_plugins:217) | 加载插件「UUCrawlMonitor」
[2025-10-02 17:11:34,921.921] INFO     [Thread-4 (runner)|MainProcess] PluginLoader (loader.py:from_class_load_plugins:217) | 加载插件「What2Eat」
[2025-10-02 17:11:34,936.936] INFO     [Thread-4 (runner)|MainProcess] PluginLoader (loader.py:load_plugins:277) | 已加载插件数 [13]
[2025-10-02 17:11:34,937.937] INFO     [MainThread|MainProcess] ncatbot.core.adapter.nc.launch (launch.py:lanuch_napcat_service:104) | 正在以本地模式运行, 检查中...
[2025-10-02 17:11:34,951.951] INFO     [MainThread|MainProcess] ncatbot.core.adapter.nc.launch (launch.py:check_napcat_service_remote:70) | napcat 服务器 ws://localhost:3001 在线, 正在检查账号状态...
[2025-10-02 17:11:34,951.951] WARNING  [MainThread|MainProcess] ncatbot.core.adapter.nc.launch (launch.py:check_napcat_service_remote:72) | 跳过基于 WebUI 交互的检查, 请自行确保 NapCat 已经登录了正确的 QQ 3909177943
[2025-10-02 17:11:34,953.953] INFO     [MainThread|MainProcess] Adapter (adapter.py:connect_websocket:92) | NapCat WebSocket 连接成功
[2025-10-02 17:11:34,953.953] INFO     [Thread-1 (_worker_loop)|MainProcess] Client (client.py:<lambda>:79) | Bot 3909177943 启动成功
[2025-10-02 17:11:59,237.237] INFO     [MainThread|MainProcess] ncatbot.plugin_system (ncatbot_plugin.py:on_close:19) | 插件 SystemManager 卸载成功
[2025-10-02 17:11:59,237.237] INFO     [MainThread|MainProcess] ncatbot.plugin_system (ncatbot_plugin.py:on_close:19) | 插件 UnifiedRegistryPlugin 卸载成功
[2025-10-02 17:11:59,237.237] INFO     [MainThread|MainProcess] ncatbot.plugin_system (ncatbot_plugin.py:on_close:19) | 插件 CS2CaseSimulator 卸载成功
[2025-10-02 17:11:59,237.237] INFO     [MainThread|MainProcess] ncatbot.plugin_system (ncatbot_plugin.py:on_close:19) | 插件 DailyLuck 卸载成功
[2025-10-02 17:11:59,238.238] INFO     [MainThread|MainProcess] ncatbot.plugin_system (ncatbot_plugin.py:on_close:19) | 插件 DailyMusic 卸载成功
[2025-10-02 17:11:59,238.238] INFO     [MainThread|MainProcess] ncatbot.plugin_system (ncatbot_plugin.py:on_close:19) | 插件 DailyWife 卸载成功
[2025-10-02 17:11:59,238.238] INFO     [MainThread|MainProcess] ncatbot.plugin_system (ncatbot_plugin.py:on_close:19) | 插件 GoBang 卸载成功
[2025-10-02 17:11:59,238.238] INFO     [MainThread|MainProcess] ncatbot.plugin_system (ncatbot_plugin.py:on_close:19) | 插件 HistoryDay 卸载成功
[2025-10-02 17:11:59,238.238] INFO     [MainThread|MainProcess] ncatbot.plugin_system (ncatbot_plugin.py:on_close:19) | 插件 Menu 卸载成功
[2025-10-02 17:11:59,239.239] INFO     [MainThread|MainProcess] ncatbot.plugin_system (ncatbot_plugin.py:on_close:19) | 插件 Poem 卸载成功
[2025-10-02 17:11:59,239.239] INFO     [MainThread|MainProcess] ncatbot.plugin_system (ncatbot_plugin.py:on_close:19) | 插件 UUCrawl 卸载成功
[2025-10-02 17:11:59,239.239] INFO     [MainThread|MainProcess] ncatbot.plugin_system (ncatbot_plugin.py:on_close:19) | 插件 UUCrawlMonitor 卸载成功
[2025-10-02 17:11:59,239.239] INFO     [MainThread|MainProcess] ncatbot.plugin_system (ncatbot_plugin.py:on_close:19) | 插件 What2Eat 卸载成功
[2025-10-02 17:11:59,243.243] INFO     [MainThread|MainProcess] Client (client.py:bot_exit:202) | Bot 已经正常退出
[2025-10-02 17:12:11,128.128] DEBUG    [MainThread|MainProcess] logger (logger.py:setup_logging:259) | 日志系统初始化
[2025-10-02 17:12:11,130.130] DEBUG    [MainThread|MainProcess] Config (config.py:load:353) | 从 D:\my_project\QQBot\config.yaml 加载配置
[2025-10-02 17:12:11,131.131] WARNING  [MainThread|MainProcess] Config (config.py:create_from_file:304) | [setting] 未知配置项: bot_id
[2025-10-02 17:12:11,131.131] WARNING  [MainThread|MainProcess] Config (config.py:create_from_file:304) | [setting] 未知配置项: root_id
[2025-10-02 17:12:11,131.131] WARNING  [MainThread|MainProcess] Config (config.py:create_from_file:304) | [setting] 未知配置项: bot_name
[2025-10-02 17:12:11,131.131] WARNING  [MainThread|MainProcess] Config (config.py:create_from_file:304) | [setting] 未知配置项: host
[2025-10-02 17:12:11,131.131] WARNING  [MainThread|MainProcess] Config (config.py:create_from_file:304) | [setting] 未知配置项: user
[2025-10-02 17:12:11,131.131] WARNING  [MainThread|MainProcess] Config (config.py:create_from_file:304) | [setting] 未知配置项: password
[2025-10-02 17:12:11,131.131] WARNING  [MainThread|MainProcess] Config (config.py:create_from_file:304) | [setting] 未知配置项: database
[2025-10-02 17:12:11,131.131] WARNING  [MainThread|MainProcess] Config (config.py:create_from_file:304) | [setting] 未知配置项: gaode_map_key
[2025-10-02 17:12:11,131.131] WARNING  [MainThread|MainProcess] Config (config.py:create_from_file:304) | [setting] 未知配置项: crawl_interval
[2025-10-02 17:12:11,189.189] INFO     [MainThread|MainProcess] Config (config.py:validate_config:339) | [BOTQQ]: 3909177943 | [WSURI]: ws://localhost:3001 | [WS_TOKEN]: NcatBot | [ROOT]: 1633360356 | [WEBUI]: http://localhost:6099 | [WEBUI_TOKEN]: 123NcatBot321!@
[2025-10-02 17:12:11,238.238] INFO     [Thread-4 (runner)|MainProcess] PluginLoader (loader.py:load_builtin_plugins:251) | 已加载内置插件数 [2]
[2025-10-02 17:12:11,238.238] INFO     [Thread-4 (runner)|MainProcess] PluginLoader (loader.py:load_plugins:265) | 从 D:\my_project\QQBot\plugins 导入插件
[2025-10-02 17:12:11,243.243] INFO     [Thread-4 (runner)|MainProcess] PackageHelper (packhelper.py:ensure:32) | 依赖已满足: PyMySQL
[2025-10-02 17:12:11,244.244] INFO     [Thread-4 (runner)|MainProcess] PackageHelper (packhelper.py:ensure:32) | 依赖已满足: pyyaml
[2025-10-02 17:12:11,244.244] INFO     [Thread-4 (runner)|MainProcess] PackageHelper (packhelper.py:ensure:32) | 依赖已满足: requests
[2025-10-02 17:12:11,334.334] INFO     [Thread-4 (runner)|MainProcess] PackageHelper (packhelper.py:ensure:32) | 依赖已满足: PyMySQL
[2025-10-02 17:12:11,523.523] INFO     [Thread-4 (runner)|MainProcess] PackageHelper (packhelper.py:ensure:32) | 依赖已满足: requests
[2025-10-02 17:12:11,524.524] INFO     [Thread-4 (runner)|MainProcess] PackageHelper (packhelper.py:ensure:32) | 依赖已满足: bs4
[2025-10-02 17:12:11,524.524] INFO     [Thread-4 (runner)|MainProcess] PackageHelper (packhelper.py:ensure:32) | 依赖已满足: zhconv
[2025-10-02 17:12:11,525.525] INFO     [Thread-4 (runner)|MainProcess] PackageHelper (packhelper.py:ensure:32) | 依赖已满足: pandas
[2025-10-02 17:12:11,526.526] INFO     [Thread-4 (runner)|MainProcess] PackageHelper (packhelper.py:ensure:32) | 依赖已满足: cryptography
[2025-10-02 17:12:11,530.530] INFO     [Thread-4 (runner)|MainProcess] PackageHelper (packhelper.py:ensure:32) | 依赖已满足: torch
[2025-10-02 17:12:11,532.532] INFO     [Thread-4 (runner)|MainProcess] PackageHelper (packhelper.py:ensure:32) | 依赖已满足: numpy
[2025-10-02 17:12:11,533.533] INFO     [Thread-4 (runner)|MainProcess] PackageHelper (packhelper.py:ensure:32) | 依赖已满足: pyyaml
[2025-10-02 17:12:12,613.613] INFO     [Thread-4 (runner)|MainProcess] PluginLoader (loader.py:_import_single:89) | 成功导入插件文件: __init__
[2025-10-02 17:12:12,613.613] INFO     [Thread-4 (runner)|MainProcess] PluginLoader (loader.py:from_class_load_plugins:217) | 加载插件「CS2CaseSimulator」
[2025-10-02 17:12:12,614.614] INFO     [Thread-4 (runner)|MainProcess] PluginLoader (loader.py:from_class_load_plugins:217) | 加载插件「DailyLuck」
[2025-10-02 17:12:12,614.614] INFO     [Thread-4 (runner)|MainProcess] PluginLoader (loader.py:from_class_load_plugins:217) | 加载插件「DailyMusic」
[2025-10-02 17:12:12,615.615] INFO     [Thread-4 (runner)|MainProcess] PluginLoader (loader.py:from_class_load_plugins:217) | 加载插件「DailyWife」
[2025-10-02 17:12:12,615.615] INFO     [Thread-4 (runner)|MainProcess] PluginLoader (loader.py:from_class_load_plugins:217) | 加载插件「GoBang」
[2025-10-02 17:12:12,615.615] INFO     [Thread-4 (runner)|MainProcess] PluginLoader (loader.py:from_class_load_plugins:217) | 加载插件「HistoryDay」
[2025-10-02 17:12:12,616.616] INFO     [Thread-4 (runner)|MainProcess] PluginLoader (loader.py:from_class_load_plugins:217) | 加载插件「Menu」
[2025-10-02 17:12:12,616.616] INFO     [Thread-4 (runner)|MainProcess] PluginLoader (loader.py:from_class_load_plugins:217) | 加载插件「Poem」
[2025-10-02 17:12:12,616.616] INFO     [Thread-4 (runner)|MainProcess] PluginLoader (loader.py:from_class_load_plugins:217) | 加载插件「UUCrawl」
[2025-10-02 17:12:12,617.617] INFO     [Thread-4 (runner)|MainProcess] PluginLoader (loader.py:from_class_load_plugins:217) | 加载插件「UUCrawlMonitor」
[2025-10-02 17:12:12,617.617] INFO     [Thread-4 (runner)|MainProcess] PluginLoader (loader.py:from_class_load_plugins:217) | 加载插件「What2Eat」
[2025-10-02 17:12:12,634.634] INFO     [Thread-4 (runner)|MainProcess] PluginLoader (loader.py:load_plugins:277) | 已加载插件数 [13]
[2025-10-02 17:12:12,635.635] INFO     [MainThread|MainProcess] ncatbot.core.adapter.nc.launch (launch.py:lanuch_napcat_service:104) | 正在以本地模式运行, 检查中...
[2025-10-02 17:12:12,648.648] INFO     [MainThread|MainProcess] ncatbot.core.adapter.nc.launch (launch.py:check_napcat_service_remote:70) | napcat 服务器 ws://localhost:3001 在线, 正在检查账号状态...
[2025-10-02 17:12:12,648.648] WARNING  [MainThread|MainProcess] ncatbot.core.adapter.nc.launch (launch.py:check_napcat_service_remote:72) | 跳过基于 WebUI 交互的检查, 请自行确保 NapCat 已经登录了正确的 QQ 3909177943
[2025-10-02 17:12:12,650.650] INFO     [MainThread|MainProcess] Adapter (adapter.py:connect_websocket:92) | NapCat WebSocket 连接成功
[2025-10-02 17:12:12,650.650] INFO     [Thread-1 (_worker_loop)|MainProcess] Client (client.py:<lambda>:79) | Bot 3909177943 启动成功
[2025-10-02 17:12:53,034.034] INFO     [MainThread|MainProcess] ncatbot.plugin_system (ncatbot_plugin.py:on_close:19) | 插件 SystemManager 卸载成功
[2025-10-02 17:12:53,035.035] INFO     [MainThread|MainProcess] ncatbot.plugin_system (ncatbot_plugin.py:on_close:19) | 插件 UnifiedRegistryPlugin 卸载成功
[2025-10-02 17:12:53,035.035] INFO     [MainThread|MainProcess] ncatbot.plugin_system (ncatbot_plugin.py:on_close:19) | 插件 CS2CaseSimulator 卸载成功
[2025-10-02 17:12:53,035.035] INFO     [MainThread|MainProcess] ncatbot.plugin_system (ncatbot_plugin.py:on_close:19) | 插件 DailyLuck 卸载成功
[2025-10-02 17:12:53,036.036] INFO     [MainThread|MainProcess] ncatbot.plugin_system (ncatbot_plugin.py:on_close:19) | 插件 DailyMusic 卸载成功
[2025-10-02 17:12:53,036.036] INFO     [MainThread|MainProcess] ncatbot.plugin_system (ncatbot_plugin.py:on_close:19) | 插件 DailyWife 卸载成功
[2025-10-02 17:12:53,036.036] INFO     [MainThread|MainProcess] ncatbot.plugin_system (ncatbot_plugin.py:on_close:19) | 插件 GoBang 卸载成功
[2025-10-02 17:12:53,036.036] INFO     [MainThread|MainProcess] ncatbot.plugin_system (ncatbot_plugin.py:on_close:19) | 插件 HistoryDay 卸载成功
[2025-10-02 17:12:53,036.036] INFO     [MainThread|MainProcess] ncatbot.plugin_system (ncatbot_plugin.py:on_close:19) | 插件 Menu 卸载成功
[2025-10-02 17:12:53,037.037] INFO     [MainThread|MainProcess] ncatbot.plugin_system (ncatbot_plugin.py:on_close:19) | 插件 Poem 卸载成功
[2025-10-02 17:12:53,037.037] INFO     [MainThread|MainProcess] ncatbot.plugin_system (ncatbot_plugin.py:on_close:19) | 插件 UUCrawl 卸载成功
[2025-10-02 17:12:53,037.037] INFO     [MainThread|MainProcess] ncatbot.plugin_system (ncatbot_plugin.py:on_close:19) | 插件 UUCrawlMonitor 卸载成功
[2025-10-02 17:12:53,037.037] INFO     [MainThread|MainProcess] ncatbot.plugin_system (ncatbot_plugin.py:on_close:19) | 插件 What2Eat 卸载成功
[2025-10-02 17:12:53,041.041] INFO     [MainThread|MainProcess] Client (client.py:bot_exit:202) | Bot 已经正常退出
[2025-10-02 17:15:16,991.991] DEBUG    [MainThread|MainProcess] logger (logger.py:setup_logging:259) | 日志系统初始化
[2025-10-02 17:15:16,993.993] DEBUG    [MainThread|MainProcess] Config (config.py:load:353) | 从 D:\my_project\QQBot\config.yaml 加载配置
[2025-10-02 17:15:16,994.994] WARNING  [MainThread|MainProcess] Config (config.py:create_from_file:304) | [setting] 未知配置项: bot_id
[2025-10-02 17:15:16,994.994] WARNING  [MainThread|MainProcess] Config (config.py:create_from_file:304) | [setting] 未知配置项: root_id
[2025-10-02 17:15:16,994.994] WARNING  [MainThread|MainProcess] Config (config.py:create_from_file:304) | [setting] 未知配置项: bot_name
[2025-10-02 17:15:16,994.994] WARNING  [MainThread|MainProcess] Config (config.py:create_from_file:304) | [setting] 未知配置项: host
[2025-10-02 17:15:16,994.994] WARNING  [MainThread|MainProcess] Config (config.py:create_from_file:304) | [setting] 未知配置项: user
[2025-10-02 17:15:16,994.994] WARNING  [MainThread|MainProcess] Config (config.py:create_from_file:304) | [setting] 未知配置项: password
[2025-10-02 17:15:16,994.994] WARNING  [MainThread|MainProcess] Config (config.py:create_from_file:304) | [setting] 未知配置项: database
[2025-10-02 17:15:16,994.994] WARNING  [MainThread|MainProcess] Config (config.py:create_from_file:304) | [setting] 未知配置项: gaode_map_key
[2025-10-02 17:15:16,994.994] WARNING  [MainThread|MainProcess] Config (config.py:create_from_file:304) | [setting] 未知配置项: crawl_interval
[2025-10-02 17:15:17,052.052] INFO     [MainThread|MainProcess] Config (config.py:validate_config:339) | [BOTQQ]: 3909177943 | [WSURI]: ws://localhost:3001 | [WS_TOKEN]: NcatBot | [ROOT]: 1633360356 | [WEBUI]: http://localhost:6099 | [WEBUI_TOKEN]: 123NcatBot321!@
[2025-10-02 17:15:17,100.100] INFO     [Thread-4 (runner)|MainProcess] PluginLoader (loader.py:load_builtin_plugins:251) | 已加载内置插件数 [2]
[2025-10-02 17:15:17,101.101] INFO     [Thread-4 (runner)|MainProcess] PluginLoader (loader.py:load_plugins:265) | 从 D:\my_project\QQBot\plugins 导入插件
[2025-10-02 17:15:17,106.106] INFO     [Thread-4 (runner)|MainProcess] PackageHelper (packhelper.py:ensure:32) | 依赖已满足: PyMySQL
[2025-10-02 17:15:17,106.106] INFO     [Thread-4 (runner)|MainProcess] PackageHelper (packhelper.py:ensure:32) | 依赖已满足: pyyaml
[2025-10-02 17:15:17,107.107] INFO     [Thread-4 (runner)|MainProcess] PackageHelper (packhelper.py:ensure:32) | 依赖已满足: requests
[2025-10-02 17:15:17,191.191] INFO     [Thread-4 (runner)|MainProcess] PackageHelper (packhelper.py:ensure:32) | 依赖已满足: PyMySQL
[2025-10-02 17:15:17,390.390] INFO     [Thread-4 (runner)|MainProcess] PackageHelper (packhelper.py:ensure:32) | 依赖已满足: requests
[2025-10-02 17:15:17,391.391] INFO     [Thread-4 (runner)|MainProcess] PackageHelper (packhelper.py:ensure:32) | 依赖已满足: bs4
[2025-10-02 17:15:17,391.391] INFO     [Thread-4 (runner)|MainProcess] PackageHelper (packhelper.py:ensure:32) | 依赖已满足: zhconv
[2025-10-02 17:15:17,392.392] INFO     [Thread-4 (runner)|MainProcess] PackageHelper (packhelper.py:ensure:32) | 依赖已满足: pandas
[2025-10-02 17:15:17,393.393] INFO     [Thread-4 (runner)|MainProcess] PackageHelper (packhelper.py:ensure:32) | 依赖已满足: cryptography
[2025-10-02 17:15:17,398.398] INFO     [Thread-4 (runner)|MainProcess] PackageHelper (packhelper.py:ensure:32) | 依赖已满足: torch
[2025-10-02 17:15:17,400.400] INFO     [Thread-4 (runner)|MainProcess] PackageHelper (packhelper.py:ensure:32) | 依赖已满足: numpy
[2025-10-02 17:15:17,401.401] INFO     [Thread-4 (runner)|MainProcess] PackageHelper (packhelper.py:ensure:32) | 依赖已满足: pyyaml
[2025-10-02 17:15:18,476.476] INFO     [Thread-4 (runner)|MainProcess] PluginLoader (loader.py:_import_single:89) | 成功导入插件文件: __init__
[2025-10-02 17:15:18,477.477] INFO     [Thread-4 (runner)|MainProcess] PluginLoader (loader.py:from_class_load_plugins:217) | 加载插件「CS2CaseSimulator」
[2025-10-02 17:15:18,477.477] INFO     [Thread-4 (runner)|MainProcess] PluginLoader (loader.py:from_class_load_plugins:217) | 加载插件「DailyLuck」
[2025-10-02 17:15:18,478.478] INFO     [Thread-4 (runner)|MainProcess] PluginLoader (loader.py:from_class_load_plugins:217) | 加载插件「DailyMusic」
[2025-10-02 17:15:18,478.478] INFO     [Thread-4 (runner)|MainProcess] PluginLoader (loader.py:from_class_load_plugins:217) | 加载插件「DailyWife」
[2025-10-02 17:15:18,478.478] INFO     [Thread-4 (runner)|MainProcess] PluginLoader (loader.py:from_class_load_plugins:217) | 加载插件「GoBang」
[2025-10-02 17:15:18,479.479] INFO     [Thread-4 (runner)|MainProcess] PluginLoader (loader.py:from_class_load_plugins:217) | 加载插件「HistoryDay」
[2025-10-02 17:15:18,479.479] INFO     [Thread-4 (runner)|MainProcess] PluginLoader (loader.py:from_class_load_plugins:217) | 加载插件「Menu」
[2025-10-02 17:15:18,479.479] INFO     [Thread-4 (runner)|MainProcess] PluginLoader (loader.py:from_class_load_plugins:217) | 加载插件「Poem」
[2025-10-02 17:15:18,480.480] INFO     [Thread-4 (runner)|MainProcess] PluginLoader (loader.py:from_class_load_plugins:217) | 加载插件「UUCrawl」
[2025-10-02 17:15:18,480.480] INFO     [Thread-4 (runner)|MainProcess] PluginLoader (loader.py:from_class_load_plugins:217) | 加载插件「UUCrawlMonitor」
[2025-10-02 17:15:18,480.480] INFO     [Thread-4 (runner)|MainProcess] PluginLoader (loader.py:from_class_load_plugins:217) | 加载插件「What2Eat」
[2025-10-02 17:15:18,498.498] INFO     [Thread-4 (runner)|MainProcess] PluginLoader (loader.py:load_plugins:277) | 已加载插件数 [13]
[2025-10-02 17:15:18,499.499] INFO     [MainThread|MainProcess] ncatbot.core.adapter.nc.launch (launch.py:lanuch_napcat_service:104) | 正在以本地模式运行, 检查中...
[2025-10-02 17:15:18,512.512] INFO     [MainThread|MainProcess] ncatbot.core.adapter.nc.launch (launch.py:check_napcat_service_remote:70) | napcat 服务器 ws://localhost:3001 在线, 正在检查账号状态...
[2025-10-02 17:15:18,512.512] WARNING  [MainThread|MainProcess] ncatbot.core.adapter.nc.launch (launch.py:check_napcat_service_remote:72) | 跳过基于 WebUI 交互的检查, 请自行确保 NapCat 已经登录了正确的 QQ 3909177943
[2025-10-02 17:15:18,514.514] INFO     [MainThread|MainProcess] Adapter (adapter.py:connect_websocket:92) | NapCat WebSocket 连接成功
[2025-10-02 17:15:18,514.514] INFO     [Thread-1 (_worker_loop)|MainProcess] Client (client.py:<lambda>:79) | Bot 3909177943 启动成功
[2025-10-02 17:15:21,552.552] ERROR    [Thread-27 (runner)|MainProcess] FunctionMixin (func_mixin.py:wrapped_handler:186) | 插件 UUCrawlMonitor 功能 UUCrawlMonitorRemove 执行失败: list index out of range
Traceback (most recent call last):
  File "D:\my_project\QQBot\.venv\Lib\site-packages\ncatbot\plugin_system\builtin_mixin\func_mixin.py", line 181, in wrapped_handler
    return await current_handler(data)
           ^^^^^^^^^^^^^^^^^^^^^^^^^^^
  File "D:\my_project\QQBot\plugins\UUCrawlMonitor\main.py", line 115, in remove_monitor
    self.mysql.update_data("""
    ~~~~~~~~~~~~~~~~~~~~~~^^^^
        SELECT valid FROM UUCrawl WHERE template_id = %s AND valid = %s AND group_id = %s
        ^^^^^^^^^^^^^^^^^^^^^^^^^^^^^^^^^^^^^^^^^^^^^^^^^^^^^^^^^^^^^^^^^^^^^^^^^^^^^^^^^
    """, (template_id, 1, group_number), [{'valid': 0}])
    ^^^^^^^^^^^^^^^^^^^^^^^^^^^^^^^^^^^^^^^^^^^^^^^^^^^^
  File "D:\my_project\QQBot\mysql_assistant.py", line 136, in update_data
    set_clause = template.split("SET")[1].split("WHERE")[0].strip()
                 ~~~~~~~~~~~~~~~~~~~~~^^^
IndexError: list index out of range
[2025-10-02 17:21:31,250.250] DEBUG    [MainThread|MainProcess] logger (logger.py:setup_logging:259) | 日志系统初始化
[2025-10-02 17:21:31,252.252] DEBUG    [MainThread|MainProcess] Config (config.py:load:353) | 从 D:\my_project\QQBot\config.yaml 加载配置
[2025-10-02 17:21:31,253.253] WARNING  [MainThread|MainProcess] Config (config.py:create_from_file:304) | [setting] 未知配置项: bot_id
[2025-10-02 17:21:31,253.253] WARNING  [MainThread|MainProcess] Config (config.py:create_from_file:304) | [setting] 未知配置项: root_id
[2025-10-02 17:21:31,253.253] WARNING  [MainThread|MainProcess] Config (config.py:create_from_file:304) | [setting] 未知配置项: bot_name
[2025-10-02 17:21:31,253.253] WARNING  [MainThread|MainProcess] Config (config.py:create_from_file:304) | [setting] 未知配置项: host
[2025-10-02 17:21:31,253.253] WARNING  [MainThread|MainProcess] Config (config.py:create_from_file:304) | [setting] 未知配置项: user
[2025-10-02 17:21:31,253.253] WARNING  [MainThread|MainProcess] Config (config.py:create_from_file:304) | [setting] 未知配置项: password
[2025-10-02 17:21:31,253.253] WARNING  [MainThread|MainProcess] Config (config.py:create_from_file:304) | [setting] 未知配置项: database
[2025-10-02 17:21:31,253.253] WARNING  [MainThread|MainProcess] Config (config.py:create_from_file:304) | [setting] 未知配置项: gaode_map_key
[2025-10-02 17:21:31,253.253] WARNING  [MainThread|MainProcess] Config (config.py:create_from_file:304) | [setting] 未知配置项: crawl_interval
[2025-10-02 17:21:31,313.313] INFO     [MainThread|MainProcess] Config (config.py:validate_config:339) | [BOTQQ]: 3909177943 | [WSURI]: ws://localhost:3001 | [WS_TOKEN]: NcatBot | [ROOT]: 1633360356 | [WEBUI]: http://localhost:6099 | [WEBUI_TOKEN]: 123NcatBot321!@
[2025-10-02 17:21:31,361.361] INFO     [Thread-4 (runner)|MainProcess] PluginLoader (loader.py:load_builtin_plugins:251) | 已加载内置插件数 [2]
[2025-10-02 17:21:31,361.361] INFO     [Thread-4 (runner)|MainProcess] PluginLoader (loader.py:load_plugins:265) | 从 D:\my_project\QQBot\plugins 导入插件
[2025-10-02 17:21:31,366.366] INFO     [Thread-4 (runner)|MainProcess] PackageHelper (packhelper.py:ensure:32) | 依赖已满足: PyMySQL
[2025-10-02 17:21:31,367.367] INFO     [Thread-4 (runner)|MainProcess] PackageHelper (packhelper.py:ensure:32) | 依赖已满足: pyyaml
[2025-10-02 17:21:31,367.367] INFO     [Thread-4 (runner)|MainProcess] PackageHelper (packhelper.py:ensure:32) | 依赖已满足: requests
[2025-10-02 17:21:31,460.460] INFO     [Thread-4 (runner)|MainProcess] PackageHelper (packhelper.py:ensure:32) | 依赖已满足: PyMySQL
[2025-10-02 17:21:31,648.648] INFO     [Thread-4 (runner)|MainProcess] PackageHelper (packhelper.py:ensure:32) | 依赖已满足: requests
[2025-10-02 17:21:31,649.649] INFO     [Thread-4 (runner)|MainProcess] PackageHelper (packhelper.py:ensure:32) | 依赖已满足: bs4
[2025-10-02 17:21:31,649.649] INFO     [Thread-4 (runner)|MainProcess] PackageHelper (packhelper.py:ensure:32) | 依赖已满足: zhconv
[2025-10-02 17:21:31,650.650] INFO     [Thread-4 (runner)|MainProcess] PackageHelper (packhelper.py:ensure:32) | 依赖已满足: pandas
[2025-10-02 17:21:31,651.651] INFO     [Thread-4 (runner)|MainProcess] PackageHelper (packhelper.py:ensure:32) | 依赖已满足: cryptography
[2025-10-02 17:21:31,655.655] INFO     [Thread-4 (runner)|MainProcess] PackageHelper (packhelper.py:ensure:32) | 依赖已满足: torch
[2025-10-02 17:21:31,657.657] INFO     [Thread-4 (runner)|MainProcess] PackageHelper (packhelper.py:ensure:32) | 依赖已满足: numpy
[2025-10-02 17:21:31,658.658] INFO     [Thread-4 (runner)|MainProcess] PackageHelper (packhelper.py:ensure:32) | 依赖已满足: pyyaml
[2025-10-02 17:21:32,719.719] INFO     [Thread-4 (runner)|MainProcess] PluginLoader (loader.py:_import_single:89) | 成功导入插件文件: __init__
[2025-10-02 17:21:32,720.720] INFO     [Thread-4 (runner)|MainProcess] PluginLoader (loader.py:from_class_load_plugins:217) | 加载插件「CS2CaseSimulator」
[2025-10-02 17:21:32,720.720] INFO     [Thread-4 (runner)|MainProcess] PluginLoader (loader.py:from_class_load_plugins:217) | 加载插件「DailyLuck」
[2025-10-02 17:21:32,720.720] INFO     [Thread-4 (runner)|MainProcess] PluginLoader (loader.py:from_class_load_plugins:217) | 加载插件「DailyMusic」
[2025-10-02 17:21:32,721.721] INFO     [Thread-4 (runner)|MainProcess] PluginLoader (loader.py:from_class_load_plugins:217) | 加载插件「DailyWife」
[2025-10-02 17:21:32,721.721] INFO     [Thread-4 (runner)|MainProcess] PluginLoader (loader.py:from_class_load_plugins:217) | 加载插件「GoBang」
[2025-10-02 17:21:32,722.722] INFO     [Thread-4 (runner)|MainProcess] PluginLoader (loader.py:from_class_load_plugins:217) | 加载插件「HistoryDay」
[2025-10-02 17:21:32,722.722] INFO     [Thread-4 (runner)|MainProcess] PluginLoader (loader.py:from_class_load_plugins:217) | 加载插件「Menu」
[2025-10-02 17:21:32,722.722] INFO     [Thread-4 (runner)|MainProcess] PluginLoader (loader.py:from_class_load_plugins:217) | 加载插件「Poem」
[2025-10-02 17:21:32,723.723] INFO     [Thread-4 (runner)|MainProcess] PluginLoader (loader.py:from_class_load_plugins:217) | 加载插件「UUCrawl」
[2025-10-02 17:21:32,723.723] INFO     [Thread-4 (runner)|MainProcess] PluginLoader (loader.py:from_class_load_plugins:217) | 加载插件「UUCrawlMonitor」
[2025-10-02 17:21:32,723.723] INFO     [Thread-4 (runner)|MainProcess] PluginLoader (loader.py:from_class_load_plugins:217) | 加载插件「What2Eat」
[2025-10-02 17:21:32,741.741] INFO     [Thread-4 (runner)|MainProcess] PluginLoader (loader.py:load_plugins:277) | 已加载插件数 [13]
[2025-10-02 17:21:32,742.742] INFO     [MainThread|MainProcess] ncatbot.core.adapter.nc.launch (launch.py:lanuch_napcat_service:104) | 正在以本地模式运行, 检查中...
[2025-10-02 17:21:32,756.756] INFO     [MainThread|MainProcess] ncatbot.core.adapter.nc.launch (launch.py:check_napcat_service_remote:70) | napcat 服务器 ws://localhost:3001 在线, 正在检查账号状态...
[2025-10-02 17:21:32,756.756] WARNING  [MainThread|MainProcess] ncatbot.core.adapter.nc.launch (launch.py:check_napcat_service_remote:72) | 跳过基于 WebUI 交互的检查, 请自行确保 NapCat 已经登录了正确的 QQ 3909177943
[2025-10-02 17:21:32,758.758] INFO     [MainThread|MainProcess] Adapter (adapter.py:connect_websocket:92) | NapCat WebSocket 连接成功
[2025-10-02 17:21:32,758.758] INFO     [Thread-1 (_worker_loop)|MainProcess] Client (client.py:<lambda>:79) | Bot 3909177943 启动成功
[2025-10-02 17:21:53,167.167] INFO     [MainThread|MainProcess] ncatbot.plugin_system (ncatbot_plugin.py:on_close:19) | 插件 SystemManager 卸载成功
[2025-10-02 17:21:53,167.167] INFO     [MainThread|MainProcess] ncatbot.plugin_system (ncatbot_plugin.py:on_close:19) | 插件 UnifiedRegistryPlugin 卸载成功
[2025-10-02 17:21:53,167.167] INFO     [MainThread|MainProcess] ncatbot.plugin_system (ncatbot_plugin.py:on_close:19) | 插件 CS2CaseSimulator 卸载成功
[2025-10-02 17:21:53,168.168] INFO     [MainThread|MainProcess] ncatbot.plugin_system (ncatbot_plugin.py:on_close:19) | 插件 DailyLuck 卸载成功
[2025-10-02 17:21:53,168.168] INFO     [MainThread|MainProcess] ncatbot.plugin_system (ncatbot_plugin.py:on_close:19) | 插件 DailyMusic 卸载成功
[2025-10-02 17:21:53,168.168] INFO     [MainThread|MainProcess] ncatbot.plugin_system (ncatbot_plugin.py:on_close:19) | 插件 DailyWife 卸载成功
[2025-10-02 17:21:53,168.168] INFO     [MainThread|MainProcess] ncatbot.plugin_system (ncatbot_plugin.py:on_close:19) | 插件 GoBang 卸载成功
[2025-10-02 17:21:53,169.169] INFO     [MainThread|MainProcess] ncatbot.plugin_system (ncatbot_plugin.py:on_close:19) | 插件 HistoryDay 卸载成功
[2025-10-02 17:21:53,169.169] INFO     [MainThread|MainProcess] ncatbot.plugin_system (ncatbot_plugin.py:on_close:19) | 插件 Menu 卸载成功
[2025-10-02 17:21:53,169.169] INFO     [MainThread|MainProcess] ncatbot.plugin_system (ncatbot_plugin.py:on_close:19) | 插件 Poem 卸载成功
[2025-10-02 17:21:53,169.169] INFO     [MainThread|MainProcess] ncatbot.plugin_system (ncatbot_plugin.py:on_close:19) | 插件 UUCrawl 卸载成功
[2025-10-02 17:21:53,169.169] INFO     [MainThread|MainProcess] ncatbot.plugin_system (ncatbot_plugin.py:on_close:19) | 插件 UUCrawlMonitor 卸载成功
[2025-10-02 17:21:53,169.169] INFO     [MainThread|MainProcess] ncatbot.plugin_system (ncatbot_plugin.py:on_close:19) | 插件 What2Eat 卸载成功
[2025-10-02 17:21:53,173.173] INFO     [MainThread|MainProcess] Client (client.py:bot_exit:202) | Bot 已经正常退出
[2025-10-02 17:22:37,564.564] DEBUG    [MainThread|MainProcess] logger (logger.py:setup_logging:259) | 日志系统初始化
[2025-10-02 17:22:37,566.566] DEBUG    [MainThread|MainProcess] Config (config.py:load:353) | 从 D:\my_project\QQBot\config.yaml 加载配置
[2025-10-02 17:22:37,567.567] WARNING  [MainThread|MainProcess] Config (config.py:create_from_file:304) | [setting] 未知配置项: bot_id
[2025-10-02 17:22:37,567.567] WARNING  [MainThread|MainProcess] Config (config.py:create_from_file:304) | [setting] 未知配置项: root_id
[2025-10-02 17:22:37,567.567] WARNING  [MainThread|MainProcess] Config (config.py:create_from_file:304) | [setting] 未知配置项: bot_name
[2025-10-02 17:22:37,567.567] WARNING  [MainThread|MainProcess] Config (config.py:create_from_file:304) | [setting] 未知配置项: host
[2025-10-02 17:22:37,567.567] WARNING  [MainThread|MainProcess] Config (config.py:create_from_file:304) | [setting] 未知配置项: user
[2025-10-02 17:22:37,567.567] WARNING  [MainThread|MainProcess] Config (config.py:create_from_file:304) | [setting] 未知配置项: password
[2025-10-02 17:22:37,567.567] WARNING  [MainThread|MainProcess] Config (config.py:create_from_file:304) | [setting] 未知配置项: database
[2025-10-02 17:22:37,567.567] WARNING  [MainThread|MainProcess] Config (config.py:create_from_file:304) | [setting] 未知配置项: gaode_map_key
[2025-10-02 17:22:37,567.567] WARNING  [MainThread|MainProcess] Config (config.py:create_from_file:304) | [setting] 未知配置项: crawl_interval
[2025-10-02 17:22:37,628.628] INFO     [MainThread|MainProcess] Config (config.py:validate_config:339) | [BOTQQ]: 3909177943 | [WSURI]: ws://localhost:3001 | [WS_TOKEN]: NcatBot | [ROOT]: 1633360356 | [WEBUI]: http://localhost:6099 | [WEBUI_TOKEN]: 123NcatBot321!@
[2025-10-02 17:22:37,676.676] INFO     [Thread-4 (runner)|MainProcess] PluginLoader (loader.py:load_builtin_plugins:251) | 已加载内置插件数 [2]
[2025-10-02 17:22:37,676.676] INFO     [Thread-4 (runner)|MainProcess] PluginLoader (loader.py:load_plugins:265) | 从 D:\my_project\QQBot\plugins 导入插件
[2025-10-02 17:22:37,681.681] INFO     [Thread-4 (runner)|MainProcess] PackageHelper (packhelper.py:ensure:32) | 依赖已满足: PyMySQL
[2025-10-02 17:22:37,682.682] INFO     [Thread-4 (runner)|MainProcess] PackageHelper (packhelper.py:ensure:32) | 依赖已满足: pyyaml
[2025-10-02 17:22:37,683.683] INFO     [Thread-4 (runner)|MainProcess] PackageHelper (packhelper.py:ensure:32) | 依赖已满足: requests
[2025-10-02 17:22:37,772.772] INFO     [Thread-4 (runner)|MainProcess] PackageHelper (packhelper.py:ensure:32) | 依赖已满足: PyMySQL
[2025-10-02 17:22:37,976.976] INFO     [Thread-4 (runner)|MainProcess] PackageHelper (packhelper.py:ensure:32) | 依赖已满足: requests
[2025-10-02 17:22:37,976.976] INFO     [Thread-4 (runner)|MainProcess] PackageHelper (packhelper.py:ensure:32) | 依赖已满足: bs4
[2025-10-02 17:22:37,977.977] INFO     [Thread-4 (runner)|MainProcess] PackageHelper (packhelper.py:ensure:32) | 依赖已满足: zhconv
[2025-10-02 17:22:37,978.978] INFO     [Thread-4 (runner)|MainProcess] PackageHelper (packhelper.py:ensure:32) | 依赖已满足: pandas
[2025-10-02 17:22:37,978.978] INFO     [Thread-4 (runner)|MainProcess] PackageHelper (packhelper.py:ensure:32) | 依赖已满足: cryptography
[2025-10-02 17:22:37,983.983] INFO     [Thread-4 (runner)|MainProcess] PackageHelper (packhelper.py:ensure:32) | 依赖已满足: torch
[2025-10-02 17:22:37,986.986] INFO     [Thread-4 (runner)|MainProcess] PackageHelper (packhelper.py:ensure:32) | 依赖已满足: numpy
[2025-10-02 17:22:37,987.987] INFO     [Thread-4 (runner)|MainProcess] PackageHelper (packhelper.py:ensure:32) | 依赖已满足: pyyaml
[2025-10-02 17:22:39,084.084] INFO     [Thread-4 (runner)|MainProcess] PluginLoader (loader.py:_import_single:89) | 成功导入插件文件: __init__
[2025-10-02 17:22:39,084.084] INFO     [Thread-4 (runner)|MainProcess] PluginLoader (loader.py:from_class_load_plugins:217) | 加载插件「CS2CaseSimulator」
[2025-10-02 17:22:39,085.085] INFO     [Thread-4 (runner)|MainProcess] PluginLoader (loader.py:from_class_load_plugins:217) | 加载插件「DailyLuck」
[2025-10-02 17:22:39,085.085] INFO     [Thread-4 (runner)|MainProcess] PluginLoader (loader.py:from_class_load_plugins:217) | 加载插件「DailyMusic」
[2025-10-02 17:22:39,086.086] INFO     [Thread-4 (runner)|MainProcess] PluginLoader (loader.py:from_class_load_plugins:217) | 加载插件「DailyWife」
[2025-10-02 17:22:39,086.086] INFO     [Thread-4 (runner)|MainProcess] PluginLoader (loader.py:from_class_load_plugins:217) | 加载插件「GoBang」
[2025-10-02 17:22:39,086.086] INFO     [Thread-4 (runner)|MainProcess] PluginLoader (loader.py:from_class_load_plugins:217) | 加载插件「HistoryDay」
[2025-10-02 17:22:39,087.087] INFO     [Thread-4 (runner)|MainProcess] PluginLoader (loader.py:from_class_load_plugins:217) | 加载插件「Menu」
[2025-10-02 17:22:39,087.087] INFO     [Thread-4 (runner)|MainProcess] PluginLoader (loader.py:from_class_load_plugins:217) | 加载插件「Poem」
[2025-10-02 17:22:39,088.088] INFO     [Thread-4 (runner)|MainProcess] PluginLoader (loader.py:from_class_load_plugins:217) | 加载插件「UUCrawl」
[2025-10-02 17:22:39,088.088] INFO     [Thread-4 (runner)|MainProcess] PluginLoader (loader.py:from_class_load_plugins:217) | 加载插件「UUCrawlMonitor」
[2025-10-02 17:22:39,088.088] INFO     [Thread-4 (runner)|MainProcess] PluginLoader (loader.py:from_class_load_plugins:217) | 加载插件「What2Eat」
[2025-10-02 17:22:39,103.103] INFO     [Thread-4 (runner)|MainProcess] PluginLoader (loader.py:load_plugins:277) | 已加载插件数 [13]
[2025-10-02 17:22:39,104.104] INFO     [MainThread|MainProcess] ncatbot.core.adapter.nc.launch (launch.py:lanuch_napcat_service:104) | 正在以本地模式运行, 检查中...
[2025-10-02 17:22:39,118.118] INFO     [MainThread|MainProcess] ncatbot.core.adapter.nc.launch (launch.py:check_napcat_service_remote:70) | napcat 服务器 ws://localhost:3001 在线, 正在检查账号状态...
[2025-10-02 17:22:39,118.118] WARNING  [MainThread|MainProcess] ncatbot.core.adapter.nc.launch (launch.py:check_napcat_service_remote:72) | 跳过基于 WebUI 交互的检查, 请自行确保 NapCat 已经登录了正确的 QQ 3909177943
[2025-10-02 17:22:39,120.120] INFO     [MainThread|MainProcess] Adapter (adapter.py:connect_websocket:92) | NapCat WebSocket 连接成功
[2025-10-02 17:22:39,120.120] INFO     [Thread-1 (_worker_loop)|MainProcess] Client (client.py:<lambda>:79) | Bot 3909177943 启动成功
[2025-10-02 17:23:05,887.887] INFO     [MainThread|MainProcess] ncatbot.plugin_system (ncatbot_plugin.py:on_close:19) | 插件 SystemManager 卸载成功
[2025-10-02 17:23:05,887.887] INFO     [MainThread|MainProcess] ncatbot.plugin_system (ncatbot_plugin.py:on_close:19) | 插件 UnifiedRegistryPlugin 卸载成功
[2025-10-02 17:23:05,887.887] INFO     [MainThread|MainProcess] ncatbot.plugin_system (ncatbot_plugin.py:on_close:19) | 插件 CS2CaseSimulator 卸载成功
[2025-10-02 17:23:05,887.887] INFO     [MainThread|MainProcess] ncatbot.plugin_system (ncatbot_plugin.py:on_close:19) | 插件 DailyLuck 卸载成功
[2025-10-02 17:23:05,888.888] INFO     [MainThread|MainProcess] ncatbot.plugin_system (ncatbot_plugin.py:on_close:19) | 插件 DailyMusic 卸载成功
[2025-10-02 17:23:05,888.888] INFO     [MainThread|MainProcess] ncatbot.plugin_system (ncatbot_plugin.py:on_close:19) | 插件 DailyWife 卸载成功
[2025-10-02 17:23:05,888.888] INFO     [MainThread|MainProcess] ncatbot.plugin_system (ncatbot_plugin.py:on_close:19) | 插件 GoBang 卸载成功
[2025-10-02 17:23:05,888.888] INFO     [MainThread|MainProcess] ncatbot.plugin_system (ncatbot_plugin.py:on_close:19) | 插件 HistoryDay 卸载成功
[2025-10-02 17:23:05,888.888] INFO     [MainThread|MainProcess] ncatbot.plugin_system (ncatbot_plugin.py:on_close:19) | 插件 Menu 卸载成功
[2025-10-02 17:23:05,889.889] INFO     [MainThread|MainProcess] ncatbot.plugin_system (ncatbot_plugin.py:on_close:19) | 插件 Poem 卸载成功
[2025-10-02 17:23:05,889.889] INFO     [MainThread|MainProcess] ncatbot.plugin_system (ncatbot_plugin.py:on_close:19) | 插件 UUCrawl 卸载成功
[2025-10-02 17:23:05,889.889] INFO     [MainThread|MainProcess] ncatbot.plugin_system (ncatbot_plugin.py:on_close:19) | 插件 UUCrawlMonitor 卸载成功
[2025-10-02 17:23:05,889.889] INFO     [MainThread|MainProcess] ncatbot.plugin_system (ncatbot_plugin.py:on_close:19) | 插件 What2Eat 卸载成功
[2025-10-02 17:23:05,893.893] INFO     [MainThread|MainProcess] Client (client.py:bot_exit:202) | Bot 已经正常退出
[2025-10-02 17:23:13,488.488] DEBUG    [MainThread|MainProcess] logger (logger.py:setup_logging:259) | 日志系统初始化
[2025-10-02 17:23:13,490.490] DEBUG    [MainThread|MainProcess] Config (config.py:load:353) | 从 D:\my_project\QQBot\config.yaml 加载配置
[2025-10-02 17:23:13,491.491] WARNING  [MainThread|MainProcess] Config (config.py:create_from_file:304) | [setting] 未知配置项: bot_id
[2025-10-02 17:23:13,491.491] WARNING  [MainThread|MainProcess] Config (config.py:create_from_file:304) | [setting] 未知配置项: root_id
[2025-10-02 17:23:13,491.491] WARNING  [MainThread|MainProcess] Config (config.py:create_from_file:304) | [setting] 未知配置项: bot_name
[2025-10-02 17:23:13,491.491] WARNING  [MainThread|MainProcess] Config (config.py:create_from_file:304) | [setting] 未知配置项: host
[2025-10-02 17:23:13,491.491] WARNING  [MainThread|MainProcess] Config (config.py:create_from_file:304) | [setting] 未知配置项: user
[2025-10-02 17:23:13,491.491] WARNING  [MainThread|MainProcess] Config (config.py:create_from_file:304) | [setting] 未知配置项: password
[2025-10-02 17:23:13,491.491] WARNING  [MainThread|MainProcess] Config (config.py:create_from_file:304) | [setting] 未知配置项: database
[2025-10-02 17:23:13,491.491] WARNING  [MainThread|MainProcess] Config (config.py:create_from_file:304) | [setting] 未知配置项: gaode_map_key
[2025-10-02 17:23:13,491.491] WARNING  [MainThread|MainProcess] Config (config.py:create_from_file:304) | [setting] 未知配置项: crawl_interval
[2025-10-02 17:23:13,552.552] INFO     [MainThread|MainProcess] Config (config.py:validate_config:339) | [BOTQQ]: 3909177943 | [WSURI]: ws://localhost:3001 | [WS_TOKEN]: NcatBot | [ROOT]: 1633360356 | [WEBUI]: http://localhost:6099 | [WEBUI_TOKEN]: 123NcatBot321!@
[2025-10-02 17:23:13,598.598] INFO     [Thread-4 (runner)|MainProcess] PluginLoader (loader.py:load_builtin_plugins:251) | 已加载内置插件数 [2]
[2025-10-02 17:23:13,598.598] INFO     [Thread-4 (runner)|MainProcess] PluginLoader (loader.py:load_plugins:265) | 从 D:\my_project\QQBot\plugins 导入插件
[2025-10-02 17:23:13,603.603] INFO     [Thread-4 (runner)|MainProcess] PackageHelper (packhelper.py:ensure:32) | 依赖已满足: PyMySQL
[2025-10-02 17:23:13,603.603] INFO     [Thread-4 (runner)|MainProcess] PackageHelper (packhelper.py:ensure:32) | 依赖已满足: pyyaml
[2025-10-02 17:23:13,604.604] INFO     [Thread-4 (runner)|MainProcess] PackageHelper (packhelper.py:ensure:32) | 依赖已满足: requests
[2025-10-02 17:23:13,686.686] INFO     [Thread-4 (runner)|MainProcess] PackageHelper (packhelper.py:ensure:32) | 依赖已满足: PyMySQL
[2025-10-02 17:23:13,880.880] INFO     [Thread-4 (runner)|MainProcess] PackageHelper (packhelper.py:ensure:32) | 依赖已满足: requests
[2025-10-02 17:23:13,880.880] INFO     [Thread-4 (runner)|MainProcess] PackageHelper (packhelper.py:ensure:32) | 依赖已满足: bs4
[2025-10-02 17:23:13,881.881] INFO     [Thread-4 (runner)|MainProcess] PackageHelper (packhelper.py:ensure:32) | 依赖已满足: zhconv
[2025-10-02 17:23:13,882.882] INFO     [Thread-4 (runner)|MainProcess] PackageHelper (packhelper.py:ensure:32) | 依赖已满足: pandas
[2025-10-02 17:23:13,882.882] INFO     [Thread-4 (runner)|MainProcess] PackageHelper (packhelper.py:ensure:32) | 依赖已满足: cryptography
[2025-10-02 17:23:13,887.887] INFO     [Thread-4 (runner)|MainProcess] PackageHelper (packhelper.py:ensure:32) | 依赖已满足: torch
[2025-10-02 17:23:13,889.889] INFO     [Thread-4 (runner)|MainProcess] PackageHelper (packhelper.py:ensure:32) | 依赖已满足: numpy
[2025-10-02 17:23:13,889.889] INFO     [Thread-4 (runner)|MainProcess] PackageHelper (packhelper.py:ensure:32) | 依赖已满足: pyyaml
[2025-10-02 17:23:14,978.978] INFO     [Thread-4 (runner)|MainProcess] PluginLoader (loader.py:_import_single:89) | 成功导入插件文件: __init__
[2025-10-02 17:23:14,978.978] INFO     [Thread-4 (runner)|MainProcess] PluginLoader (loader.py:from_class_load_plugins:217) | 加载插件「CS2CaseSimulator」
[2025-10-02 17:23:14,978.978] INFO     [Thread-4 (runner)|MainProcess] PluginLoader (loader.py:from_class_load_plugins:217) | 加载插件「DailyLuck」
[2025-10-02 17:23:14,979.979] INFO     [Thread-4 (runner)|MainProcess] PluginLoader (loader.py:from_class_load_plugins:217) | 加载插件「DailyMusic」
[2025-10-02 17:23:14,979.979] INFO     [Thread-4 (runner)|MainProcess] PluginLoader (loader.py:from_class_load_plugins:217) | 加载插件「DailyWife」
[2025-10-02 17:23:14,980.980] INFO     [Thread-4 (runner)|MainProcess] PluginLoader (loader.py:from_class_load_plugins:217) | 加载插件「GoBang」
[2025-10-02 17:23:14,980.980] INFO     [Thread-4 (runner)|MainProcess] PluginLoader (loader.py:from_class_load_plugins:217) | 加载插件「HistoryDay」
[2025-10-02 17:23:14,980.980] INFO     [Thread-4 (runner)|MainProcess] PluginLoader (loader.py:from_class_load_plugins:217) | 加载插件「Menu」
[2025-10-02 17:23:14,981.981] INFO     [Thread-4 (runner)|MainProcess] PluginLoader (loader.py:from_class_load_plugins:217) | 加载插件「Poem」
[2025-10-02 17:23:14,981.981] INFO     [Thread-4 (runner)|MainProcess] PluginLoader (loader.py:from_class_load_plugins:217) | 加载插件「UUCrawl」
[2025-10-02 17:23:14,982.982] INFO     [Thread-4 (runner)|MainProcess] PluginLoader (loader.py:from_class_load_plugins:217) | 加载插件「UUCrawlMonitor」
[2025-10-02 17:23:14,982.982] INFO     [Thread-4 (runner)|MainProcess] PluginLoader (loader.py:from_class_load_plugins:217) | 加载插件「What2Eat」
[2025-10-02 17:23:15,001.001] INFO     [Thread-4 (runner)|MainProcess] PluginLoader (loader.py:load_plugins:277) | 已加载插件数 [13]
[2025-10-02 17:23:15,003.003] INFO     [MainThread|MainProcess] ncatbot.core.adapter.nc.launch (launch.py:lanuch_napcat_service:104) | 正在以本地模式运行, 检查中...
[2025-10-02 17:23:15,018.018] INFO     [MainThread|MainProcess] ncatbot.core.adapter.nc.launch (launch.py:check_napcat_service_remote:70) | napcat 服务器 ws://localhost:3001 在线, 正在检查账号状态...
[2025-10-02 17:23:15,018.018] WARNING  [MainThread|MainProcess] ncatbot.core.adapter.nc.launch (launch.py:check_napcat_service_remote:72) | 跳过基于 WebUI 交互的检查, 请自行确保 NapCat 已经登录了正确的 QQ 3909177943
[2025-10-02 17:23:15,020.020] INFO     [MainThread|MainProcess] Adapter (adapter.py:connect_websocket:92) | NapCat WebSocket 连接成功
[2025-10-02 17:23:15,020.020] INFO     [Thread-1 (_worker_loop)|MainProcess] Client (client.py:<lambda>:79) | Bot 3909177943 启动成功
[2025-10-02 17:33:34,743.743] DEBUG    [MainThread|MainProcess] logger (logger.py:setup_logging:259) | 日志系统初始化
[2025-10-02 17:33:34,745.745] DEBUG    [MainThread|MainProcess] Config (config.py:load:353) | 从 D:\my_project\QQBot\config.yaml 加载配置
[2025-10-02 17:33:34,746.746] WARNING  [MainThread|MainProcess] Config (config.py:create_from_file:304) | [setting] 未知配置项: bot_id
[2025-10-02 17:33:34,746.746] WARNING  [MainThread|MainProcess] Config (config.py:create_from_file:304) | [setting] 未知配置项: root_id
[2025-10-02 17:33:34,746.746] WARNING  [MainThread|MainProcess] Config (config.py:create_from_file:304) | [setting] 未知配置项: bot_name
[2025-10-02 17:33:34,746.746] WARNING  [MainThread|MainProcess] Config (config.py:create_from_file:304) | [setting] 未知配置项: host
[2025-10-02 17:33:34,747.747] WARNING  [MainThread|MainProcess] Config (config.py:create_from_file:304) | [setting] 未知配置项: user
[2025-10-02 17:33:34,747.747] WARNING  [MainThread|MainProcess] Config (config.py:create_from_file:304) | [setting] 未知配置项: password
[2025-10-02 17:33:34,747.747] WARNING  [MainThread|MainProcess] Config (config.py:create_from_file:304) | [setting] 未知配置项: database
[2025-10-02 17:33:34,747.747] WARNING  [MainThread|MainProcess] Config (config.py:create_from_file:304) | [setting] 未知配置项: gaode_map_key
[2025-10-02 17:33:34,747.747] WARNING  [MainThread|MainProcess] Config (config.py:create_from_file:304) | [setting] 未知配置项: crawl_interval
[2025-10-02 17:33:34,807.807] INFO     [MainThread|MainProcess] Config (config.py:validate_config:339) | [BOTQQ]: 3909177943 | [WSURI]: ws://localhost:3001 | [WS_TOKEN]: NcatBot | [ROOT]: 1633360356 | [WEBUI]: http://localhost:6099 | [WEBUI_TOKEN]: 123NcatBot321!@
[2025-10-02 17:33:34,856.856] INFO     [Thread-4 (runner)|MainProcess] PluginLoader (loader.py:load_builtin_plugins:251) | 已加载内置插件数 [2]
[2025-10-02 17:33:34,857.857] INFO     [Thread-4 (runner)|MainProcess] PluginLoader (loader.py:load_plugins:265) | 从 D:\my_project\QQBot\plugins 导入插件
[2025-10-02 17:33:34,862.862] INFO     [Thread-4 (runner)|MainProcess] PackageHelper (packhelper.py:ensure:32) | 依赖已满足: PyMySQL
[2025-10-02 17:33:34,863.863] INFO     [Thread-4 (runner)|MainProcess] PackageHelper (packhelper.py:ensure:32) | 依赖已满足: pyyaml
[2025-10-02 17:33:34,864.864] INFO     [Thread-4 (runner)|MainProcess] PackageHelper (packhelper.py:ensure:32) | 依赖已满足: requests
[2025-10-02 17:33:34,953.953] INFO     [Thread-4 (runner)|MainProcess] PackageHelper (packhelper.py:ensure:32) | 依赖已满足: PyMySQL
[2025-10-02 17:33:35,155.155] INFO     [Thread-4 (runner)|MainProcess] PackageHelper (packhelper.py:ensure:32) | 依赖已满足: requests
[2025-10-02 17:33:35,156.156] INFO     [Thread-4 (runner)|MainProcess] PackageHelper (packhelper.py:ensure:32) | 依赖已满足: bs4
[2025-10-02 17:33:35,156.156] INFO     [Thread-4 (runner)|MainProcess] PackageHelper (packhelper.py:ensure:32) | 依赖已满足: zhconv
[2025-10-02 17:33:35,157.157] INFO     [Thread-4 (runner)|MainProcess] PackageHelper (packhelper.py:ensure:32) | 依赖已满足: pandas
[2025-10-02 17:33:35,158.158] INFO     [Thread-4 (runner)|MainProcess] PackageHelper (packhelper.py:ensure:32) | 依赖已满足: cryptography
[2025-10-02 17:33:35,162.162] INFO     [Thread-4 (runner)|MainProcess] PackageHelper (packhelper.py:ensure:32) | 依赖已满足: torch
[2025-10-02 17:33:35,165.165] INFO     [Thread-4 (runner)|MainProcess] PackageHelper (packhelper.py:ensure:32) | 依赖已满足: numpy
[2025-10-02 17:33:35,165.165] INFO     [Thread-4 (runner)|MainProcess] PackageHelper (packhelper.py:ensure:32) | 依赖已满足: pyyaml
[2025-10-02 17:33:36,230.230] INFO     [Thread-4 (runner)|MainProcess] PluginLoader (loader.py:_import_single:89) | 成功导入插件文件: __init__
[2025-10-02 17:33:36,230.230] INFO     [Thread-4 (runner)|MainProcess] PluginLoader (loader.py:from_class_load_plugins:217) | 加载插件「CS2CaseSimulator」
[2025-10-02 17:33:36,231.231] INFO     [Thread-4 (runner)|MainProcess] PluginLoader (loader.py:from_class_load_plugins:217) | 加载插件「DailyLuck」
[2025-10-02 17:33:36,231.231] INFO     [Thread-4 (runner)|MainProcess] PluginLoader (loader.py:from_class_load_plugins:217) | 加载插件「DailyMusic」
[2025-10-02 17:33:36,232.232] INFO     [Thread-4 (runner)|MainProcess] PluginLoader (loader.py:from_class_load_plugins:217) | 加载插件「DailyWife」
[2025-10-02 17:33:36,232.232] INFO     [Thread-4 (runner)|MainProcess] PluginLoader (loader.py:from_class_load_plugins:217) | 加载插件「GoBang」
[2025-10-02 17:33:36,232.232] INFO     [Thread-4 (runner)|MainProcess] PluginLoader (loader.py:from_class_load_plugins:217) | 加载插件「HistoryDay」
[2025-10-02 17:33:36,233.233] INFO     [Thread-4 (runner)|MainProcess] PluginLoader (loader.py:from_class_load_plugins:217) | 加载插件「Menu」
[2025-10-02 17:33:36,233.233] INFO     [Thread-4 (runner)|MainProcess] PluginLoader (loader.py:from_class_load_plugins:217) | 加载插件「Poem」
[2025-10-02 17:33:36,233.233] INFO     [Thread-4 (runner)|MainProcess] PluginLoader (loader.py:from_class_load_plugins:217) | 加载插件「UUCrawl」
[2025-10-02 17:33:36,234.234] INFO     [Thread-4 (runner)|MainProcess] PluginLoader (loader.py:from_class_load_plugins:217) | 加载插件「UUCrawlMonitor」
[2025-10-02 17:33:36,234.234] INFO     [Thread-4 (runner)|MainProcess] PluginLoader (loader.py:from_class_load_plugins:217) | 加载插件「What2Eat」
[2025-10-02 17:33:36,252.252] INFO     [Thread-4 (runner)|MainProcess] PluginLoader (loader.py:load_plugins:277) | 已加载插件数 [13]
[2025-10-02 17:33:36,253.253] INFO     [MainThread|MainProcess] ncatbot.core.adapter.nc.launch (launch.py:lanuch_napcat_service:104) | 正在以本地模式运行, 检查中...
[2025-10-02 17:33:36,268.268] INFO     [MainThread|MainProcess] ncatbot.core.adapter.nc.launch (launch.py:check_napcat_service_remote:70) | napcat 服务器 ws://localhost:3001 在线, 正在检查账号状态...
[2025-10-02 17:33:36,268.268] WARNING  [MainThread|MainProcess] ncatbot.core.adapter.nc.launch (launch.py:check_napcat_service_remote:72) | 跳过基于 WebUI 交互的检查, 请自行确保 NapCat 已经登录了正确的 QQ 3909177943
[2025-10-02 17:33:36,270.270] INFO     [MainThread|MainProcess] Adapter (adapter.py:connect_websocket:92) | NapCat WebSocket 连接成功
[2025-10-02 17:33:36,270.270] INFO     [Thread-1 (_worker_loop)|MainProcess] Client (client.py:<lambda>:79) | Bot 3909177943 启动成功
[2025-10-02 17:35:17,184.184] INFO     [MainThread|MainProcess] ncatbot.plugin_system (ncatbot_plugin.py:on_close:19) | 插件 SystemManager 卸载成功
[2025-10-02 17:35:17,185.185] INFO     [MainThread|MainProcess] ncatbot.plugin_system (ncatbot_plugin.py:on_close:19) | 插件 UnifiedRegistryPlugin 卸载成功
[2025-10-02 17:35:17,185.185] INFO     [MainThread|MainProcess] ncatbot.plugin_system (ncatbot_plugin.py:on_close:19) | 插件 CS2CaseSimulator 卸载成功
[2025-10-02 17:35:17,186.186] INFO     [MainThread|MainProcess] ncatbot.plugin_system (ncatbot_plugin.py:on_close:19) | 插件 DailyLuck 卸载成功
[2025-10-02 17:35:17,186.186] INFO     [MainThread|MainProcess] ncatbot.plugin_system (ncatbot_plugin.py:on_close:19) | 插件 DailyMusic 卸载成功
[2025-10-02 17:35:17,186.186] INFO     [MainThread|MainProcess] ncatbot.plugin_system (ncatbot_plugin.py:on_close:19) | 插件 DailyWife 卸载成功
[2025-10-02 17:35:17,186.186] INFO     [MainThread|MainProcess] ncatbot.plugin_system (ncatbot_plugin.py:on_close:19) | 插件 GoBang 卸载成功
[2025-10-02 17:35:17,186.186] INFO     [MainThread|MainProcess] ncatbot.plugin_system (ncatbot_plugin.py:on_close:19) | 插件 HistoryDay 卸载成功
[2025-10-02 17:35:17,187.187] INFO     [MainThread|MainProcess] ncatbot.plugin_system (ncatbot_plugin.py:on_close:19) | 插件 Menu 卸载成功
[2025-10-02 17:35:17,187.187] INFO     [MainThread|MainProcess] ncatbot.plugin_system (ncatbot_plugin.py:on_close:19) | 插件 Poem 卸载成功
[2025-10-02 17:35:17,187.187] INFO     [MainThread|MainProcess] ncatbot.plugin_system (ncatbot_plugin.py:on_close:19) | 插件 UUCrawl 卸载成功
[2025-10-02 17:35:17,187.187] INFO     [MainThread|MainProcess] ncatbot.plugin_system (ncatbot_plugin.py:on_close:19) | 插件 UUCrawlMonitor 卸载成功
[2025-10-02 17:35:17,187.187] INFO     [MainThread|MainProcess] ncatbot.plugin_system (ncatbot_plugin.py:on_close:19) | 插件 What2Eat 卸载成功
[2025-10-02 17:35:17,192.192] INFO     [MainThread|MainProcess] Client (client.py:bot_exit:202) | Bot 已经正常退出
[2025-10-02 17:35:23,658.658] DEBUG    [MainThread|MainProcess] logger (logger.py:setup_logging:259) | 日志系统初始化
[2025-10-02 17:35:23,659.659] DEBUG    [MainThread|MainProcess] Config (config.py:load:353) | 从 D:\my_project\QQBot\config.yaml 加载配置
[2025-10-02 17:35:23,660.660] WARNING  [MainThread|MainProcess] Config (config.py:create_from_file:304) | [setting] 未知配置项: bot_id
[2025-10-02 17:35:23,660.660] WARNING  [MainThread|MainProcess] Config (config.py:create_from_file:304) | [setting] 未知配置项: root_id
[2025-10-02 17:35:23,660.660] WARNING  [MainThread|MainProcess] Config (config.py:create_from_file:304) | [setting] 未知配置项: bot_name
[2025-10-02 17:35:23,661.661] WARNING  [MainThread|MainProcess] Config (config.py:create_from_file:304) | [setting] 未知配置项: host
[2025-10-02 17:35:23,661.661] WARNING  [MainThread|MainProcess] Config (config.py:create_from_file:304) | [setting] 未知配置项: user
[2025-10-02 17:35:23,661.661] WARNING  [MainThread|MainProcess] Config (config.py:create_from_file:304) | [setting] 未知配置项: password
[2025-10-02 17:35:23,661.661] WARNING  [MainThread|MainProcess] Config (config.py:create_from_file:304) | [setting] 未知配置项: database
[2025-10-02 17:35:23,661.661] WARNING  [MainThread|MainProcess] Config (config.py:create_from_file:304) | [setting] 未知配置项: gaode_map_key
[2025-10-02 17:35:23,661.661] WARNING  [MainThread|MainProcess] Config (config.py:create_from_file:304) | [setting] 未知配置项: crawl_interval
[2025-10-02 17:35:23,724.724] INFO     [MainThread|MainProcess] Config (config.py:validate_config:339) | [BOTQQ]: 3909177943 | [WSURI]: ws://localhost:3001 | [WS_TOKEN]: NcatBot | [ROOT]: 1633360356 | [WEBUI]: http://localhost:6099 | [WEBUI_TOKEN]: 123NcatBot321!@
[2025-10-02 17:35:23,772.772] INFO     [Thread-4 (runner)|MainProcess] PluginLoader (loader.py:load_builtin_plugins:251) | 已加载内置插件数 [2]
[2025-10-02 17:35:23,773.773] INFO     [Thread-4 (runner)|MainProcess] PluginLoader (loader.py:load_plugins:265) | 从 D:\my_project\QQBot\plugins 导入插件
[2025-10-02 17:35:23,778.778] INFO     [Thread-4 (runner)|MainProcess] PackageHelper (packhelper.py:ensure:32) | 依赖已满足: PyMySQL
[2025-10-02 17:35:23,779.779] INFO     [Thread-4 (runner)|MainProcess] PackageHelper (packhelper.py:ensure:32) | 依赖已满足: pyyaml
[2025-10-02 17:35:23,779.779] INFO     [Thread-4 (runner)|MainProcess] PackageHelper (packhelper.py:ensure:32) | 依赖已满足: requests
[2025-10-02 17:35:23,864.864] INFO     [Thread-4 (runner)|MainProcess] PackageHelper (packhelper.py:ensure:32) | 依赖已满足: PyMySQL
[2025-10-02 17:35:24,049.049] INFO     [Thread-4 (runner)|MainProcess] PackageHelper (packhelper.py:ensure:32) | 依赖已满足: requests
[2025-10-02 17:35:24,050.050] INFO     [Thread-4 (runner)|MainProcess] PackageHelper (packhelper.py:ensure:32) | 依赖已满足: bs4
[2025-10-02 17:35:24,051.051] INFO     [Thread-4 (runner)|MainProcess] PackageHelper (packhelper.py:ensure:32) | 依赖已满足: zhconv
[2025-10-02 17:35:24,051.051] INFO     [Thread-4 (runner)|MainProcess] PackageHelper (packhelper.py:ensure:32) | 依赖已满足: pandas
[2025-10-02 17:35:24,052.052] INFO     [Thread-4 (runner)|MainProcess] PackageHelper (packhelper.py:ensure:32) | 依赖已满足: cryptography
[2025-10-02 17:35:24,056.056] INFO     [Thread-4 (runner)|MainProcess] PackageHelper (packhelper.py:ensure:32) | 依赖已满足: torch
[2025-10-02 17:35:24,059.059] INFO     [Thread-4 (runner)|MainProcess] PackageHelper (packhelper.py:ensure:32) | 依赖已满足: numpy
[2025-10-02 17:35:24,059.059] INFO     [Thread-4 (runner)|MainProcess] PackageHelper (packhelper.py:ensure:32) | 依赖已满足: pyyaml
[2025-10-02 17:35:25,084.084] INFO     [Thread-4 (runner)|MainProcess] PluginLoader (loader.py:_import_single:89) | 成功导入插件文件: __init__
[2025-10-02 17:35:25,085.085] INFO     [Thread-4 (runner)|MainProcess] PluginLoader (loader.py:from_class_load_plugins:217) | 加载插件「CS2CaseSimulator」
[2025-10-02 17:35:25,085.085] INFO     [Thread-4 (runner)|MainProcess] PluginLoader (loader.py:from_class_load_plugins:217) | 加载插件「DailyLuck」
[2025-10-02 17:35:25,086.086] INFO     [Thread-4 (runner)|MainProcess] PluginLoader (loader.py:from_class_load_plugins:217) | 加载插件「DailyMusic」
[2025-10-02 17:35:25,086.086] INFO     [Thread-4 (runner)|MainProcess] PluginLoader (loader.py:from_class_load_plugins:217) | 加载插件「DailyWife」
[2025-10-02 17:35:25,087.087] INFO     [Thread-4 (runner)|MainProcess] PluginLoader (loader.py:from_class_load_plugins:217) | 加载插件「GoBang」
[2025-10-02 17:35:25,087.087] INFO     [Thread-4 (runner)|MainProcess] PluginLoader (loader.py:from_class_load_plugins:217) | 加载插件「HistoryDay」
[2025-10-02 17:35:25,088.088] INFO     [Thread-4 (runner)|MainProcess] PluginLoader (loader.py:from_class_load_plugins:217) | 加载插件「Menu」
[2025-10-02 17:35:25,088.088] INFO     [Thread-4 (runner)|MainProcess] PluginLoader (loader.py:from_class_load_plugins:217) | 加载插件「Poem」
[2025-10-02 17:35:25,088.088] INFO     [Thread-4 (runner)|MainProcess] PluginLoader (loader.py:from_class_load_plugins:217) | 加载插件「UUCrawl」
[2025-10-02 17:35:25,089.089] INFO     [Thread-4 (runner)|MainProcess] PluginLoader (loader.py:from_class_load_plugins:217) | 加载插件「UUCrawlMonitor」
[2025-10-02 17:35:25,089.089] INFO     [Thread-4 (runner)|MainProcess] PluginLoader (loader.py:from_class_load_plugins:217) | 加载插件「What2Eat」
[2025-10-02 17:35:25,107.107] INFO     [Thread-4 (runner)|MainProcess] PluginLoader (loader.py:load_plugins:277) | 已加载插件数 [13]
[2025-10-02 17:35:25,109.109] INFO     [MainThread|MainProcess] ncatbot.core.adapter.nc.launch (launch.py:lanuch_napcat_service:104) | 正在以本地模式运行, 检查中...
[2025-10-02 17:35:25,122.122] INFO     [MainThread|MainProcess] ncatbot.core.adapter.nc.launch (launch.py:check_napcat_service_remote:70) | napcat 服务器 ws://localhost:3001 在线, 正在检查账号状态...
[2025-10-02 17:35:25,122.122] WARNING  [MainThread|MainProcess] ncatbot.core.adapter.nc.launch (launch.py:check_napcat_service_remote:72) | 跳过基于 WebUI 交互的检查, 请自行确保 NapCat 已经登录了正确的 QQ 3909177943
[2025-10-02 17:35:25,123.123] INFO     [MainThread|MainProcess] Adapter (adapter.py:connect_websocket:92) | NapCat WebSocket 连接成功
[2025-10-02 17:35:25,123.123] INFO     [Thread-1 (_worker_loop)|MainProcess] Client (client.py:<lambda>:79) | Bot 3909177943 启动成功
[2025-10-02 17:35:47,471.471] INFO     [MainThread|MainProcess] ncatbot.plugin_system (ncatbot_plugin.py:on_close:19) | 插件 SystemManager 卸载成功
[2025-10-02 17:35:47,471.471] INFO     [MainThread|MainProcess] ncatbot.plugin_system (ncatbot_plugin.py:on_close:19) | 插件 UnifiedRegistryPlugin 卸载成功
[2025-10-02 17:35:47,472.472] INFO     [MainThread|MainProcess] ncatbot.plugin_system (ncatbot_plugin.py:on_close:19) | 插件 CS2CaseSimulator 卸载成功
[2025-10-02 17:35:47,472.472] INFO     [MainThread|MainProcess] ncatbot.plugin_system (ncatbot_plugin.py:on_close:19) | 插件 DailyLuck 卸载成功
[2025-10-02 17:35:47,472.472] INFO     [MainThread|MainProcess] ncatbot.plugin_system (ncatbot_plugin.py:on_close:19) | 插件 DailyMusic 卸载成功
[2025-10-02 17:35:47,472.472] INFO     [MainThread|MainProcess] ncatbot.plugin_system (ncatbot_plugin.py:on_close:19) | 插件 DailyWife 卸载成功
[2025-10-02 17:35:47,473.473] INFO     [MainThread|MainProcess] ncatbot.plugin_system (ncatbot_plugin.py:on_close:19) | 插件 GoBang 卸载成功
[2025-10-02 17:35:47,473.473] INFO     [MainThread|MainProcess] ncatbot.plugin_system (ncatbot_plugin.py:on_close:19) | 插件 HistoryDay 卸载成功
[2025-10-02 17:35:47,473.473] INFO     [MainThread|MainProcess] ncatbot.plugin_system (ncatbot_plugin.py:on_close:19) | 插件 Menu 卸载成功
[2025-10-02 17:35:47,473.473] INFO     [MainThread|MainProcess] ncatbot.plugin_system (ncatbot_plugin.py:on_close:19) | 插件 Poem 卸载成功
[2025-10-02 17:35:47,473.473] INFO     [MainThread|MainProcess] ncatbot.plugin_system (ncatbot_plugin.py:on_close:19) | 插件 UUCrawl 卸载成功
[2025-10-02 17:35:47,474.474] INFO     [MainThread|MainProcess] ncatbot.plugin_system (ncatbot_plugin.py:on_close:19) | 插件 UUCrawlMonitor 卸载成功
[2025-10-02 17:35:47,474.474] INFO     [MainThread|MainProcess] ncatbot.plugin_system (ncatbot_plugin.py:on_close:19) | 插件 What2Eat 卸载成功
[2025-10-02 17:35:47,498.498] INFO     [MainThread|MainProcess] Client (client.py:bot_exit:202) | Bot 已经正常退出
[2025-10-02 17:58:06,566.566] DEBUG    [MainThread|MainProcess] logger (logger.py:setup_logging:259) | 日志系统初始化
[2025-10-02 17:58:06,568.568] DEBUG    [MainThread|MainProcess] Config (config.py:load:353) | 从 D:\my_project\QQBot\config.yaml 加载配置
[2025-10-02 17:58:06,569.569] WARNING  [MainThread|MainProcess] Config (config.py:create_from_file:304) | [setting] 未知配置项: bot_id
[2025-10-02 17:58:06,569.569] WARNING  [MainThread|MainProcess] Config (config.py:create_from_file:304) | [setting] 未知配置项: root_id
[2025-10-02 17:58:06,569.569] WARNING  [MainThread|MainProcess] Config (config.py:create_from_file:304) | [setting] 未知配置项: bot_name
[2025-10-02 17:58:06,569.569] WARNING  [MainThread|MainProcess] Config (config.py:create_from_file:304) | [setting] 未知配置项: host
[2025-10-02 17:58:06,569.569] WARNING  [MainThread|MainProcess] Config (config.py:create_from_file:304) | [setting] 未知配置项: user
[2025-10-02 17:58:06,569.569] WARNING  [MainThread|MainProcess] Config (config.py:create_from_file:304) | [setting] 未知配置项: password
[2025-10-02 17:58:06,569.569] WARNING  [MainThread|MainProcess] Config (config.py:create_from_file:304) | [setting] 未知配置项: database
[2025-10-02 17:58:06,569.569] WARNING  [MainThread|MainProcess] Config (config.py:create_from_file:304) | [setting] 未知配置项: gaode_map_key
[2025-10-02 17:58:06,569.569] WARNING  [MainThread|MainProcess] Config (config.py:create_from_file:304) | [setting] 未知配置项: crawl_interval
[2025-10-02 17:58:06,631.631] INFO     [MainThread|MainProcess] Config (config.py:validate_config:339) | [BOTQQ]: 3909177943 | [WSURI]: ws://localhost:3001 | [WS_TOKEN]: NcatBot | [ROOT]: 1633360356 | [WEBUI]: http://localhost:6099 | [WEBUI_TOKEN]: 123NcatBot321!@
[2025-10-02 17:58:06,680.680] INFO     [Thread-4 (runner)|MainProcess] PluginLoader (loader.py:load_builtin_plugins:251) | 已加载内置插件数 [2]
[2025-10-02 17:58:06,680.680] INFO     [Thread-4 (runner)|MainProcess] PluginLoader (loader.py:load_plugins:265) | 从 D:\my_project\QQBot\plugins 导入插件
[2025-10-02 17:58:06,685.685] INFO     [Thread-4 (runner)|MainProcess] PackageHelper (packhelper.py:ensure:32) | 依赖已满足: PyMySQL
[2025-10-02 17:58:06,686.686] INFO     [Thread-4 (runner)|MainProcess] PackageHelper (packhelper.py:ensure:32) | 依赖已满足: pyyaml
[2025-10-02 17:58:06,687.687] INFO     [Thread-4 (runner)|MainProcess] PackageHelper (packhelper.py:ensure:32) | 依赖已满足: requests
[2025-10-02 17:58:06,774.774] INFO     [Thread-4 (runner)|MainProcess] PackageHelper (packhelper.py:ensure:32) | 依赖已满足: PyMySQL
[2025-10-02 17:58:06,964.964] INFO     [Thread-4 (runner)|MainProcess] PackageHelper (packhelper.py:ensure:32) | 依赖已满足: requests
[2025-10-02 17:58:06,965.965] INFO     [Thread-4 (runner)|MainProcess] PackageHelper (packhelper.py:ensure:32) | 依赖已满足: bs4
[2025-10-02 17:58:06,965.965] INFO     [Thread-4 (runner)|MainProcess] PackageHelper (packhelper.py:ensure:32) | 依赖已满足: zhconv
[2025-10-02 17:58:06,966.966] INFO     [Thread-4 (runner)|MainProcess] PackageHelper (packhelper.py:ensure:32) | 依赖已满足: pandas
[2025-10-02 17:58:06,967.967] INFO     [Thread-4 (runner)|MainProcess] PackageHelper (packhelper.py:ensure:32) | 依赖已满足: cryptography
[2025-10-02 17:58:06,971.971] INFO     [Thread-4 (runner)|MainProcess] PackageHelper (packhelper.py:ensure:32) | 依赖已满足: torch
[2025-10-02 17:58:06,973.973] INFO     [Thread-4 (runner)|MainProcess] PackageHelper (packhelper.py:ensure:32) | 依赖已满足: numpy
[2025-10-02 17:58:06,974.974] INFO     [Thread-4 (runner)|MainProcess] PackageHelper (packhelper.py:ensure:32) | 依赖已满足: pyyaml
[2025-10-02 17:58:08,036.036] INFO     [Thread-4 (runner)|MainProcess] PluginLoader (loader.py:_import_single:89) | 成功导入插件文件: __init__
[2025-10-02 17:58:08,036.036] INFO     [Thread-4 (runner)|MainProcess] PluginLoader (loader.py:from_class_load_plugins:217) | 加载插件「CS2CaseSimulator」
[2025-10-02 17:58:08,036.036] INFO     [Thread-4 (runner)|MainProcess] PluginLoader (loader.py:from_class_load_plugins:217) | 加载插件「DailyLuck」
[2025-10-02 17:58:08,037.037] INFO     [Thread-4 (runner)|MainProcess] PluginLoader (loader.py:from_class_load_plugins:217) | 加载插件「DailyMusic」
[2025-10-02 17:58:08,037.037] INFO     [Thread-4 (runner)|MainProcess] PluginLoader (loader.py:from_class_load_plugins:217) | 加载插件「DailyWife」
[2025-10-02 17:58:08,037.037] INFO     [Thread-4 (runner)|MainProcess] PluginLoader (loader.py:from_class_load_plugins:217) | 加载插件「GoBang」
[2025-10-02 17:58:08,038.038] INFO     [Thread-4 (runner)|MainProcess] PluginLoader (loader.py:from_class_load_plugins:217) | 加载插件「HistoryDay」
[2025-10-02 17:58:08,038.038] INFO     [Thread-4 (runner)|MainProcess] PluginLoader (loader.py:from_class_load_plugins:217) | 加载插件「Menu」
[2025-10-02 17:58:08,039.039] INFO     [Thread-4 (runner)|MainProcess] PluginLoader (loader.py:from_class_load_plugins:217) | 加载插件「Poem」
[2025-10-02 17:58:08,039.039] INFO     [Thread-4 (runner)|MainProcess] PluginLoader (loader.py:from_class_load_plugins:217) | 加载插件「UUCrawl」
[2025-10-02 17:58:08,039.039] INFO     [Thread-4 (runner)|MainProcess] PluginLoader (loader.py:from_class_load_plugins:217) | 加载插件「UUCrawlMonitor」
[2025-10-02 17:58:08,040.040] INFO     [Thread-4 (runner)|MainProcess] PluginLoader (loader.py:from_class_load_plugins:217) | 加载插件「What2Eat」
[2025-10-02 17:58:08,055.055] INFO     [Thread-4 (runner)|MainProcess] PluginLoader (loader.py:load_plugins:277) | 已加载插件数 [13]
[2025-10-02 17:58:08,057.057] INFO     [MainThread|MainProcess] ncatbot.core.adapter.nc.launch (launch.py:lanuch_napcat_service:104) | 正在以本地模式运行, 检查中...
[2025-10-02 17:58:08,070.070] INFO     [MainThread|MainProcess] ncatbot.core.adapter.nc.launch (launch.py:check_napcat_service_remote:70) | napcat 服务器 ws://localhost:3001 在线, 正在检查账号状态...
[2025-10-02 17:58:08,070.070] WARNING  [MainThread|MainProcess] ncatbot.core.adapter.nc.launch (launch.py:check_napcat_service_remote:72) | 跳过基于 WebUI 交互的检查, 请自行确保 NapCat 已经登录了正确的 QQ 3909177943
[2025-10-02 17:58:08,072.072] INFO     [MainThread|MainProcess] Adapter (adapter.py:connect_websocket:92) | NapCat WebSocket 连接成功
[2025-10-02 17:58:08,072.072] INFO     [Thread-1 (_worker_loop)|MainProcess] Client (client.py:<lambda>:79) | Bot 3909177943 启动成功
[2025-10-02 17:58:35,523.523] INFO     [MainThread|MainProcess] ncatbot.plugin_system (ncatbot_plugin.py:on_close:19) | 插件 SystemManager 卸载成功
[2025-10-02 17:58:35,524.524] INFO     [MainThread|MainProcess] ncatbot.plugin_system (ncatbot_plugin.py:on_close:19) | 插件 UnifiedRegistryPlugin 卸载成功
[2025-10-02 17:58:35,524.524] INFO     [MainThread|MainProcess] ncatbot.plugin_system (ncatbot_plugin.py:on_close:19) | 插件 CS2CaseSimulator 卸载成功
[2025-10-02 17:58:35,524.524] INFO     [MainThread|MainProcess] ncatbot.plugin_system (ncatbot_plugin.py:on_close:19) | 插件 DailyLuck 卸载成功
[2025-10-02 17:58:35,524.524] INFO     [MainThread|MainProcess] ncatbot.plugin_system (ncatbot_plugin.py:on_close:19) | 插件 DailyMusic 卸载成功
[2025-10-02 17:58:35,525.525] INFO     [MainThread|MainProcess] ncatbot.plugin_system (ncatbot_plugin.py:on_close:19) | 插件 DailyWife 卸载成功
[2025-10-02 17:58:35,525.525] INFO     [MainThread|MainProcess] ncatbot.plugin_system (ncatbot_plugin.py:on_close:19) | 插件 GoBang 卸载成功
[2025-10-02 17:58:35,525.525] INFO     [MainThread|MainProcess] ncatbot.plugin_system (ncatbot_plugin.py:on_close:19) | 插件 HistoryDay 卸载成功
[2025-10-02 17:58:35,525.525] INFO     [MainThread|MainProcess] ncatbot.plugin_system (ncatbot_plugin.py:on_close:19) | 插件 Menu 卸载成功
[2025-10-02 17:58:35,525.525] INFO     [MainThread|MainProcess] ncatbot.plugin_system (ncatbot_plugin.py:on_close:19) | 插件 Poem 卸载成功
[2025-10-02 17:58:35,526.526] INFO     [MainThread|MainProcess] ncatbot.plugin_system (ncatbot_plugin.py:on_close:19) | 插件 UUCrawl 卸载成功
[2025-10-02 17:58:35,526.526] INFO     [MainThread|MainProcess] ncatbot.plugin_system (ncatbot_plugin.py:on_close:19) | 插件 UUCrawlMonitor 卸载成功
[2025-10-02 17:58:35,526.526] INFO     [MainThread|MainProcess] ncatbot.plugin_system (ncatbot_plugin.py:on_close:19) | 插件 What2Eat 卸载成功
[2025-10-02 17:58:35,529.529] INFO     [MainThread|MainProcess] Client (client.py:bot_exit:202) | Bot 已经正常退出
[2025-10-02 18:00:23,080.080] DEBUG    [MainThread|MainProcess] logger (logger.py:setup_logging:259) | 日志系统初始化
[2025-10-02 18:00:23,082.082] DEBUG    [MainThread|MainProcess] Config (config.py:load:353) | 从 D:\my_project\QQBot\config.yaml 加载配置
[2025-10-02 18:00:23,083.083] WARNING  [MainThread|MainProcess] Config (config.py:create_from_file:304) | [setting] 未知配置项: bot_id
[2025-10-02 18:00:23,083.083] WARNING  [MainThread|MainProcess] Config (config.py:create_from_file:304) | [setting] 未知配置项: root_id
[2025-10-02 18:00:23,083.083] WARNING  [MainThread|MainProcess] Config (config.py:create_from_file:304) | [setting] 未知配置项: bot_name
[2025-10-02 18:00:23,083.083] WARNING  [MainThread|MainProcess] Config (config.py:create_from_file:304) | [setting] 未知配置项: host
[2025-10-02 18:00:23,083.083] WARNING  [MainThread|MainProcess] Config (config.py:create_from_file:304) | [setting] 未知配置项: user
[2025-10-02 18:00:23,083.083] WARNING  [MainThread|MainProcess] Config (config.py:create_from_file:304) | [setting] 未知配置项: password
[2025-10-02 18:00:23,083.083] WARNING  [MainThread|MainProcess] Config (config.py:create_from_file:304) | [setting] 未知配置项: database
[2025-10-02 18:00:23,083.083] WARNING  [MainThread|MainProcess] Config (config.py:create_from_file:304) | [setting] 未知配置项: gaode_map_key
[2025-10-02 18:00:23,083.083] WARNING  [MainThread|MainProcess] Config (config.py:create_from_file:304) | [setting] 未知配置项: crawl_interval
[2025-10-02 18:00:23,142.142] INFO     [MainThread|MainProcess] Config (config.py:validate_config:339) | [BOTQQ]: 3909177943 | [WSURI]: ws://localhost:3001 | [WS_TOKEN]: NcatBot | [ROOT]: 1633360356 | [WEBUI]: http://localhost:6099 | [WEBUI_TOKEN]: 123NcatBot321!@
[2025-10-02 18:00:23,189.189] INFO     [Thread-4 (runner)|MainProcess] PluginLoader (loader.py:load_builtin_plugins:251) | 已加载内置插件数 [2]
[2025-10-02 18:00:23,189.189] INFO     [Thread-4 (runner)|MainProcess] PluginLoader (loader.py:load_plugins:265) | 从 D:\my_project\QQBot\plugins 导入插件
[2025-10-02 18:00:23,194.194] INFO     [Thread-4 (runner)|MainProcess] PackageHelper (packhelper.py:ensure:32) | 依赖已满足: PyMySQL
[2025-10-02 18:00:23,195.195] INFO     [Thread-4 (runner)|MainProcess] PackageHelper (packhelper.py:ensure:32) | 依赖已满足: pyyaml
[2025-10-02 18:00:23,195.195] INFO     [Thread-4 (runner)|MainProcess] PackageHelper (packhelper.py:ensure:32) | 依赖已满足: requests
[2025-10-02 18:00:23,279.279] INFO     [Thread-4 (runner)|MainProcess] PackageHelper (packhelper.py:ensure:32) | 依赖已满足: PyMySQL
[2025-10-02 18:00:23,466.466] INFO     [Thread-4 (runner)|MainProcess] PackageHelper (packhelper.py:ensure:32) | 依赖已满足: requests
[2025-10-02 18:00:23,467.467] INFO     [Thread-4 (runner)|MainProcess] PackageHelper (packhelper.py:ensure:32) | 依赖已满足: bs4
[2025-10-02 18:00:23,468.468] INFO     [Thread-4 (runner)|MainProcess] PackageHelper (packhelper.py:ensure:32) | 依赖已满足: zhconv
[2025-10-02 18:00:23,468.468] INFO     [Thread-4 (runner)|MainProcess] PackageHelper (packhelper.py:ensure:32) | 依赖已满足: pandas
[2025-10-02 18:00:23,469.469] INFO     [Thread-4 (runner)|MainProcess] PackageHelper (packhelper.py:ensure:32) | 依赖已满足: cryptography
[2025-10-02 18:00:23,473.473] INFO     [Thread-4 (runner)|MainProcess] PackageHelper (packhelper.py:ensure:32) | 依赖已满足: torch
[2025-10-02 18:00:23,475.475] INFO     [Thread-4 (runner)|MainProcess] PackageHelper (packhelper.py:ensure:32) | 依赖已满足: numpy
[2025-10-02 18:00:23,476.476] INFO     [Thread-4 (runner)|MainProcess] PackageHelper (packhelper.py:ensure:32) | 依赖已满足: pyyaml
[2025-10-02 18:00:24,489.489] INFO     [Thread-4 (runner)|MainProcess] PluginLoader (loader.py:_import_single:89) | 成功导入插件文件: __init__
[2025-10-02 18:00:24,489.489] INFO     [Thread-4 (runner)|MainProcess] PluginLoader (loader.py:from_class_load_plugins:217) | 加载插件「CS2CaseSimulator」
[2025-10-02 18:00:24,489.489] INFO     [Thread-4 (runner)|MainProcess] PluginLoader (loader.py:from_class_load_plugins:217) | 加载插件「DailyLuck」
[2025-10-02 18:00:24,490.490] INFO     [Thread-4 (runner)|MainProcess] PluginLoader (loader.py:from_class_load_plugins:217) | 加载插件「DailyMusic」
[2025-10-02 18:00:24,490.490] INFO     [Thread-4 (runner)|MainProcess] PluginLoader (loader.py:from_class_load_plugins:217) | 加载插件「DailyWife」
[2025-10-02 18:00:24,490.490] INFO     [Thread-4 (runner)|MainProcess] PluginLoader (loader.py:from_class_load_plugins:217) | 加载插件「GoBang」
[2025-10-02 18:00:24,491.491] INFO     [Thread-4 (runner)|MainProcess] PluginLoader (loader.py:from_class_load_plugins:217) | 加载插件「HistoryDay」
[2025-10-02 18:00:24,491.491] INFO     [Thread-4 (runner)|MainProcess] PluginLoader (loader.py:from_class_load_plugins:217) | 加载插件「Menu」
[2025-10-02 18:00:24,491.491] INFO     [Thread-4 (runner)|MainProcess] PluginLoader (loader.py:from_class_load_plugins:217) | 加载插件「Poem」
[2025-10-02 18:00:24,492.492] INFO     [Thread-4 (runner)|MainProcess] PluginLoader (loader.py:from_class_load_plugins:217) | 加载插件「UUCrawl」
[2025-10-02 18:00:24,492.492] INFO     [Thread-4 (runner)|MainProcess] PluginLoader (loader.py:from_class_load_plugins:217) | 加载插件「UUCrawlMonitor」
[2025-10-02 18:00:24,492.492] INFO     [Thread-4 (runner)|MainProcess] PluginLoader (loader.py:from_class_load_plugins:217) | 加载插件「What2Eat」
[2025-10-02 18:00:24,509.509] INFO     [Thread-4 (runner)|MainProcess] PluginLoader (loader.py:load_plugins:277) | 已加载插件数 [13]
[2025-10-02 18:00:24,510.510] INFO     [MainThread|MainProcess] ncatbot.core.adapter.nc.launch (launch.py:lanuch_napcat_service:104) | 正在以本地模式运行, 检查中...
[2025-10-02 18:00:24,524.524] INFO     [MainThread|MainProcess] ncatbot.core.adapter.nc.launch (launch.py:check_napcat_service_remote:70) | napcat 服务器 ws://localhost:3001 在线, 正在检查账号状态...
[2025-10-02 18:00:24,524.524] WARNING  [MainThread|MainProcess] ncatbot.core.adapter.nc.launch (launch.py:check_napcat_service_remote:72) | 跳过基于 WebUI 交互的检查, 请自行确保 NapCat 已经登录了正确的 QQ 3909177943
[2025-10-02 18:00:24,526.526] INFO     [MainThread|MainProcess] Adapter (adapter.py:connect_websocket:92) | NapCat WebSocket 连接成功
[2025-10-02 18:00:24,526.526] INFO     [Thread-1 (_worker_loop)|MainProcess] Client (client.py:<lambda>:79) | Bot 3909177943 启动成功
[2025-10-02 18:01:22,059.059] DEBUG    [MainThread|MainProcess] logger (logger.py:setup_logging:259) | 日志系统初始化
[2025-10-02 18:01:22,061.061] DEBUG    [MainThread|MainProcess] Config (config.py:load:353) | 从 D:\my_project\QQBot\config.yaml 加载配置
[2025-10-02 18:01:22,062.062] WARNING  [MainThread|MainProcess] Config (config.py:create_from_file:304) | [setting] 未知配置项: bot_id
[2025-10-02 18:01:22,062.062] WARNING  [MainThread|MainProcess] Config (config.py:create_from_file:304) | [setting] 未知配置项: root_id
[2025-10-02 18:01:22,062.062] WARNING  [MainThread|MainProcess] Config (config.py:create_from_file:304) | [setting] 未知配置项: bot_name
[2025-10-02 18:01:22,062.062] WARNING  [MainThread|MainProcess] Config (config.py:create_from_file:304) | [setting] 未知配置项: host
[2025-10-02 18:01:22,062.062] WARNING  [MainThread|MainProcess] Config (config.py:create_from_file:304) | [setting] 未知配置项: user
[2025-10-02 18:01:22,062.062] WARNING  [MainThread|MainProcess] Config (config.py:create_from_file:304) | [setting] 未知配置项: password
[2025-10-02 18:01:22,062.062] WARNING  [MainThread|MainProcess] Config (config.py:create_from_file:304) | [setting] 未知配置项: database
[2025-10-02 18:01:22,062.062] WARNING  [MainThread|MainProcess] Config (config.py:create_from_file:304) | [setting] 未知配置项: gaode_map_key
[2025-10-02 18:01:22,062.062] WARNING  [MainThread|MainProcess] Config (config.py:create_from_file:304) | [setting] 未知配置项: crawl_interval
[2025-10-02 18:01:22,125.125] INFO     [MainThread|MainProcess] Config (config.py:validate_config:339) | [BOTQQ]: 3909177943 | [WSURI]: ws://localhost:3001 | [WS_TOKEN]: NcatBot | [ROOT]: 1633360356 | [WEBUI]: http://localhost:6099 | [WEBUI_TOKEN]: 123NcatBot321!@
[2025-10-02 18:01:22,171.171] INFO     [Thread-4 (runner)|MainProcess] PluginLoader (loader.py:load_builtin_plugins:251) | 已加载内置插件数 [2]
[2025-10-02 18:01:22,172.172] INFO     [Thread-4 (runner)|MainProcess] PluginLoader (loader.py:load_plugins:265) | 从 D:\my_project\QQBot\plugins 导入插件
[2025-10-02 18:01:22,177.177] INFO     [Thread-4 (runner)|MainProcess] PackageHelper (packhelper.py:ensure:32) | 依赖已满足: PyMySQL
[2025-10-02 18:01:22,177.177] INFO     [Thread-4 (runner)|MainProcess] PackageHelper (packhelper.py:ensure:32) | 依赖已满足: pyyaml
[2025-10-02 18:01:22,178.178] INFO     [Thread-4 (runner)|MainProcess] PackageHelper (packhelper.py:ensure:32) | 依赖已满足: requests
[2025-10-02 18:01:22,265.265] INFO     [Thread-4 (runner)|MainProcess] PackageHelper (packhelper.py:ensure:32) | 依赖已满足: PyMySQL
[2025-10-02 18:01:22,449.449] INFO     [Thread-4 (runner)|MainProcess] PackageHelper (packhelper.py:ensure:32) | 依赖已满足: requests
[2025-10-02 18:01:22,450.450] INFO     [Thread-4 (runner)|MainProcess] PackageHelper (packhelper.py:ensure:32) | 依赖已满足: bs4
[2025-10-02 18:01:22,450.450] INFO     [Thread-4 (runner)|MainProcess] PackageHelper (packhelper.py:ensure:32) | 依赖已满足: zhconv
[2025-10-02 18:01:22,451.451] INFO     [Thread-4 (runner)|MainProcess] PackageHelper (packhelper.py:ensure:32) | 依赖已满足: pandas
[2025-10-02 18:01:22,452.452] INFO     [Thread-4 (runner)|MainProcess] PackageHelper (packhelper.py:ensure:32) | 依赖已满足: cryptography
[2025-10-02 18:01:22,456.456] INFO     [Thread-4 (runner)|MainProcess] PackageHelper (packhelper.py:ensure:32) | 依赖已满足: torch
[2025-10-02 18:01:22,458.458] INFO     [Thread-4 (runner)|MainProcess] PackageHelper (packhelper.py:ensure:32) | 依赖已满足: numpy
[2025-10-02 18:01:22,459.459] INFO     [Thread-4 (runner)|MainProcess] PackageHelper (packhelper.py:ensure:32) | 依赖已满足: pyyaml
[2025-10-02 18:01:23,505.505] INFO     [Thread-4 (runner)|MainProcess] PluginLoader (loader.py:_import_single:89) | 成功导入插件文件: __init__
[2025-10-02 18:01:23,505.505] INFO     [Thread-4 (runner)|MainProcess] PluginLoader (loader.py:from_class_load_plugins:217) | 加载插件「CS2CaseSimulator」
[2025-10-02 18:01:23,505.505] INFO     [Thread-4 (runner)|MainProcess] PluginLoader (loader.py:from_class_load_plugins:217) | 加载插件「DailyLuck」
[2025-10-02 18:01:23,506.506] INFO     [Thread-4 (runner)|MainProcess] PluginLoader (loader.py:from_class_load_plugins:217) | 加载插件「DailyMusic」
[2025-10-02 18:01:23,506.506] INFO     [Thread-4 (runner)|MainProcess] PluginLoader (loader.py:from_class_load_plugins:217) | 加载插件「DailyWife」
[2025-10-02 18:01:23,507.507] INFO     [Thread-4 (runner)|MainProcess] PluginLoader (loader.py:from_class_load_plugins:217) | 加载插件「GoBang」
[2025-10-02 18:01:23,507.507] INFO     [Thread-4 (runner)|MainProcess] PluginLoader (loader.py:from_class_load_plugins:217) | 加载插件「HistoryDay」
[2025-10-02 18:01:23,507.507] INFO     [Thread-4 (runner)|MainProcess] PluginLoader (loader.py:from_class_load_plugins:217) | 加载插件「Menu」
[2025-10-02 18:01:23,508.508] INFO     [Thread-4 (runner)|MainProcess] PluginLoader (loader.py:from_class_load_plugins:217) | 加载插件「Poem」
[2025-10-02 18:01:23,508.508] INFO     [Thread-4 (runner)|MainProcess] PluginLoader (loader.py:from_class_load_plugins:217) | 加载插件「UUCrawl」
[2025-10-02 18:01:23,508.508] INFO     [Thread-4 (runner)|MainProcess] PluginLoader (loader.py:from_class_load_plugins:217) | 加载插件「UUCrawlMonitor」
[2025-10-02 18:01:23,509.509] INFO     [Thread-4 (runner)|MainProcess] PluginLoader (loader.py:from_class_load_plugins:217) | 加载插件「What2Eat」
[2025-10-02 18:01:23,525.525] INFO     [Thread-4 (runner)|MainProcess] PluginLoader (loader.py:load_plugins:277) | 已加载插件数 [13]
[2025-10-02 18:01:23,527.527] INFO     [MainThread|MainProcess] ncatbot.core.adapter.nc.launch (launch.py:lanuch_napcat_service:104) | 正在以本地模式运行, 检查中...
[2025-10-02 18:01:23,540.540] INFO     [MainThread|MainProcess] ncatbot.core.adapter.nc.launch (launch.py:check_napcat_service_remote:70) | napcat 服务器 ws://localhost:3001 在线, 正在检查账号状态...
[2025-10-02 18:01:23,540.540] WARNING  [MainThread|MainProcess] ncatbot.core.adapter.nc.launch (launch.py:check_napcat_service_remote:72) | 跳过基于 WebUI 交互的检查, 请自行确保 NapCat 已经登录了正确的 QQ 3909177943
[2025-10-02 18:01:23,542.542] INFO     [MainThread|MainProcess] Adapter (adapter.py:connect_websocket:92) | NapCat WebSocket 连接成功
[2025-10-02 18:01:23,542.542] INFO     [Thread-1 (_worker_loop)|MainProcess] Client (client.py:<lambda>:79) | Bot 3909177943 启动成功
[2025-10-02 18:03:00,925.925] DEBUG    [MainThread|MainProcess] logger (logger.py:setup_logging:259) | 日志系统初始化
[2025-10-02 18:03:00,927.927] DEBUG    [MainThread|MainProcess] Config (config.py:load:353) | 从 D:\my_project\QQBot\config.yaml 加载配置
[2025-10-02 18:03:00,928.928] WARNING  [MainThread|MainProcess] Config (config.py:create_from_file:304) | [setting] 未知配置项: bot_id
[2025-10-02 18:03:00,928.928] WARNING  [MainThread|MainProcess] Config (config.py:create_from_file:304) | [setting] 未知配置项: root_id
[2025-10-02 18:03:00,928.928] WARNING  [MainThread|MainProcess] Config (config.py:create_from_file:304) | [setting] 未知配置项: bot_name
[2025-10-02 18:03:00,928.928] WARNING  [MainThread|MainProcess] Config (config.py:create_from_file:304) | [setting] 未知配置项: host
[2025-10-02 18:03:00,928.928] WARNING  [MainThread|MainProcess] Config (config.py:create_from_file:304) | [setting] 未知配置项: user
[2025-10-02 18:03:00,928.928] WARNING  [MainThread|MainProcess] Config (config.py:create_from_file:304) | [setting] 未知配置项: password
[2025-10-02 18:03:00,928.928] WARNING  [MainThread|MainProcess] Config (config.py:create_from_file:304) | [setting] 未知配置项: database
[2025-10-02 18:03:00,928.928] WARNING  [MainThread|MainProcess] Config (config.py:create_from_file:304) | [setting] 未知配置项: gaode_map_key
[2025-10-02 18:03:00,928.928] WARNING  [MainThread|MainProcess] Config (config.py:create_from_file:304) | [setting] 未知配置项: crawl_interval
[2025-10-02 18:03:00,991.991] INFO     [MainThread|MainProcess] Config (config.py:validate_config:339) | [BOTQQ]: 3909177943 | [WSURI]: ws://localhost:3001 | [WS_TOKEN]: NcatBot | [ROOT]: 1633360356 | [WEBUI]: http://localhost:6099 | [WEBUI_TOKEN]: 123NcatBot321!@
[2025-10-02 18:03:01,041.041] INFO     [Thread-4 (runner)|MainProcess] PluginLoader (loader.py:load_builtin_plugins:251) | 已加载内置插件数 [2]
[2025-10-02 18:03:01,041.041] INFO     [Thread-4 (runner)|MainProcess] PluginLoader (loader.py:load_plugins:265) | 从 D:\my_project\QQBot\plugins 导入插件
[2025-10-02 18:03:01,046.046] INFO     [Thread-4 (runner)|MainProcess] PackageHelper (packhelper.py:ensure:32) | 依赖已满足: PyMySQL
[2025-10-02 18:03:01,047.047] INFO     [Thread-4 (runner)|MainProcess] PackageHelper (packhelper.py:ensure:32) | 依赖已满足: pyyaml
[2025-10-02 18:03:01,047.047] INFO     [Thread-4 (runner)|MainProcess] PackageHelper (packhelper.py:ensure:32) | 依赖已满足: requests
[2025-10-02 18:03:01,139.139] INFO     [Thread-4 (runner)|MainProcess] PackageHelper (packhelper.py:ensure:32) | 依赖已满足: PyMySQL
[2025-10-02 18:03:01,343.343] INFO     [Thread-4 (runner)|MainProcess] PackageHelper (packhelper.py:ensure:32) | 依赖已满足: requests
[2025-10-02 18:03:01,343.343] INFO     [Thread-4 (runner)|MainProcess] PackageHelper (packhelper.py:ensure:32) | 依赖已满足: bs4
[2025-10-02 18:03:01,344.344] INFO     [Thread-4 (runner)|MainProcess] PackageHelper (packhelper.py:ensure:32) | 依赖已满足: zhconv
[2025-10-02 18:03:01,345.345] INFO     [Thread-4 (runner)|MainProcess] PackageHelper (packhelper.py:ensure:32) | 依赖已满足: pandas
[2025-10-02 18:03:01,345.345] INFO     [Thread-4 (runner)|MainProcess] PackageHelper (packhelper.py:ensure:32) | 依赖已满足: cryptography
[2025-10-02 18:03:01,350.350] INFO     [Thread-4 (runner)|MainProcess] PackageHelper (packhelper.py:ensure:32) | 依赖已满足: torch
[2025-10-02 18:03:01,353.353] INFO     [Thread-4 (runner)|MainProcess] PackageHelper (packhelper.py:ensure:32) | 依赖已满足: numpy
[2025-10-02 18:03:01,353.353] INFO     [Thread-4 (runner)|MainProcess] PackageHelper (packhelper.py:ensure:32) | 依赖已满足: pyyaml
[2025-10-02 18:03:02,519.519] INFO     [Thread-4 (runner)|MainProcess] PluginLoader (loader.py:_import_single:89) | 成功导入插件文件: __init__
[2025-10-02 18:03:02,519.519] INFO     [Thread-4 (runner)|MainProcess] PluginLoader (loader.py:from_class_load_plugins:217) | 加载插件「CS2CaseSimulator」
[2025-10-02 18:03:02,519.519] INFO     [Thread-4 (runner)|MainProcess] PluginLoader (loader.py:from_class_load_plugins:217) | 加载插件「DailyLuck」
[2025-10-02 18:03:02,520.520] INFO     [Thread-4 (runner)|MainProcess] PluginLoader (loader.py:from_class_load_plugins:217) | 加载插件「DailyMusic」
[2025-10-02 18:03:02,520.520] INFO     [Thread-4 (runner)|MainProcess] PluginLoader (loader.py:from_class_load_plugins:217) | 加载插件「DailyWife」
[2025-10-02 18:03:02,521.521] INFO     [Thread-4 (runner)|MainProcess] PluginLoader (loader.py:from_class_load_plugins:217) | 加载插件「GoBang」
[2025-10-02 18:03:02,521.521] INFO     [Thread-4 (runner)|MainProcess] PluginLoader (loader.py:from_class_load_plugins:217) | 加载插件「HistoryDay」
[2025-10-02 18:03:02,521.521] INFO     [Thread-4 (runner)|MainProcess] PluginLoader (loader.py:from_class_load_plugins:217) | 加载插件「Menu」
[2025-10-02 18:03:02,522.522] INFO     [Thread-4 (runner)|MainProcess] PluginLoader (loader.py:from_class_load_plugins:217) | 加载插件「Poem」
[2025-10-02 18:03:02,522.522] INFO     [Thread-4 (runner)|MainProcess] PluginLoader (loader.py:from_class_load_plugins:217) | 加载插件「UUCrawl」
[2025-10-02 18:03:02,522.522] INFO     [Thread-4 (runner)|MainProcess] PluginLoader (loader.py:from_class_load_plugins:217) | 加载插件「UUCrawlMonitor」
[2025-10-02 18:03:02,523.523] INFO     [Thread-4 (runner)|MainProcess] PluginLoader (loader.py:from_class_load_plugins:217) | 加载插件「What2Eat」
[2025-10-02 18:03:02,540.540] INFO     [Thread-4 (runner)|MainProcess] PluginLoader (loader.py:load_plugins:277) | 已加载插件数 [13]
[2025-10-02 18:03:02,541.541] INFO     [MainThread|MainProcess] ncatbot.core.adapter.nc.launch (launch.py:lanuch_napcat_service:104) | 正在以本地模式运行, 检查中...
[2025-10-02 18:03:02,554.554] INFO     [MainThread|MainProcess] ncatbot.core.adapter.nc.launch (launch.py:check_napcat_service_remote:70) | napcat 服务器 ws://localhost:3001 在线, 正在检查账号状态...
[2025-10-02 18:03:02,554.554] WARNING  [MainThread|MainProcess] ncatbot.core.adapter.nc.launch (launch.py:check_napcat_service_remote:72) | 跳过基于 WebUI 交互的检查, 请自行确保 NapCat 已经登录了正确的 QQ 3909177943
[2025-10-02 18:03:02,556.556] INFO     [MainThread|MainProcess] Adapter (adapter.py:connect_websocket:92) | NapCat WebSocket 连接成功
[2025-10-02 18:03:02,556.556] INFO     [Thread-1 (_worker_loop)|MainProcess] Client (client.py:<lambda>:79) | Bot 3909177943 启动成功
[2025-10-02 18:03:48,246.246] ERROR    [Thread-111 (runner)|MainProcess] FunctionMixin (func_mixin.py:wrapped_handler:186) | 插件 GoBang 功能 StartGame 执行失败: 'NoneType' object has no attribute 'status'
Traceback (most recent call last):
  File "D:\my_project\QQBot\.venv\Lib\site-packages\ncatbot\plugin_system\builtin_mixin\func_mixin.py", line 181, in wrapped_handler
    return await current_handler(data)
           ^^^^^^^^^^^^^^^^^^^^^^^^^^^
  File "D:\my_project\QQBot\plugins\Gobang\main.py", line 76, in start_game
    if self.game.status != Status.PENDING:
       ^^^^^^^^^^^^^^^^
AttributeError: 'NoneType' object has no attribute 'status'
[2025-10-02 18:05:08,772.772] ERROR    [Thread-120 (runner)|MainProcess] FunctionMixin (func_mixin.py:wrapped_handler:186) | 插件 DailyLuck 功能 DailyLuck 执行失败: Cannot choose from an empty sequence
Traceback (most recent call last):
  File "D:\my_project\QQBot\.venv\Lib\site-packages\ncatbot\plugin_system\builtin_mixin\func_mixin.py", line 181, in wrapped_handler
    return await current_handler(data)
           ^^^^^^^^^^^^^^^^^^^^^^^^^^^
  File "D:\my_project\QQBot\plugins\DailyLuck\main.py", line 70, in daily_luck
    result = self.get_description(qq_number, today, "False")
  File "D:\my_project\QQBot\plugins\DailyLuck\main.py", line 107, in get_description
    result = random.choice(luck_list)
  File "C:\Users\yx163\AppData\Local\Programs\Python\Python313\Lib\random.py", line 351, in choice
    raise IndexError('Cannot choose from an empty sequence')
IndexError: Cannot choose from an empty sequence
